ISO-10303-21;
HEADER;
FILE_DESCRIPTION(('KiCad electronic assembly'),'2;1');
FILE_NAME('pcb-power.step','2026-02-17T19:35:35',('Pcbnew'),('Kicad'),
  'Open CASCADE STEP processor 7.9','KiCad to STEP converter','Unknown'
  );
FILE_SCHEMA(('AUTOMOTIVE_DESIGN { 1 0 10303 214 1 1 1 1 }'));
ENDSEC;
DATA;
#1 = APPLICATION_PROTOCOL_DEFINITION('international standard',
  'automotive_design',2000,#2);
#2 = APPLICATION_CONTEXT(
  'core data for automotive mechanical design processes');
#3 = SHAPE_DEFINITION_REPRESENTATION(#4,#10);
#4 = PRODUCT_DEFINITION_SHAPE('','',#5);
#5 = PRODUCT_DEFINITION('design','',#6,#9);
#6 = PRODUCT_DEFINITION_FORMATION('','',#7);
#7 = PRODUCT('pcb-power 1','pcb-power 1','',(#8));
#8 = PRODUCT_CONTEXT('',#2,'mechanical');
#9 = PRODUCT_DEFINITION_CONTEXT('part definition',#2,'design');
#10 = SHAPE_REPRESENTATION('',(#11,#15,#19,#23,#27,#31,#35,#39,#43,#47,
    #51,#55,#59,#63,#67),#71);
#11 = AXIS2_PLACEMENT_3D('',#12,#13,#14);
#12 = CARTESIAN_POINT('',(0.,0.,0.));
#13 = DIRECTION('',(0.,0.,1.));
#14 = DIRECTION('',(1.,0.,-0.));
#15 = AXIS2_PLACEMENT_3D('',#16,#17,#18);
#16 = CARTESIAN_POINT('',(140.58,-105.5,1.595));
#17 = DIRECTION('',(0.,0.,1.));
#18 = DIRECTION('',(-1.,1.224646799147E-16,0.));
#19 = AXIS2_PLACEMENT_3D('',#20,#21,#22);
#20 = CARTESIAN_POINT('',(126.58,-108.,1.595));
#21 = DIRECTION('',(0.,0.,1.));
#22 = DIRECTION('',(-1.,1.224646799147E-16,0.));
#23 = AXIS2_PLACEMENT_3D('',#24,#25,#26);
#24 = CARTESIAN_POINT('',(143.5,-98.08,1.595));
#25 = DIRECTION('',(0.,-0.,1.));
#26 = DIRECTION('',(1.110223024625E-16,1.,0.));
#27 = AXIS2_PLACEMENT_3D('',#28,#29,#30);
#28 = CARTESIAN_POINT('',(111.955113,-76.,1.595));
#29 = DIRECTION('',(0.,0.,1.));
#30 = DIRECTION('',(-1.,1.224646799147E-16,0.));
#31 = AXIS2_PLACEMENT_3D('',#32,#33,#34);
#32 = CARTESIAN_POINT('',(114.,-99.66,1.595));
#33 = DIRECTION('',(0.,-0.,1.));
#34 = DIRECTION('',(1.110223024625E-16,1.,0.));
#35 = AXIS2_PLACEMENT_3D('',#36,#37,#38);
#36 = CARTESIAN_POINT('',(135.,-100.58,1.595));
#37 = DIRECTION('',(0.,-0.,1.));
#38 = DIRECTION('',(1.110223024625E-16,1.,0.));
#39 = AXIS2_PLACEMENT_3D('',#40,#41,#42);
#40 = CARTESIAN_POINT('',(126.58,-104.,1.595));
#41 = DIRECTION('',(0.,0.,1.));
#42 = DIRECTION('',(-1.,1.224646799147E-16,0.));
#43 = AXIS2_PLACEMENT_3D('',#44,#45,#46);
#44 = CARTESIAN_POINT('',(147.,-100.58,1.595));
#45 = DIRECTION('',(0.,-0.,1.));
#46 = DIRECTION('',(1.110223024625E-16,1.,0.));
#47 = AXIS2_PLACEMENT_3D('',#48,#49,#50);
#48 = CARTESIAN_POINT('',(140.,-80.4,1.595));
#49 = DIRECTION('',(0.,0.,1.));
#50 = DIRECTION('',(1.,0.,0.));
#51 = AXIS2_PLACEMENT_3D('',#52,#53,#54);
#52 = CARTESIAN_POINT('',(107.5,-99.84,-8.5E-02));
#53 = DIRECTION('',(-1.224646799147E-16,-1.359631073447E-32,-1.));
#54 = DIRECTION('',(1.110223024625E-16,-1.,0.));
#55 = AXIS2_PLACEMENT_3D('',#56,#57,#58);
#56 = CARTESIAN_POINT('',(116.54,-65.5,-8.5E-02));
#57 = DIRECTION('',(0.,-1.224646799147E-16,-1.));
#58 = DIRECTION('',(1.,0.,0.));
#59 = AXIS2_PLACEMENT_3D('',#60,#61,#62);
#60 = CARTESIAN_POINT('',(100.5625,-88.55,-8.5E-02));
#61 = DIRECTION('',(1.499759782662E-32,1.224646799147E-16,-1.));
#62 = DIRECTION('',(-1.,1.224646799147E-16,0.));
#63 = AXIS2_PLACEMENT_3D('',#64,#65,#66);
#64 = CARTESIAN_POINT('',(135.54,-65.72,-8.5E-02));
#65 = DIRECTION('',(0.,-1.224646799147E-16,-1.));
#66 = DIRECTION('',(1.,0.,0.));
#67 = AXIS2_PLACEMENT_3D('',#68,#69,#70);
#68 = CARTESIAN_POINT('',(0.,0.,0.));
#69 = DIRECTION('',(0.,0.,1.));
#70 = DIRECTION('',(1.,0.,-0.));
#71 = ( GEOMETRIC_REPRESENTATION_CONTEXT(3) 
GLOBAL_UNCERTAINTY_ASSIGNED_CONTEXT((#75)) GLOBAL_UNIT_ASSIGNED_CONTEXT(
(#72,#73,#74)) REPRESENTATION_CONTEXT('Context #1',
  '3D Context with UNIT and UNCERTAINTY') );
#72 = ( LENGTH_UNIT() NAMED_UNIT(*) SI_UNIT(.MILLI.,.METRE.) );
#73 = ( NAMED_UNIT(*) PLANE_ANGLE_UNIT() SI_UNIT($,.RADIAN.) );
#74 = ( NAMED_UNIT(*) SI_UNIT($,.STERADIAN.) SOLID_ANGLE_UNIT() );
#75 = UNCERTAINTY_MEASURE_WITH_UNIT(LENGTH_MEASURE(2.E-07),#72,
  'distance_accuracy_value','confusion accuracy');
#76 = PRODUCT_RELATED_PRODUCT_CATEGORY('part',$,(#7));
#77 = SHAPE_DEFINITION_REPRESENTATION(#78,#84);
#78 = PRODUCT_DEFINITION_SHAPE('','',#79);
#79 = PRODUCT_DEFINITION('design','',#80,#83);
#80 = PRODUCT_DEFINITION_FORMATION('','',#81);
#81 = PRODUCT('R_Axial_DIN0207_L6.3mm_D2.5mm_P10.16mm_Horizontal',
  'R_Axial_DIN0207_L6.3mm_D2.5mm_P10.16mm_Horizontal','',(#82));
#82 = PRODUCT_CONTEXT('',#2,'mechanical');
#83 = PRODUCT_DEFINITION_CONTEXT('part definition',#2,'design');
#84 = ADVANCED_BREP_SHAPE_REPRESENTATION('',(#11,#85),#472);
#85 = MANIFOLD_SOLID_BREP('',#86);
#86 = CLOSED_SHELL('',(#87,#120,#146,#166,#186,#211,#236,#256,#282,#307,
    #332,#358,#367,#387,#412,#438,#463));
#87 = ADVANCED_FACE('',(#88),#115,.T.);
#88 = FACE_BOUND('',#89,.T.);
#89 = EDGE_LOOP('',(#90,#99,#107,#114));
#90 = ORIENTED_EDGE('',*,*,#91,.T.);
#91 = EDGE_CURVE('',#92,#92,#94,.T.);
#92 = VERTEX_POINT('',#93);
#93 = CARTESIAN_POINT('',(2.555,1.25,1.25));
#94 = CIRCLE('',#95,1.25);
#95 = AXIS2_PLACEMENT_3D('',#96,#97,#98);
#96 = CARTESIAN_POINT('',(2.555,0.,1.25));
#97 = DIRECTION('',(1.,0.,0.));
#98 = DIRECTION('',(-0.,1.,0.));
#99 = ORIENTED_EDGE('',*,*,#100,.T.);
#100 = EDGE_CURVE('',#92,#101,#103,.T.);
#101 = VERTEX_POINT('',#102);
#102 = CARTESIAN_POINT('',(3.505,1.25,1.25));
#103 = LINE('',#104,#105);
#104 = CARTESIAN_POINT('',(1.93,1.25,1.25));
#105 = VECTOR('',#106,1.);
#106 = DIRECTION('',(1.,0.,0.));
#107 = ORIENTED_EDGE('',*,*,#108,.F.);
#108 = EDGE_CURVE('',#101,#101,#109,.T.);
#109 = CIRCLE('',#110,1.25);
#110 = AXIS2_PLACEMENT_3D('',#111,#112,#113);
#111 = CARTESIAN_POINT('',(3.505,0.,1.25));
#112 = DIRECTION('',(1.,0.,0.));
#113 = DIRECTION('',(-0.,1.,0.));
#114 = ORIENTED_EDGE('',*,*,#100,.F.);
#115 = CYLINDRICAL_SURFACE('',#116,1.25);
#116 = AXIS2_PLACEMENT_3D('',#117,#118,#119);
#117 = CARTESIAN_POINT('',(1.93,0.,1.25));
#118 = DIRECTION('',(-1.,-0.,-0.));
#119 = DIRECTION('',(0.,1.,0.));
#120 = ADVANCED_FACE('',(#121),#141,.T.);
#121 = FACE_BOUND('',#122,.T.);
#122 = EDGE_LOOP('',(#123,#132,#139,#140));
#123 = ORIENTED_EDGE('',*,*,#124,.T.);
#124 = EDGE_CURVE('',#125,#125,#127,.T.);
#125 = VERTEX_POINT('',#126);
#126 = CARTESIAN_POINT('',(1.93,0.625,1.25));
#127 = CIRCLE('',#128,0.625);
#128 = AXIS2_PLACEMENT_3D('',#129,#130,#131);
#129 = CARTESIAN_POINT('',(1.93,0.,1.25));
#130 = DIRECTION('',(1.,0.,0.));
#131 = DIRECTION('',(-0.,1.,0.));
#132 = ORIENTED_EDGE('',*,*,#133,.F.);
#133 = EDGE_CURVE('',#92,#125,#134,.T.);
#134 = CIRCLE('',#135,0.625);
#135 = AXIS2_PLACEMENT_3D('',#136,#137,#138);
#136 = CARTESIAN_POINT('',(2.555,0.625,1.25));
#137 = DIRECTION('',(0.,-0.,1.));
#138 = DIRECTION('',(0.,1.,0.));
#139 = ORIENTED_EDGE('',*,*,#91,.F.);
#140 = ORIENTED_EDGE('',*,*,#133,.T.);
#141 = TOROIDAL_SURFACE('',#142,0.625,0.625);
#142 = AXIS2_PLACEMENT_3D('',#143,#144,#145);
#143 = CARTESIAN_POINT('',(2.555,0.,1.25));
#144 = DIRECTION('',(-1.,0.,0.));
#145 = DIRECTION('',(0.,1.,0.));
#146 = ADVANCED_FACE('',(#147,#150),#161,.F.);
#147 = FACE_BOUND('',#148,.F.);
#148 = EDGE_LOOP('',(#149));
#149 = ORIENTED_EDGE('',*,*,#108,.F.);
#150 = FACE_BOUND('',#151,.F.);
#151 = EDGE_LOOP('',(#152));
#152 = ORIENTED_EDGE('',*,*,#153,.F.);
#153 = EDGE_CURVE('',#154,#154,#156,.T.);
#154 = VERTEX_POINT('',#155);
#155 = CARTESIAN_POINT('',(3.505,1.125,1.25));
#156 = CIRCLE('',#157,1.125);
#157 = AXIS2_PLACEMENT_3D('',#158,#159,#160);
#158 = CARTESIAN_POINT('',(3.505,0.,1.25));
#159 = DIRECTION('',(-1.,0.,0.));
#160 = DIRECTION('',(0.,1.,0.));
#161 = PLANE('',#162);
#162 = AXIS2_PLACEMENT_3D('',#163,#164,#165);
#163 = CARTESIAN_POINT('',(3.505,1.25,1.25));
#164 = DIRECTION('',(-1.,0.,0.));
#165 = DIRECTION('',(0.,0.,-1.));
#166 = ADVANCED_FACE('',(#167,#170),#181,.T.);
#167 = FACE_BOUND('',#168,.T.);
#168 = EDGE_LOOP('',(#169));
#169 = ORIENTED_EDGE('',*,*,#124,.F.);
#170 = FACE_BOUND('',#171,.T.);
#171 = EDGE_LOOP('',(#172));
#172 = ORIENTED_EDGE('',*,*,#173,.T.);
#173 = EDGE_CURVE('',#174,#174,#176,.T.);
#174 = VERTEX_POINT('',#175);
#175 = CARTESIAN_POINT('',(1.93,0.,0.95));
#176 = CIRCLE('',#177,0.3);
#177 = AXIS2_PLACEMENT_3D('',#178,#179,#180);
#178 = CARTESIAN_POINT('',(1.93,0.,1.25));
#179 = DIRECTION('',(1.,-0.,0.));
#180 = DIRECTION('',(0.,0.,-1.));
#181 = PLANE('',#182);
#182 = AXIS2_PLACEMENT_3D('',#183,#184,#185);
#183 = CARTESIAN_POINT('',(1.93,1.25,1.25));
#184 = DIRECTION('',(-1.,0.,0.));
#185 = DIRECTION('',(0.,0.,-1.));
#186 = ADVANCED_FACE('',(#187),#206,.T.);
#187 = FACE_BOUND('',#188,.T.);
#188 = EDGE_LOOP('',(#189,#198,#204,#205));
#189 = ORIENTED_EDGE('',*,*,#190,.T.);
#190 = EDGE_CURVE('',#191,#191,#193,.T.);
#191 = VERTEX_POINT('',#192);
#192 = CARTESIAN_POINT('',(6.655,1.125,1.25));
#193 = CIRCLE('',#194,1.125);
#194 = AXIS2_PLACEMENT_3D('',#195,#196,#197);
#195 = CARTESIAN_POINT('',(6.655,0.,1.25));
#196 = DIRECTION('',(-1.,0.,0.));
#197 = DIRECTION('',(0.,1.,0.));
#198 = ORIENTED_EDGE('',*,*,#199,.F.);
#199 = EDGE_CURVE('',#154,#191,#200,.T.);
#200 = LINE('',#201,#202);
#201 = CARTESIAN_POINT('',(1.93,1.125,1.25));
#202 = VECTOR('',#203,1.);
#203 = DIRECTION('',(1.,0.,0.));
#204 = ORIENTED_EDGE('',*,*,#153,.F.);
#205 = ORIENTED_EDGE('',*,*,#199,.T.);
#206 = CYLINDRICAL_SURFACE('',#207,1.125);
#207 = AXIS2_PLACEMENT_3D('',#208,#209,#210);
#208 = CARTESIAN_POINT('',(1.93,0.,1.25));
#209 = DIRECTION('',(-1.,-0.,-0.));
#210 = DIRECTION('',(0.,1.,0.));
#211 = ADVANCED_FACE('',(#212),#231,.T.);
#212 = FACE_BOUND('',#213,.T.);
#213 = EDGE_LOOP('',(#214,#223,#229,#230));
#214 = ORIENTED_EDGE('',*,*,#215,.F.);
#215 = EDGE_CURVE('',#216,#216,#218,.T.);
#216 = VERTEX_POINT('',#217);
#217 = CARTESIAN_POINT('',(0.9,0.,0.95));
#218 = CIRCLE('',#219,0.3);
#219 = AXIS2_PLACEMENT_3D('',#220,#221,#222);
#220 = CARTESIAN_POINT('',(0.9,0.,1.25));
#221 = DIRECTION('',(-1.,0.,-1.188909441847E-17));
#222 = DIRECTION('',(-1.188909441847E-17,0.,1.));
#223 = ORIENTED_EDGE('',*,*,#224,.T.);
#224 = EDGE_CURVE('',#216,#174,#225,.T.);
#225 = LINE('',#226,#227);
#226 = CARTESIAN_POINT('',(0.9,0.,0.95));
#227 = VECTOR('',#228,1.);
#228 = DIRECTION('',(1.,0.,0.));
#229 = ORIENTED_EDGE('',*,*,#173,.F.);
#230 = ORIENTED_EDGE('',*,*,#224,.F.);
#231 = CYLINDRICAL_SURFACE('',#232,0.3);
#232 = AXIS2_PLACEMENT_3D('',#233,#234,#235);
#233 = CARTESIAN_POINT('',(0.9,0.,1.25));
#234 = DIRECTION('',(1.,0.,0.));
#235 = DIRECTION('',(0.,0.,-1.));
#236 = ADVANCED_FACE('',(#237,#248),#251,.T.);
#237 = FACE_BOUND('',#238,.T.);
#238 = EDGE_LOOP('',(#239));
#239 = ORIENTED_EDGE('',*,*,#240,.F.);
#240 = EDGE_CURVE('',#241,#241,#243,.T.);
#241 = VERTEX_POINT('',#242);
#242 = CARTESIAN_POINT('',(6.655,1.25,1.25));
#243 = CIRCLE('',#244,1.25);
#244 = AXIS2_PLACEMENT_3D('',#245,#246,#247);
#245 = CARTESIAN_POINT('',(6.655,0.,1.25));
#246 = DIRECTION('',(1.,0.,0.));
#247 = DIRECTION('',(-0.,1.,0.));
#248 = FACE_BOUND('',#249,.T.);
#249 = EDGE_LOOP('',(#250));
#250 = ORIENTED_EDGE('',*,*,#190,.F.);
#251 = PLANE('',#252);
#252 = AXIS2_PLACEMENT_3D('',#253,#254,#255);
#253 = CARTESIAN_POINT('',(6.655,1.25,1.25));
#254 = DIRECTION('',(-1.,0.,0.));
#255 = DIRECTION('',(0.,0.,-1.));
#256 = ADVANCED_FACE('',(#257),#277,.T.);
#257 = FACE_BOUND('',#258,.T.);
#258 = EDGE_LOOP('',(#259,#268,#269,#270));
#259 = ORIENTED_EDGE('',*,*,#260,.T.);
#260 = EDGE_CURVE('',#261,#216,#263,.T.);
#261 = VERTEX_POINT('',#262);
#262 = CARTESIAN_POINT('',(0.3,0.,0.35));
#263 = CIRCLE('',#264,0.6);
#264 = AXIS2_PLACEMENT_3D('',#265,#266,#267);
#265 = CARTESIAN_POINT('',(0.9,1.102182119233E-16,0.35));
#266 = DIRECTION('',(0.,1.,-0.));
#267 = DIRECTION('',(-1.,0.,4.93432455389E-16));
#268 = ORIENTED_EDGE('',*,*,#215,.T.);
#269 = ORIENTED_EDGE('',*,*,#260,.F.);
#270 = ORIENTED_EDGE('',*,*,#271,.T.);
#271 = EDGE_CURVE('',#261,#261,#272,.T.);
#272 = CIRCLE('',#273,0.3);
#273 = AXIS2_PLACEMENT_3D('',#274,#275,#276);
#274 = CARTESIAN_POINT('',(0.,0.,0.35));
#275 = DIRECTION('',(0.,0.,1.));
#276 = DIRECTION('',(1.,0.,-0.));
#277 = TOROIDAL_SURFACE('',#278,0.9,0.3);
#278 = AXIS2_PLACEMENT_3D('',#279,#280,#281);
#279 = CARTESIAN_POINT('',(0.9,0.,0.35));
#280 = DIRECTION('',(0.,1.,0.));
#281 = DIRECTION('',(-1.,0.,4.93432455389E-16));
#282 = ADVANCED_FACE('',(#283),#302,.T.);
#283 = FACE_BOUND('',#284,.T.);
#284 = EDGE_LOOP('',(#285,#286,#294,#301));
#285 = ORIENTED_EDGE('',*,*,#240,.T.);
#286 = ORIENTED_EDGE('',*,*,#287,.T.);
#287 = EDGE_CURVE('',#241,#288,#290,.T.);
#288 = VERTEX_POINT('',#289);
#289 = CARTESIAN_POINT('',(7.605,1.25,1.25));
#290 = LINE('',#291,#292);
#291 = CARTESIAN_POINT('',(6.655,1.25,1.25));
#292 = VECTOR('',#293,1.);
#293 = DIRECTION('',(1.,0.,0.));
#294 = ORIENTED_EDGE('',*,*,#295,.F.);
#295 = EDGE_CURVE('',#288,#288,#296,.T.);
#296 = CIRCLE('',#297,1.25);
#297 = AXIS2_PLACEMENT_3D('',#298,#299,#300);
#298 = CARTESIAN_POINT('',(7.605,0.,1.25));
#299 = DIRECTION('',(1.,0.,0.));
#300 = DIRECTION('',(-0.,1.,0.));
#301 = ORIENTED_EDGE('',*,*,#287,.F.);
#302 = CYLINDRICAL_SURFACE('',#303,1.25);
#303 = AXIS2_PLACEMENT_3D('',#304,#305,#306);
#304 = CARTESIAN_POINT('',(6.655,0.,1.25));
#305 = DIRECTION('',(-1.,-0.,-0.));
#306 = DIRECTION('',(0.,1.,0.));
#307 = ADVANCED_FACE('',(#308),#327,.T.);
#308 = FACE_BOUND('',#309,.T.);
#309 = EDGE_LOOP('',(#310,#318,#319,#320));
#310 = ORIENTED_EDGE('',*,*,#311,.T.);
#311 = EDGE_CURVE('',#312,#261,#314,.T.);
#312 = VERTEX_POINT('',#313);
#313 = CARTESIAN_POINT('',(0.3,-7.347880794884E-17,-3.));
#314 = LINE('',#315,#316);
#315 = CARTESIAN_POINT('',(0.3,0.,-3.));
#316 = VECTOR('',#317,1.);
#317 = DIRECTION('',(0.,0.,1.));
#318 = ORIENTED_EDGE('',*,*,#271,.F.);
#319 = ORIENTED_EDGE('',*,*,#311,.F.);
#320 = ORIENTED_EDGE('',*,*,#321,.T.);
#321 = EDGE_CURVE('',#312,#312,#322,.T.);
#322 = CIRCLE('',#323,0.3);
#323 = AXIS2_PLACEMENT_3D('',#324,#325,#326);
#324 = CARTESIAN_POINT('',(0.,0.,-3.));
#325 = DIRECTION('',(0.,0.,1.));
#326 = DIRECTION('',(1.,0.,-0.));
#327 = CYLINDRICAL_SURFACE('',#328,0.3);
#328 = AXIS2_PLACEMENT_3D('',#329,#330,#331);
#329 = CARTESIAN_POINT('',(0.,0.,-3.));
#330 = DIRECTION('',(0.,0.,1.));
#331 = DIRECTION('',(1.,0.,-0.));
#332 = ADVANCED_FACE('',(#333),#353,.T.);
#333 = FACE_BOUND('',#334,.T.);
#334 = EDGE_LOOP('',(#335,#344,#345,#346));
#335 = ORIENTED_EDGE('',*,*,#336,.F.);
#336 = EDGE_CURVE('',#288,#337,#339,.T.);
#337 = VERTEX_POINT('',#338);
#338 = CARTESIAN_POINT('',(8.23,0.625,1.25));
#339 = CIRCLE('',#340,0.625);
#340 = AXIS2_PLACEMENT_3D('',#341,#342,#343);
#341 = CARTESIAN_POINT('',(7.605,0.625,1.25));
#342 = DIRECTION('',(0.,0.,-1.));
#343 = DIRECTION('',(0.,1.,0.));
#344 = ORIENTED_EDGE('',*,*,#295,.T.);
#345 = ORIENTED_EDGE('',*,*,#336,.T.);
#346 = ORIENTED_EDGE('',*,*,#347,.F.);
#347 = EDGE_CURVE('',#337,#337,#348,.T.);
#348 = CIRCLE('',#349,0.625);
#349 = AXIS2_PLACEMENT_3D('',#350,#351,#352);
#350 = CARTESIAN_POINT('',(8.23,0.,1.25));
#351 = DIRECTION('',(1.,0.,0.));
#352 = DIRECTION('',(-0.,1.,0.));
#353 = TOROIDAL_SURFACE('',#354,0.625,0.625);
#354 = AXIS2_PLACEMENT_3D('',#355,#356,#357);
#355 = CARTESIAN_POINT('',(7.605,0.,1.25));
#356 = DIRECTION('',(1.,0.,0.));
#357 = DIRECTION('',(-0.,1.,0.));
#358 = ADVANCED_FACE('',(#359),#362,.T.);
#359 = FACE_BOUND('',#360,.F.);
#360 = EDGE_LOOP('',(#361));
#361 = ORIENTED_EDGE('',*,*,#321,.T.);
#362 = PLANE('',#363);
#363 = AXIS2_PLACEMENT_3D('',#364,#365,#366);
#364 = CARTESIAN_POINT('',(0.3,0.,-3.));
#365 = DIRECTION('',(0.,0.,-1.));
#366 = DIRECTION('',(-1.,0.,0.));
#367 = ADVANCED_FACE('',(#368,#371),#382,.F.);
#368 = FACE_BOUND('',#369,.F.);
#369 = EDGE_LOOP('',(#370));
#370 = ORIENTED_EDGE('',*,*,#347,.F.);
#371 = FACE_BOUND('',#372,.F.);
#372 = EDGE_LOOP('',(#373));
#373 = ORIENTED_EDGE('',*,*,#374,.T.);
#374 = EDGE_CURVE('',#375,#375,#377,.T.);
#375 = VERTEX_POINT('',#376);
#376 = CARTESIAN_POINT('',(8.23,0.,0.95));
#377 = CIRCLE('',#378,0.3);
#378 = AXIS2_PLACEMENT_3D('',#379,#380,#381);
#379 = CARTESIAN_POINT('',(8.23,0.,1.25));
#380 = DIRECTION('',(1.,-0.,0.));
#381 = DIRECTION('',(0.,0.,-1.));
#382 = PLANE('',#383);
#383 = AXIS2_PLACEMENT_3D('',#384,#385,#386);
#384 = CARTESIAN_POINT('',(8.23,1.25,1.25));
#385 = DIRECTION('',(-1.,0.,0.));
#386 = DIRECTION('',(0.,0.,-1.));
#387 = ADVANCED_FACE('',(#388),#407,.T.);
#388 = FACE_BOUND('',#389,.T.);
#389 = EDGE_LOOP('',(#390,#391,#399,#406));
#390 = ORIENTED_EDGE('',*,*,#374,.T.);
#391 = ORIENTED_EDGE('',*,*,#392,.T.);
#392 = EDGE_CURVE('',#375,#393,#395,.T.);
#393 = VERTEX_POINT('',#394);
#394 = CARTESIAN_POINT('',(9.26,0.,0.95));
#395 = LINE('',#396,#397);
#396 = CARTESIAN_POINT('',(0.9,0.,0.95));
#397 = VECTOR('',#398,1.);
#398 = DIRECTION('',(1.,0.,0.));
#399 = ORIENTED_EDGE('',*,*,#400,.F.);
#400 = EDGE_CURVE('',#393,#393,#401,.T.);
#401 = CIRCLE('',#402,0.3);
#402 = AXIS2_PLACEMENT_3D('',#403,#404,#405);
#403 = CARTESIAN_POINT('',(9.26,0.,1.25));
#404 = DIRECTION('',(1.,-0.,0.));
#405 = DIRECTION('',(0.,0.,-1.));
#406 = ORIENTED_EDGE('',*,*,#392,.F.);
#407 = CYLINDRICAL_SURFACE('',#408,0.3);
#408 = AXIS2_PLACEMENT_3D('',#409,#410,#411);
#409 = CARTESIAN_POINT('',(0.9,0.,1.25));
#410 = DIRECTION('',(1.,0.,0.));
#411 = DIRECTION('',(0.,0.,-1.));
#412 = ADVANCED_FACE('',(#413),#433,.T.);
#413 = FACE_BOUND('',#414,.T.);
#414 = EDGE_LOOP('',(#415,#424,#431,#432));
#415 = ORIENTED_EDGE('',*,*,#416,.T.);
#416 = EDGE_CURVE('',#393,#417,#419,.T.);
#417 = VERTEX_POINT('',#418);
#418 = CARTESIAN_POINT('',(9.86,0.,0.35));
#419 = CIRCLE('',#420,0.6);
#420 = AXIS2_PLACEMENT_3D('',#421,#422,#423);
#421 = CARTESIAN_POINT('',(9.26,1.102182119233E-16,0.35));
#422 = DIRECTION('',(0.,1.,0.));
#423 = DIRECTION('',(0.,-0.,1.));
#424 = ORIENTED_EDGE('',*,*,#425,.T.);
#425 = EDGE_CURVE('',#417,#417,#426,.T.);
#426 = CIRCLE('',#427,0.3);
#427 = AXIS2_PLACEMENT_3D('',#428,#429,#430);
#428 = CARTESIAN_POINT('',(10.16,0.,0.35));
#429 = DIRECTION('',(-5.053215498074E-16,0.,1.));
#430 = DIRECTION('',(1.,0.,5.053215498074E-16));
#431 = ORIENTED_EDGE('',*,*,#416,.F.);
#432 = ORIENTED_EDGE('',*,*,#400,.T.);
#433 = TOROIDAL_SURFACE('',#434,0.9,0.3);
#434 = AXIS2_PLACEMENT_3D('',#435,#436,#437);
#435 = CARTESIAN_POINT('',(9.26,0.,0.35));
#436 = DIRECTION('',(0.,1.,0.));
#437 = DIRECTION('',(0.,-0.,1.));
#438 = ADVANCED_FACE('',(#439),#458,.T.);
#439 = FACE_BOUND('',#440,.T.);
#440 = EDGE_LOOP('',(#441,#449,#456,#457));
#441 = ORIENTED_EDGE('',*,*,#442,.T.);
#442 = EDGE_CURVE('',#417,#443,#445,.T.);
#443 = VERTEX_POINT('',#444);
#444 = CARTESIAN_POINT('',(9.86,-7.347880794884E-17,-3.));
#445 = LINE('',#446,#447);
#446 = CARTESIAN_POINT('',(9.86,0.,0.35));
#447 = VECTOR('',#448,1.);
#448 = DIRECTION('',(0.,0.,-1.));
#449 = ORIENTED_EDGE('',*,*,#450,.F.);
#450 = EDGE_CURVE('',#443,#443,#451,.T.);
#451 = CIRCLE('',#452,0.3);
#452 = AXIS2_PLACEMENT_3D('',#453,#454,#455);
#453 = CARTESIAN_POINT('',(10.16,0.,-3.));
#454 = DIRECTION('',(0.,0.,-1.));
#455 = DIRECTION('',(-1.,0.,0.));
#456 = ORIENTED_EDGE('',*,*,#442,.F.);
#457 = ORIENTED_EDGE('',*,*,#425,.F.);
#458 = CYLINDRICAL_SURFACE('',#459,0.3);
#459 = AXIS2_PLACEMENT_3D('',#460,#461,#462);
#460 = CARTESIAN_POINT('',(10.16,0.,0.35));
#461 = DIRECTION('',(0.,0.,-1.));
#462 = DIRECTION('',(-1.,0.,0.));
#463 = ADVANCED_FACE('',(#464),#467,.F.);
#464 = FACE_BOUND('',#465,.T.);
#465 = EDGE_LOOP('',(#466));
#466 = ORIENTED_EDGE('',*,*,#450,.T.);
#467 = PLANE('',#468);
#468 = AXIS2_PLACEMENT_3D('',#469,#470,#471);
#469 = CARTESIAN_POINT('',(9.86,0.,-3.));
#470 = DIRECTION('',(0.,0.,1.));
#471 = DIRECTION('',(1.,0.,-0.));
#472 = ( GEOMETRIC_REPRESENTATION_CONTEXT(3) 
GLOBAL_UNCERTAINTY_ASSIGNED_CONTEXT((#476)) GLOBAL_UNIT_ASSIGNED_CONTEXT
((#473,#474,#475)) REPRESENTATION_CONTEXT('Context #1',
  '3D Context with UNIT and UNCERTAINTY') );
#473 = ( LENGTH_UNIT() NAMED_UNIT(*) SI_UNIT(.MILLI.,.METRE.) );
#474 = ( NAMED_UNIT(*) PLANE_ANGLE_UNIT() SI_UNIT($,.RADIAN.) );
#475 = ( NAMED_UNIT(*) SI_UNIT($,.STERADIAN.) SOLID_ANGLE_UNIT() );
#476 = UNCERTAINTY_MEASURE_WITH_UNIT(LENGTH_MEASURE(1.E-07),#473,
  'distance_accuracy_value','confusion accuracy');
#477 = CONTEXT_DEPENDENT_SHAPE_REPRESENTATION(#478,#480);
#478 = ( REPRESENTATION_RELATIONSHIP('','',#84,#10) 
REPRESENTATION_RELATIONSHIP_WITH_TRANSFORMATION(#479) 
SHAPE_REPRESENTATION_RELATIONSHIP() );
#479 = ITEM_DEFINED_TRANSFORMATION('','',#11,#15);
#480 = PRODUCT_DEFINITION_SHAPE('Placement','Placement of an item',#481
  );
#481 = NEXT_ASSEMBLY_USAGE_OCCURRENCE('1','R10','',#5,#79,$);
#482 = PRODUCT_RELATED_PRODUCT_CATEGORY('part',$,(#81));
#483 = CONTEXT_DEPENDENT_SHAPE_REPRESENTATION(#484,#486);
#484 = ( REPRESENTATION_RELATIONSHIP('','',#84,#10) 
REPRESENTATION_RELATIONSHIP_WITH_TRANSFORMATION(#485) 
SHAPE_REPRESENTATION_RELATIONSHIP() );
#485 = ITEM_DEFINED_TRANSFORMATION('','',#11,#19);
#486 = PRODUCT_DEFINITION_SHAPE('Placement','Placement of an item',#487
  );
#487 = NEXT_ASSEMBLY_USAGE_OCCURRENCE('2','R9','',#5,#79,$);
#488 = CONTEXT_DEPENDENT_SHAPE_REPRESENTATION(#489,#491);
#489 = ( REPRESENTATION_RELATIONSHIP('','',#84,#10) 
REPRESENTATION_RELATIONSHIP_WITH_TRANSFORMATION(#490) 
SHAPE_REPRESENTATION_RELATIONSHIP() );
#490 = ITEM_DEFINED_TRANSFORMATION('','',#11,#23);
#491 = PRODUCT_DEFINITION_SHAPE('Placement','Placement of an item',#492
  );
#492 = NEXT_ASSEMBLY_USAGE_OCCURRENCE('3','R7','',#5,#79,$);
#493 = SHAPE_DEFINITION_REPRESENTATION(#494,#500);
#494 = PRODUCT_DEFINITION_SHAPE('','',#495);
#495 = PRODUCT_DEFINITION('design','',#496,#499);
#496 = PRODUCT_DEFINITION_FORMATION('','',#497);
#497 = PRODUCT('CP_Radial_D5.0mm_P2.00mm','CP_Radial_D5.0mm_P2.00mm','',
  (#498));
#498 = PRODUCT_CONTEXT('',#2,'mechanical');
#499 = PRODUCT_DEFINITION_CONTEXT('part definition',#2,'design');
#500 = ADVANCED_BREP_SHAPE_REPRESENTATION('',(#11,#501),#2541);
#501 = BREP_WITH_VOIDS('',#502,(#2419));
#502 = CLOSED_SHELL('',(#503,#520,#545,#594,#627,#645,#670,#702,#720,
    #729,#767,#789,#849,#877,#1043,#1109,#1175,#1293,#1459,#1539,#1573,
    #1653,#1685,#1751,#1828,#1862,#1877,#1895,#1927,#1945,#2088,#2140,
    #2164,#2188,#2212,#2274,#2291,#2315,#2331,#2355,#2367,#2383,#2395,
    #2407));
#503 = ADVANCED_FACE('',(#504),#515,.F.);
#504 = FACE_BOUND('',#505,.F.);
#505 = EDGE_LOOP('',(#506));
#506 = ORIENTED_EDGE('',*,*,#507,.T.);
#507 = EDGE_CURVE('',#508,#508,#510,.T.);
#508 = VERTEX_POINT('',#509);
#509 = CARTESIAN_POINT('',(1.75,-9.184850993605E-17,-1.9));
#510 = CIRCLE('',#511,0.25);
#511 = AXIS2_PLACEMENT_3D('',#512,#513,#514);
#512 = CARTESIAN_POINT('',(2.,-1.224646799147E-16,-1.9));
#513 = DIRECTION('',(0.,0.,1.));
#514 = DIRECTION('',(-1.,1.224646799147E-16,0.));
#515 = PLANE('',#516);
#516 = AXIS2_PLACEMENT_3D('',#517,#518,#519);
#517 = CARTESIAN_POINT('',(2.,-1.443086680282E-16,-1.9));
#518 = DIRECTION('',(-1.889979252092E-31,4.08046586736E-33,1.));
#519 = DIRECTION('',(-1.,1.224646799147E-16,-1.889979252092E-31));
#520 = ADVANCED_FACE('',(#521),#540,.T.);
#521 = FACE_BOUND('',#522,.T.);
#522 = EDGE_LOOP('',(#523,#532,#538,#539));
#523 = ORIENTED_EDGE('',*,*,#524,.F.);
#524 = EDGE_CURVE('',#525,#525,#527,.T.);
#525 = VERTEX_POINT('',#526);
#526 = CARTESIAN_POINT('',(1.75,-9.184850993605E-17,0.2));
#527 = CIRCLE('',#528,0.25);
#528 = AXIS2_PLACEMENT_3D('',#529,#530,#531);
#529 = CARTESIAN_POINT('',(2.,-1.224646799147E-16,0.2));
#530 = DIRECTION('',(0.,0.,1.));
#531 = DIRECTION('',(-1.,1.224646799147E-16,0.));
#532 = ORIENTED_EDGE('',*,*,#533,.T.);
#533 = EDGE_CURVE('',#525,#508,#534,.T.);
#534 = LINE('',#535,#536);
#535 = CARTESIAN_POINT('',(1.75,-9.184850993605E-17,0.3));
#536 = VECTOR('',#537,1.);
#537 = DIRECTION('',(0.,0.,-1.));
#538 = ORIENTED_EDGE('',*,*,#507,.T.);
#539 = ORIENTED_EDGE('',*,*,#533,.F.);
#540 = CYLINDRICAL_SURFACE('',#541,0.25);
#541 = AXIS2_PLACEMENT_3D('',#542,#543,#544);
#542 = CARTESIAN_POINT('',(2.,-1.224646799147E-16,0.3));
#543 = DIRECTION('',(0.,0.,1.));
#544 = DIRECTION('',(-1.,1.224646799147E-16,0.));
#545 = ADVANCED_FACE('',(#546,#575,#578),#589,.F.);
#546 = FACE_BOUND('',#547,.F.);
#547 = EDGE_LOOP('',(#548,#559,#568));
#548 = ORIENTED_EDGE('',*,*,#549,.T.);
#549 = EDGE_CURVE('',#550,#552,#554,.T.);
#550 = VERTEX_POINT('',#551);
#551 = CARTESIAN_POINT('',(-0.75,2.143131898508E-16,0.2));
#552 = VERTEX_POINT('',#553);
#553 = CARTESIAN_POINT('',(2.616789181895,-0.669696006639,0.2));
#554 = CIRCLE('',#555,1.75);
#555 = AXIS2_PLACEMENT_3D('',#556,#557,#558);
#556 = CARTESIAN_POINT('',(1.,0.,0.2));
#557 = DIRECTION('',(0.,0.,1.));
#558 = DIRECTION('',(-1.,1.224646799147E-16,0.));
#559 = ORIENTED_EDGE('',*,*,#560,.T.);
#560 = EDGE_CURVE('',#552,#561,#563,.T.);
#561 = VERTEX_POINT('',#562);
#562 = CARTESIAN_POINT('',(2.616789181895,0.669696006639,0.2));
#563 = CIRCLE('',#564,1.75);
#564 = AXIS2_PLACEMENT_3D('',#565,#566,#567);
#565 = CARTESIAN_POINT('',(1.,0.,0.2));
#566 = DIRECTION('',(0.,0.,1.));
#567 = DIRECTION('',(-1.,1.224646799147E-16,0.));
#568 = ORIENTED_EDGE('',*,*,#569,.T.);
#569 = EDGE_CURVE('',#561,#550,#570,.T.);
#570 = CIRCLE('',#571,1.75);
#571 = AXIS2_PLACEMENT_3D('',#572,#573,#574);
#572 = CARTESIAN_POINT('',(1.,0.,0.2));
#573 = DIRECTION('',(0.,0.,1.));
#574 = DIRECTION('',(-1.,1.224646799147E-16,0.));
#575 = FACE_BOUND('',#576,.F.);
#576 = EDGE_LOOP('',(#577));
#577 = ORIENTED_EDGE('',*,*,#524,.F.);
#578 = FACE_BOUND('',#579,.F.);
#579 = EDGE_LOOP('',(#580));
#580 = ORIENTED_EDGE('',*,*,#581,.F.);
#581 = EDGE_CURVE('',#582,#582,#584,.T.);
#582 = VERTEX_POINT('',#583);
#583 = CARTESIAN_POINT('',(-0.25,1.530808498934E-16,0.2));
#584 = CIRCLE('',#585,0.25);
#585 = AXIS2_PLACEMENT_3D('',#586,#587,#588);
#586 = CARTESIAN_POINT('',(0.,1.224646799147E-16,0.2));
#587 = DIRECTION('',(0.,0.,1.));
#588 = DIRECTION('',(-1.,1.224646799147E-16,0.));
#589 = PLANE('',#590);
#590 = AXIS2_PLACEMENT_3D('',#591,#592,#593);
#591 = CARTESIAN_POINT('',(1.,-1.239108604125E-16,0.2));
#592 = DIRECTION('',(0.,0.,1.));
#593 = DIRECTION('',(-1.,1.224646799147E-16,0.));
#594 = ADVANCED_FACE('',(#595),#622,.F.);
#595 = FACE_BOUND('',#596,.F.);
#596 = EDGE_LOOP('',(#597,#605,#606,#607,#615));
#597 = ORIENTED_EDGE('',*,*,#598,.F.);
#598 = EDGE_CURVE('',#552,#599,#601,.T.);
#599 = VERTEX_POINT('',#600);
#600 = CARTESIAN_POINT('',(2.616789181895,-0.669696006639,0.));
#601 = LINE('',#602,#603);
#602 = CARTESIAN_POINT('',(2.616789181895,-0.669696006639,0.3));
#603 = VECTOR('',#604,1.);
#604 = DIRECTION('',(0.,0.,-1.));
#605 = ORIENTED_EDGE('',*,*,#549,.F.);
#606 = ORIENTED_EDGE('',*,*,#569,.F.);
#607 = ORIENTED_EDGE('',*,*,#608,.T.);
#608 = EDGE_CURVE('',#561,#609,#611,.T.);
#609 = VERTEX_POINT('',#610);
#610 = CARTESIAN_POINT('',(2.616789181895,0.669696006639,0.));
#611 = LINE('',#612,#613);
#612 = CARTESIAN_POINT('',(2.616789181895,0.669696006639,0.3));
#613 = VECTOR('',#614,1.);
#614 = DIRECTION('',(0.,0.,-1.));
#615 = ORIENTED_EDGE('',*,*,#616,.F.);
#616 = EDGE_CURVE('',#599,#609,#617,.T.);
#617 = CIRCLE('',#618,1.75);
#618 = AXIS2_PLACEMENT_3D('',#619,#620,#621);
#619 = CARTESIAN_POINT('',(1.,0.,0.));
#620 = DIRECTION('',(0.,-0.,-1.));
#621 = DIRECTION('',(0.923879532511,-0.382683432365,0.));
#622 = CYLINDRICAL_SURFACE('',#623,1.75);
#623 = AXIS2_PLACEMENT_3D('',#624,#625,#626);
#624 = CARTESIAN_POINT('',(1.,0.,0.3));
#625 = DIRECTION('',(0.,0.,-1.));
#626 = DIRECTION('',(0.923879532511,-0.382683432365,0.));
#627 = ADVANCED_FACE('',(#628),#640,.F.);
#628 = FACE_BOUND('',#629,.F.);
#629 = EDGE_LOOP('',(#630,#631,#632,#633));
#630 = ORIENTED_EDGE('',*,*,#608,.F.);
#631 = ORIENTED_EDGE('',*,*,#560,.F.);
#632 = ORIENTED_EDGE('',*,*,#598,.T.);
#633 = ORIENTED_EDGE('',*,*,#634,.F.);
#634 = EDGE_CURVE('',#609,#599,#635,.T.);
#635 = CIRCLE('',#636,1.75);
#636 = AXIS2_PLACEMENT_3D('',#637,#638,#639);
#637 = CARTESIAN_POINT('',(1.,0.,0.));
#638 = DIRECTION('',(0.,0.,-1.));
#639 = DIRECTION('',(0.923879532511,0.382683432365,0.));
#640 = CYLINDRICAL_SURFACE('',#641,1.75);
#641 = AXIS2_PLACEMENT_3D('',#642,#643,#644);
#642 = CARTESIAN_POINT('',(1.,0.,0.3));
#643 = DIRECTION('',(0.,0.,-1.));
#644 = DIRECTION('',(0.923879532511,0.382683432365,0.));
#645 = ADVANCED_FACE('',(#646),#665,.T.);
#646 = FACE_BOUND('',#647,.T.);
#647 = EDGE_LOOP('',(#648,#649,#657,#664));
#648 = ORIENTED_EDGE('',*,*,#581,.F.);
#649 = ORIENTED_EDGE('',*,*,#650,.T.);
#650 = EDGE_CURVE('',#582,#651,#653,.T.);
#651 = VERTEX_POINT('',#652);
#652 = CARTESIAN_POINT('',(-0.25,1.530808498934E-16,-2.));
#653 = LINE('',#654,#655);
#654 = CARTESIAN_POINT('',(-0.25,1.530808498934E-16,0.3));
#655 = VECTOR('',#656,1.);
#656 = DIRECTION('',(0.,0.,-1.));
#657 = ORIENTED_EDGE('',*,*,#658,.T.);
#658 = EDGE_CURVE('',#651,#651,#659,.T.);
#659 = CIRCLE('',#660,0.25);
#660 = AXIS2_PLACEMENT_3D('',#661,#662,#663);
#661 = CARTESIAN_POINT('',(0.,1.224646799147E-16,-2.));
#662 = DIRECTION('',(0.,0.,1.));
#663 = DIRECTION('',(-1.,1.224646799147E-16,0.));
#664 = ORIENTED_EDGE('',*,*,#650,.F.);
#665 = CYLINDRICAL_SURFACE('',#666,0.25);
#666 = AXIS2_PLACEMENT_3D('',#667,#668,#669);
#667 = CARTESIAN_POINT('',(0.,1.224646799147E-16,0.3));
#668 = DIRECTION('',(0.,0.,1.));
#669 = DIRECTION('',(-1.,1.224646799147E-16,0.));
#670 = ADVANCED_FACE('',(#671),#697,.T.);
#671 = FACE_BOUND('',#672,.F.);
#672 = EDGE_LOOP('',(#673,#674,#682,#691));
#673 = ORIENTED_EDGE('',*,*,#616,.T.);
#674 = ORIENTED_EDGE('',*,*,#675,.T.);
#675 = EDGE_CURVE('',#609,#676,#678,.T.);
#676 = VERTEX_POINT('',#677);
#677 = CARTESIAN_POINT('',(3.124922924776,0.88017189444,
    1.387778780781E-17));
#678 = LINE('',#679,#680);
#679 = CARTESIAN_POINT('',(2.616789181895,0.669696006639,0.));
#680 = VECTOR('',#681,1.);
#681 = DIRECTION('',(0.923879532511,0.382683432365,0.));
#682 = ORIENTED_EDGE('',*,*,#683,.F.);
#683 = EDGE_CURVE('',#684,#676,#686,.T.);
#684 = VERTEX_POINT('',#685);
#685 = CARTESIAN_POINT('',(3.124922924776,-0.88017189444,
    1.387778780781E-17));
#686 = CIRCLE('',#687,2.3);
#687 = AXIS2_PLACEMENT_3D('',#688,#689,#690);
#688 = CARTESIAN_POINT('',(1.,0.,1.387778780781E-17));
#689 = DIRECTION('',(0.,-0.,-1.));
#690 = DIRECTION('',(0.923879532511,-0.382683432365,0.));
#691 = ORIENTED_EDGE('',*,*,#692,.F.);
#692 = EDGE_CURVE('',#599,#684,#693,.T.);
#693 = LINE('',#694,#695);
#694 = CARTESIAN_POINT('',(2.616789181895,-0.669696006639,0.));
#695 = VECTOR('',#696,1.);
#696 = DIRECTION('',(0.923879532511,-0.382683432365,0.));
#697 = PLANE('',#698);
#698 = AXIS2_PLACEMENT_3D('',#699,#700,#701);
#699 = CARTESIAN_POINT('',(1.,0.,0.));
#700 = DIRECTION('',(0.,0.,-1.));
#701 = DIRECTION('',(0.923879532511,-0.382683432365,0.));
#702 = ADVANCED_FACE('',(#703),#715,.T.);
#703 = FACE_BOUND('',#704,.F.);
#704 = EDGE_LOOP('',(#705,#706,#707,#714));
#705 = ORIENTED_EDGE('',*,*,#634,.T.);
#706 = ORIENTED_EDGE('',*,*,#692,.T.);
#707 = ORIENTED_EDGE('',*,*,#708,.F.);
#708 = EDGE_CURVE('',#676,#684,#709,.T.);
#709 = CIRCLE('',#710,2.3);
#710 = AXIS2_PLACEMENT_3D('',#711,#712,#713);
#711 = CARTESIAN_POINT('',(1.,0.,1.387778780781E-17));
#712 = DIRECTION('',(0.,0.,-1.));
#713 = DIRECTION('',(0.923879532511,0.382683432365,0.));
#714 = ORIENTED_EDGE('',*,*,#675,.F.);
#715 = PLANE('',#716);
#716 = AXIS2_PLACEMENT_3D('',#717,#718,#719);
#717 = CARTESIAN_POINT('',(1.,0.,0.));
#718 = DIRECTION('',(0.,0.,-1.));
#719 = DIRECTION('',(0.923879532511,0.382683432365,0.));
#720 = ADVANCED_FACE('',(#721),#724,.F.);
#721 = FACE_BOUND('',#722,.F.);
#722 = EDGE_LOOP('',(#723));
#723 = ORIENTED_EDGE('',*,*,#658,.T.);
#724 = PLANE('',#725);
#725 = AXIS2_PLACEMENT_3D('',#726,#727,#728);
#726 = CARTESIAN_POINT('',(-2.22044604925E-16,1.006206918012E-16,-2.));
#727 = DIRECTION('',(2.218671295934E-31,4.08046586736E-33,1.));
#728 = DIRECTION('',(-1.,1.224646799147E-16,2.218671295934E-31));
#729 = ADVANCED_FACE('',(#730),#758,.F.);
#730 = FACE_BOUND('',#731,.F.);
#731 = EDGE_LOOP('',(#732,#733,#742,#751));
#732 = ORIENTED_EDGE('',*,*,#683,.T.);
#733 = ORIENTED_EDGE('',*,*,#734,.T.);
#734 = EDGE_CURVE('',#676,#735,#737,.T.);
#735 = VERTEX_POINT('',#736);
#736 = CARTESIAN_POINT('',(3.309698831278,0.956708580913,0.2));
#737 = CIRCLE('',#738,0.2);
#738 = AXIS2_PLACEMENT_3D('',#739,#740,#741);
#739 = CARTESIAN_POINT('',(3.124922924776,0.88017189444,0.2));
#740 = DIRECTION('',(0.382683432365,-0.923879532511,0.));
#741 = DIRECTION('',(0.,0.,-1.));
#742 = ORIENTED_EDGE('',*,*,#743,.F.);
#743 = EDGE_CURVE('',#744,#735,#746,.T.);
#744 = VERTEX_POINT('',#745);
#745 = CARTESIAN_POINT('',(3.309698831278,-0.956708580913,0.2));
#746 = CIRCLE('',#747,2.5);
#747 = AXIS2_PLACEMENT_3D('',#748,#749,#750);
#748 = CARTESIAN_POINT('',(1.,0.,0.2));
#749 = DIRECTION('',(0.,-0.,-1.));
#750 = DIRECTION('',(0.923879532511,-0.382683432365,0.));
#751 = ORIENTED_EDGE('',*,*,#752,.F.);
#752 = EDGE_CURVE('',#684,#744,#753,.T.);
#753 = CIRCLE('',#754,0.2);
#754 = AXIS2_PLACEMENT_3D('',#755,#756,#757);
#755 = CARTESIAN_POINT('',(3.124922924776,-0.88017189444,0.2));
#756 = DIRECTION('',(-0.382683432365,-0.923879532511,-0.));
#757 = DIRECTION('',(0.,0.,-1.));
#758 = SURFACE_OF_REVOLUTION('',#759,#764);
#759 = CIRCLE('',#760,0.2);
#760 = AXIS2_PLACEMENT_3D('',#761,#762,#763);
#761 = CARTESIAN_POINT('',(3.124922924776,-0.88017189444,0.2));
#762 = DIRECTION('',(-0.382683432365,-0.923879532511,-0.));
#763 = DIRECTION('',(0.,0.,-1.));
#764 = AXIS1_PLACEMENT('',#765,#766);
#765 = CARTESIAN_POINT('',(1.,0.,0.));
#766 = DIRECTION('',(0.,0.,-1.));
#767 = ADVANCED_FACE('',(#768),#780,.F.);
#768 = FACE_BOUND('',#769,.F.);
#769 = EDGE_LOOP('',(#770,#771,#772,#779));
#770 = ORIENTED_EDGE('',*,*,#708,.T.);
#771 = ORIENTED_EDGE('',*,*,#752,.T.);
#772 = ORIENTED_EDGE('',*,*,#773,.F.);
#773 = EDGE_CURVE('',#735,#744,#774,.T.);
#774 = CIRCLE('',#775,2.5);
#775 = AXIS2_PLACEMENT_3D('',#776,#777,#778);
#776 = CARTESIAN_POINT('',(1.,0.,0.2));
#777 = DIRECTION('',(0.,0.,-1.));
#778 = DIRECTION('',(0.923879532511,0.382683432365,0.));
#779 = ORIENTED_EDGE('',*,*,#734,.F.);
#780 = SURFACE_OF_REVOLUTION('',#781,#786);
#781 = CIRCLE('',#782,0.2);
#782 = AXIS2_PLACEMENT_3D('',#783,#784,#785);
#783 = CARTESIAN_POINT('',(3.124922924776,0.88017189444,0.2));
#784 = DIRECTION('',(0.382683432365,-0.923879532511,0.));
#785 = DIRECTION('',(0.,0.,-1.));
#786 = AXIS1_PLACEMENT('',#787,#788);
#787 = CARTESIAN_POINT('',(1.,0.,0.));
#788 = DIRECTION('',(0.,0.,-1.));
#789 = ADVANCED_FACE('',(#790),#844,.T.);
#790 = FACE_BOUND('',#791,.T.);
#791 = EDGE_LOOP('',(#792,#831,#837,#838));
#792 = ORIENTED_EDGE('',*,*,#793,.T.);
#793 = EDGE_CURVE('',#794,#796,#798,.T.);
#794 = VERTEX_POINT('',#795);
#795 = CARTESIAN_POINT('',(3.309698831278,-0.956708580913,1.064979142851
    ));
#796 = VERTEX_POINT('',#797);
#797 = CARTESIAN_POINT('',(3.309698831278,0.956708580913,1.064979142851)
  );
#798 = B_SPLINE_CURVE_WITH_KNOTS('',11,(#799,#800,#801,#802,#803,#804,
    #805,#806,#807,#808,#809,#810,#811,#812,#813,#814,#815,#816,#817,
    #818,#819,#820,#821,#822,#823,#824,#825,#826,#827,#828,#829,#830),
  .UNSPECIFIED.,.F.,.F.,(12,10,10,12),(-0.585615641583,
    2.874910026413E-15,13.744467859455,14.330083501039),.UNSPECIFIED.);
#799 = CARTESIAN_POINT('',(3.533804235046,-0.415670275735,1.064979142851
    ));
#800 = CARTESIAN_POINT('',(3.513289829604,-0.465196431576,1.064979142851
    ));
#801 = CARTESIAN_POINT('',(3.492803661547,-0.514654416342,1.064979142851
    ));
#802 = CARTESIAN_POINT('',(3.472345730872,-0.564044230035,1.064979142851
    ));
#803 = CARTESIAN_POINT('',(3.451916037581,-0.613365872653,1.064979142851
    ));
#804 = CARTESIAN_POINT('',(3.431514581673,-0.662619344198,1.064979142851
    ));
#805 = CARTESIAN_POINT('',(3.411141363149,-0.711804644669,1.064979142851
    ));
#806 = CARTESIAN_POINT('',(3.390796382008,-0.760921774065,1.064979142851
    ));
#807 = CARTESIAN_POINT('',(3.370479638251,-0.809970732388,1.064979142851
    ));
#808 = CARTESIAN_POINT('',(3.350191131876,-0.858951519637,1.064979142851
    ));
#809 = CARTESIAN_POINT('',(3.329930862886,-0.907864135812,1.064979142851
    ));
#810 = CARTESIAN_POINT('',(2.834850674205,-2.103093441787,1.064979142851
    ));
#811 = CARTESIAN_POINT('',(1.727586252494,-3.009448724487,1.064979062911
    ));
#812 = CARTESIAN_POINT('',(0.105855011951,-3.257464103804,1.064979307428
    ));
#813 = CARTESIAN_POINT('',(-1.475741298782,-2.506760000403,
    1.064978963603));
#814 = CARTESIAN_POINT('',(-2.588653308495,-1.059860959896,
    1.064979218435));
#815 = CARTESIAN_POINT('',(-2.588653308509,1.059860959896,1.064979218442
    ));
#816 = CARTESIAN_POINT('',(-1.475741298772,2.506760000402,1.064978963597
    ));
#817 = CARTESIAN_POINT('',(0.105855011945,3.257464103804,1.064979307432)
  );
#818 = CARTESIAN_POINT('',(1.727586252497,3.009448724487,1.064979062909)
  );
#819 = CARTESIAN_POINT('',(2.834850674204,2.103093441788,1.064979142851)
  );
#820 = CARTESIAN_POINT('',(3.329930862886,0.907864135812,1.064979142851)
  );
#821 = CARTESIAN_POINT('',(3.350191131876,0.858951519637,1.064979142851)
  );
#822 = CARTESIAN_POINT('',(3.370479638251,0.809970732388,1.064979142851)
  );
#823 = CARTESIAN_POINT('',(3.390796382008,0.760921774065,1.064979142851)
  );
#824 = CARTESIAN_POINT('',(3.411141363149,0.711804644669,1.064979142851)
  );
#825 = CARTESIAN_POINT('',(3.431514581673,0.662619344198,1.064979142851)
  );
#826 = CARTESIAN_POINT('',(3.451916037581,0.613365872653,1.064979142851)
  );
#827 = CARTESIAN_POINT('',(3.472345730872,0.564044230035,1.064979142851)
  );
#828 = CARTESIAN_POINT('',(3.492803661547,0.514654416342,1.064979142851)
  );
#829 = CARTESIAN_POINT('',(3.513289829605,0.465196431576,1.064979142851)
  );
#830 = CARTESIAN_POINT('',(3.533804235046,0.415670275736,1.064979142851)
  );
#831 = ORIENTED_EDGE('',*,*,#832,.F.);
#832 = EDGE_CURVE('',#735,#796,#833,.T.);
#833 = LINE('',#834,#835);
#834 = CARTESIAN_POINT('',(3.309698831278,0.956708580913,0.2));
#835 = VECTOR('',#836,1.);
#836 = DIRECTION('',(0.,0.,1.));
#837 = ORIENTED_EDGE('',*,*,#743,.F.);
#838 = ORIENTED_EDGE('',*,*,#839,.T.);
#839 = EDGE_CURVE('',#744,#794,#840,.T.);
#840 = LINE('',#841,#842);
#841 = CARTESIAN_POINT('',(3.309698831278,-0.956708580913,0.2));
#842 = VECTOR('',#843,1.);
#843 = DIRECTION('',(0.,0.,1.));
#844 = CYLINDRICAL_SURFACE('',#845,2.5);
#845 = AXIS2_PLACEMENT_3D('',#846,#847,#848);
#846 = CARTESIAN_POINT('',(1.,0.,0.2));
#847 = DIRECTION('',(0.,0.,1.));
#848 = DIRECTION('',(0.923879532511,-0.382683432365,0.));
#849 = ADVANCED_FACE('',(#850),#872,.T.);
#850 = FACE_BOUND('',#851,.T.);
#851 = EDGE_LOOP('',(#852,#869,#870,#871));
#852 = ORIENTED_EDGE('',*,*,#853,.T.);
#853 = EDGE_CURVE('',#796,#794,#854,.T.);
#854 = B_SPLINE_CURVE_WITH_KNOTS('',5,(#855,#856,#857,#858,#859,#860,
    #861,#862,#863,#864,#865,#866,#867,#868),.UNSPECIFIED.,.F.,.F.,(6,4,
    4,6),(-0.119413470026,-1.353371911114E-07,1.96349554383,
    2.08290869425),.UNSPECIFIED.);
#855 = CARTESIAN_POINT('',(3.264001325546,1.067032118743,1.064979142851)
  );
#856 = CARTESIAN_POINT('',(3.273140829292,1.0449674049,1.064979142851));
#857 = CARTESIAN_POINT('',(3.282280331654,1.0229026944,1.064979142851));
#858 = CARTESIAN_POINT('',(3.291419832631,1.000837987243,1.064979142851)
  );
#859 = CARTESIAN_POINT('',(3.300559332224,0.978773283428,1.064979142851)
  );
#860 = CARTESIAN_POINT('',(3.45997823841,0.593901998977,1.064979142851)
  );
#861 = CARTESIAN_POINT('',(3.539038746156,0.201591257513,1.064979142851)
  );
#862 = CARTESIAN_POINT('',(3.539039291386,-0.201589955698,1.064979142851
    ));
#863 = CARTESIAN_POINT('',(3.45997851584,-0.593901329202,1.064979142851)
  );
#864 = CARTESIAN_POINT('',(3.300559329455,-0.978773290113,1.064979142851
    ));
#865 = CARTESIAN_POINT('',(3.291419828478,-1.00083799727,1.064979142851)
  );
#866 = CARTESIAN_POINT('',(3.2822803275,-1.022902704428,1.064979142851)
  );
#867 = CARTESIAN_POINT('',(3.273140826523,-1.044967411585,1.064979142851
    ));
#868 = CARTESIAN_POINT('',(3.264001325546,-1.067032118743,1.064979142851
    ));
#869 = ORIENTED_EDGE('',*,*,#839,.F.);
#870 = ORIENTED_EDGE('',*,*,#773,.F.);
#871 = ORIENTED_EDGE('',*,*,#832,.T.);
#872 = CYLINDRICAL_SURFACE('',#873,2.5);
#873 = AXIS2_PLACEMENT_3D('',#874,#875,#876);
#874 = CARTESIAN_POINT('',(1.,0.,0.2));
#875 = DIRECTION('',(0.,0.,1.));
#876 = DIRECTION('',(0.923879532511,0.382683432365,-0.));
#877 = ADVANCED_FACE('',(#878),#946,.T.);
#878 = FACE_BOUND('',#879,.T.);
#879 = EDGE_LOOP('',(#880,#895,#932,#945));
#880 = ORIENTED_EDGE('',*,*,#881,.T.);
#881 = EDGE_CURVE('',#794,#882,#884,.T.);
#882 = VERTEX_POINT('',#883);
#883 = CARTESIAN_POINT('',(3.235446538439,-0.925952274181,1.269338405373
    ));
#884 = B_SPLINE_CURVE_WITH_KNOTS('',5,(#885,#886,#887,#888,#889,#890,
    #891,#892,#893,#894),.UNSPECIFIED.,.F.,.F.,(6,4,6),(0.,0.5,1.),
  .UNSPECIFIED.);
#885 = CARTESIAN_POINT('',(3.309698831278,-0.956708580913,1.064979142851
    ));
#886 = CARTESIAN_POINT('',(3.30969883117,-0.956708580868,1.086946886076)
  );
#887 = CARTESIAN_POINT('',(3.307841659805,-0.955939315301,1.109289585017
    ));
#888 = CARTESIAN_POINT('',(3.303997166347,-0.95434687397,1.131655175667)
  );
#889 = CARTESIAN_POINT('',(3.298159251937,-0.951928730645,1.153610443506
    ));
#890 = CARTESIAN_POINT('',(3.282778034968,-0.945557621971,1.195943064308
    ));
#891 = CARTESIAN_POINT('',(3.273234543788,-0.941604578492,1.2163209364)
  );
#892 = CARTESIAN_POINT('',(3.261973435419,-0.936940074678,1.235529410754
    ));
#893 = CARTESIAN_POINT('',(3.249271815997,-0.93167889165,1.253255827993)
  );
#894 = CARTESIAN_POINT('',(3.235446538439,-0.925952274181,1.269338405373
    ));
#895 = ORIENTED_EDGE('',*,*,#896,.T.);
#896 = EDGE_CURVE('',#882,#897,#899,.T.);
#897 = VERTEX_POINT('',#898);
#898 = CARTESIAN_POINT('',(3.235446538439,0.925952274181,1.269338405373)
  );
#899 = B_SPLINE_CURVE_WITH_KNOTS('',11,(#900,#901,#902,#903,#904,#905,
    #906,#907,#908,#909,#910,#911,#912,#913,#914,#915,#916,#917,#918,
    #919,#920,#921,#922,#923,#924,#925,#926,#927,#928,#929,#930,#931),
  .UNSPECIFIED.,.F.,.F.,(12,10,10,12),(-0.585615641583,
    2.874910026413E-15,13.744467859455,14.330083501039),.UNSPECIFIED.);
#900 = CARTESIAN_POINT('',(3.459551942206,-0.384913969004,1.269338405373
    ));
#901 = CARTESIAN_POINT('',(3.438387116582,-0.43601037807,1.269338405373)
  );
#902 = CARTESIAN_POINT('',(3.417380612378,-0.486724565418,1.269338405373
    ));
#903 = CARTESIAN_POINT('',(3.396532429594,-0.537056531046,1.269338405373
    ));
#904 = CARTESIAN_POINT('',(3.37584256823,-0.587006274955,1.269338405373)
  );
#905 = CARTESIAN_POINT('',(3.355311028286,-0.636573797145,1.269338405373
    ));
#906 = CARTESIAN_POINT('',(3.334937809761,-0.685759097616,1.269338405373
    ));
#907 = CARTESIAN_POINT('',(3.314722912657,-0.734562176367,1.269338405373
    ));
#908 = CARTESIAN_POINT('',(3.294666336973,-0.782983033399,1.269338405373
    ));
#909 = CARTESIAN_POINT('',(3.274768082708,-0.831021668713,1.269338405373
    ));
#910 = CARTESIAN_POINT('',(3.255028149863,-0.878678082306,1.269338405373
    ));
#911 = CARTESIAN_POINT('',(2.775863819411,-2.03548310749,1.269338405373)
  );
#912 = CARTESIAN_POINT('',(1.704091980563,-2.912929929979,1.269338420699
    ));
#913 = CARTESIAN_POINT('',(0.134360577618,-3.152280979089,1.26933837382)
  );
#914 = CARTESIAN_POINT('',(-1.395396108631,-2.426388868524,1.26933843974
    ));
#915 = CARTESIAN_POINT('',(-2.473728053044,-1.02623416819,1.269338390878
    ));
#916 = CARTESIAN_POINT('',(-2.473728053057,1.026234168191,1.269338390886
    ));
#917 = CARTESIAN_POINT('',(-1.395396108622,2.426388868523,1.269338439734
    ));
#918 = CARTESIAN_POINT('',(0.134360577613,3.152280979089,1.269338373823)
  );
#919 = CARTESIAN_POINT('',(1.704091980565,2.912929929979,1.269338420697)
  );
#920 = CARTESIAN_POINT('',(2.775863819411,2.03548310749,1.269338405373)
  );
#921 = CARTESIAN_POINT('',(3.255028149863,0.878678082306,1.269338405373)
  );
#922 = CARTESIAN_POINT('',(3.274768082708,0.831021668713,1.269338405373)
  );
#923 = CARTESIAN_POINT('',(3.294666336973,0.782983033399,1.269338405373)
  );
#924 = CARTESIAN_POINT('',(3.314722912657,0.734562176367,1.269338405373)
  );
#925 = CARTESIAN_POINT('',(3.334937809762,0.685759097616,1.269338405373)
  );
#926 = CARTESIAN_POINT('',(3.355311028286,0.636573797145,1.269338405373)
  );
#927 = CARTESIAN_POINT('',(3.37584256823,0.587006274955,1.269338405373)
  );
#928 = CARTESIAN_POINT('',(3.396532429594,0.537056531046,1.269338405373)
  );
#929 = CARTESIAN_POINT('',(3.417380612378,0.486724565418,1.269338405373)
  );
#930 = CARTESIAN_POINT('',(3.438387116583,0.436010378071,1.269338405373)
  );
#931 = CARTESIAN_POINT('',(3.459551942206,0.384913969004,1.269338405373)
  );
#932 = ORIENTED_EDGE('',*,*,#933,.F.);
#933 = EDGE_CURVE('',#796,#897,#934,.T.);
#934 = B_SPLINE_CURVE_WITH_KNOTS('',5,(#935,#936,#937,#938,#939,#940,
    #941,#942,#943,#944),.UNSPECIFIED.,.F.,.F.,(6,4,6),(0.,0.5,1.),
  .UNSPECIFIED.);
#935 = CARTESIAN_POINT('',(3.309698831278,0.956708580913,1.064979142851)
  );
#936 = CARTESIAN_POINT('',(3.30969883117,0.956708580868,1.086946886076)
  );
#937 = CARTESIAN_POINT('',(3.307841659805,0.955939315301,1.109289585017)
  );
#938 = CARTESIAN_POINT('',(3.303997166347,0.95434687397,1.131655175667)
  );
#939 = CARTESIAN_POINT('',(3.298159251937,0.951928730645,1.153610443506)
  );
#940 = CARTESIAN_POINT('',(3.282778034968,0.945557621971,1.195943064308)
  );
#941 = CARTESIAN_POINT('',(3.273234543788,0.941604578492,1.2163209364));
#942 = CARTESIAN_POINT('',(3.261973435419,0.936940074678,1.235529410754)
  );
#943 = CARTESIAN_POINT('',(3.249271815997,0.93167889165,1.253255827993)
  );
#944 = CARTESIAN_POINT('',(3.235446538439,0.925952274181,1.269338405373)
  );
#945 = ORIENTED_EDGE('',*,*,#793,.F.);
#946 = ( BOUNDED_SURFACE() B_SPLINE_SURFACE(2,11,(
    (#947,#948,#949,#950,#951,#952,#953,#954,#955,#956,#957,#958,#959
      ,#960,#961,#962,#963,#964,#965,#966,#967,#968,#969,#970,#971,#972
      ,#973,#974,#975,#976,#977,#978)
    ,(#979,#980,#981,#982,#983,#984,#985,#986,#987,#988,#989,#990,#991
      ,#992,#993,#994,#995,#996,#997,#998,#999,#1000,#1001,#1002,#1003
      ,#1004,#1005,#1006,#1007,#1008,#1009,#1010)
    ,(#1011,#1012,#1013,#1014,#1015,#1016,#1017,#1018,#1019,#1020,#1021
      ,#1022,#1023,#1024,#1025,#1026,#1027,#1028,#1029,#1030,#1031,#1032
      ,#1033,#1034,#1035,#1036,#1037,#1038,#1039,#1040,#1041,#1042
)),.UNSPECIFIED.,.F.,.F.,.F.) B_SPLINE_SURFACE_WITH_KNOTS((3,3),(12,10,
    10,12),(0.,13.744467859455),(-0.585615641583,2.874910026413E-15,
    13.744467859455,14.330083501039),.UNSPECIFIED.) 
GEOMETRIC_REPRESENTATION_ITEM() RATIONAL_B_SPLINE_SURFACE((
    (1.,1.,1.,1.,1.,1.,1.,1.,1.,1.,1.,1.,1.,1.,1.,1.,1.,1.,1.,1.,1.,1.
      ,1.,1.,1.,1.,1.,1.,1.,1.,1.,1.)
    ,(0.93061798229,0.93061798229,0.93061798229,0.93061798229
      ,0.93061798229,0.93061798229,0.93061798229,0.93061798229
      ,0.93061798229,0.93061798229,0.93061798229,0.93061798229
      ,0.930617902914,0.930618145704,0.930617804307,0.93061805734
      ,0.930618057346,0.930617804303,0.930618145707,0.930617902913
      ,0.93061798229,0.93061798229,0.93061798229,0.93061798229
      ,0.93061798229,0.93061798229,0.93061798229,0.93061798229
      ,0.93061798229,0.93061798229,0.93061798229,0.93061798229)
    ,(1.,1.,1.,1.,1.,1.,1.,1.,1.,1.,1.,1.,1.,1.,1.,1.,1.,1.,1.,1.,1.,1.
,1.,1.,1.,1.,1.,1.,1.,1.,1.,1.))) REPRESENTATION_ITEM('') SURFACE() );
#947 = CARTESIAN_POINT('',(3.533804235046,-0.415670275735,1.064979142851
    ));
#948 = CARTESIAN_POINT('',(3.513289829604,-0.465196431576,1.064979142851
    ));
#949 = CARTESIAN_POINT('',(3.492803661547,-0.514654416342,1.064979142851
    ));
#950 = CARTESIAN_POINT('',(3.472345730872,-0.564044230035,1.064979142851
    ));
#951 = CARTESIAN_POINT('',(3.451916037581,-0.613365872653,1.064979142851
    ));
#952 = CARTESIAN_POINT('',(3.431514581673,-0.662619344198,1.064979142851
    ));
#953 = CARTESIAN_POINT('',(3.411141363149,-0.711804644669,1.064979142851
    ));
#954 = CARTESIAN_POINT('',(3.390796382008,-0.760921774065,1.064979142851
    ));
#955 = CARTESIAN_POINT('',(3.370479638251,-0.809970732388,1.064979142851
    ));
#956 = CARTESIAN_POINT('',(3.350191131876,-0.858951519637,1.064979142851
    ));
#957 = CARTESIAN_POINT('',(3.329930862886,-0.907864135812,1.064979142851
    ));
#958 = CARTESIAN_POINT('',(2.834850674205,-2.103093441787,1.064979142851
    ));
#959 = CARTESIAN_POINT('',(1.727586252494,-3.009448724487,1.064979062911
    ));
#960 = CARTESIAN_POINT('',(0.105855011951,-3.257464103804,1.064979307428
    ));
#961 = CARTESIAN_POINT('',(-1.475741298782,-2.506760000403,
    1.064978963603));
#962 = CARTESIAN_POINT('',(-2.588653308495,-1.059860959896,
    1.064979218435));
#963 = CARTESIAN_POINT('',(-2.588653308509,1.059860959896,1.064979218442
    ));
#964 = CARTESIAN_POINT('',(-1.475741298772,2.506760000402,1.064978963597
    ));
#965 = CARTESIAN_POINT('',(0.105855011945,3.257464103804,1.064979307432)
  );
#966 = CARTESIAN_POINT('',(1.727586252497,3.009448724487,1.064979062909)
  );
#967 = CARTESIAN_POINT('',(2.834850674204,2.103093441788,1.064979142851)
  );
#968 = CARTESIAN_POINT('',(3.329930862886,0.907864135812,1.064979142851)
  );
#969 = CARTESIAN_POINT('',(3.350191131876,0.858951519637,1.064979142851)
  );
#970 = CARTESIAN_POINT('',(3.370479638251,0.809970732388,1.064979142851)
  );
#971 = CARTESIAN_POINT('',(3.390796382008,0.760921774065,1.064979142851)
  );
#972 = CARTESIAN_POINT('',(3.411141363149,0.711804644669,1.064979142851)
  );
#973 = CARTESIAN_POINT('',(3.431514581673,0.662619344198,1.064979142851)
  );
#974 = CARTESIAN_POINT('',(3.451916037581,0.613365872653,1.064979142851)
  );
#975 = CARTESIAN_POINT('',(3.472345730872,0.564044230035,1.064979142851)
  );
#976 = CARTESIAN_POINT('',(3.492803661547,0.514654416342,1.064979142851)
  );
#977 = CARTESIAN_POINT('',(3.513289829605,0.465196431576,1.064979142851)
  );
#978 = CARTESIAN_POINT('',(3.533804235046,0.415670275736,1.064979142851)
  );
#979 = CARTESIAN_POINT('',(3.533804235046,-0.415670275735,1.182962690499
    ));
#980 = CARTESIAN_POINT('',(3.513289829604,-0.465196431576,1.182962690499
    ));
#981 = CARTESIAN_POINT('',(3.492803661547,-0.514654416342,1.182962690499
    ));
#982 = CARTESIAN_POINT('',(3.472345730872,-0.564044230035,1.182962690499
    ));
#983 = CARTESIAN_POINT('',(3.451916037581,-0.613365872653,1.182962690499
    ));
#984 = CARTESIAN_POINT('',(3.431514581673,-0.662619344198,1.182962690499
    ));
#985 = CARTESIAN_POINT('',(3.411141363149,-0.711804644669,1.182962690499
    ));
#986 = CARTESIAN_POINT('',(3.390796382008,-0.760921774065,1.182962690499
    ));
#987 = CARTESIAN_POINT('',(3.37047963825,-0.809970732388,1.182962690499)
  );
#988 = CARTESIAN_POINT('',(3.350191131876,-0.858951519637,1.182962690499
    ));
#989 = CARTESIAN_POINT('',(3.329930862886,-0.907864135812,1.182962690499
    ));
#990 = CARTESIAN_POINT('',(2.834850674205,-2.103093441788,1.182962690499
    ));
#991 = CARTESIAN_POINT('',(1.727586214542,-3.009448936943,1.182962685685
    ));
#992 = CARTESIAN_POINT('',(0.105855341319,-3.257463206685,1.18296270041)
  );
#993 = CARTESIAN_POINT('',(-1.475741895234,-2.506761759151,
    1.182962679705));
#994 = CARTESIAN_POINT('',(-2.588652975416,-1.059858637809,
    1.182962695051));
#995 = CARTESIAN_POINT('',(-2.588652975407,1.059858637802,1.182962695051
    ));
#996 = CARTESIAN_POINT('',(-1.475741895235,2.506761759163,1.182962679705
    ));
#997 = CARTESIAN_POINT('',(0.105855341315,3.257463206676,1.18296270041)
  );
#998 = CARTESIAN_POINT('',(1.727586214545,3.009448936947,1.182962685685)
  );
#999 = CARTESIAN_POINT('',(2.834850674204,2.103093441787,1.182962690499)
  );
#1000 = CARTESIAN_POINT('',(3.329930862886,0.907864135812,1.182962690499
    ));
#1001 = CARTESIAN_POINT('',(3.350191131876,0.858951519637,1.182962690499
    ));
#1002 = CARTESIAN_POINT('',(3.370479638251,0.809970732388,1.182962690499
    ));
#1003 = CARTESIAN_POINT('',(3.390796382008,0.760921774065,1.182962690499
    ));
#1004 = CARTESIAN_POINT('',(3.411141363149,0.711804644669,1.182962690499
    ));
#1005 = CARTESIAN_POINT('',(3.431514581674,0.662619344198,1.182962690499
    ));
#1006 = CARTESIAN_POINT('',(3.451916037581,0.613365872653,1.182962690499
    ));
#1007 = CARTESIAN_POINT('',(3.472345730872,0.564044230035,1.182962690499
    ));
#1008 = CARTESIAN_POINT('',(3.492803661547,0.514654416342,1.182962690499
    ));
#1009 = CARTESIAN_POINT('',(3.513289829605,0.465196431576,1.182962690499
    ));
#1010 = CARTESIAN_POINT('',(3.533804235046,0.415670275736,1.182962690499
    ));
#1011 = CARTESIAN_POINT('',(3.459551942206,-0.384913969004,
    1.269338405373));
#1012 = CARTESIAN_POINT('',(3.438387116582,-0.43601037807,1.269338405373
    ));
#1013 = CARTESIAN_POINT('',(3.417380612378,-0.486724565418,
    1.269338405373));
#1014 = CARTESIAN_POINT('',(3.396532429594,-0.537056531046,
    1.269338405373));
#1015 = CARTESIAN_POINT('',(3.37584256823,-0.587006274955,1.269338405373
    ));
#1016 = CARTESIAN_POINT('',(3.355311028286,-0.636573797145,
    1.269338405373));
#1017 = CARTESIAN_POINT('',(3.334937809761,-0.685759097616,
    1.269338405373));
#1018 = CARTESIAN_POINT('',(3.314722912657,-0.734562176367,
    1.269338405373));
#1019 = CARTESIAN_POINT('',(3.294666336973,-0.782983033399,
    1.269338405373));
#1020 = CARTESIAN_POINT('',(3.274768082708,-0.831021668713,
    1.269338405373));
#1021 = CARTESIAN_POINT('',(3.255028149863,-0.878678082306,
    1.269338405373));
#1022 = CARTESIAN_POINT('',(2.775863819411,-2.03548310749,1.269338405373
    ));
#1023 = CARTESIAN_POINT('',(1.704091980563,-2.912929929979,
    1.269338420699));
#1024 = CARTESIAN_POINT('',(0.134360577618,-3.152280979089,1.26933837382
    ));
#1025 = CARTESIAN_POINT('',(-1.395396108631,-2.426388868524,
    1.26933843974));
#1026 = CARTESIAN_POINT('',(-2.473728053044,-1.02623416819,
    1.269338390878));
#1027 = CARTESIAN_POINT('',(-2.473728053057,1.026234168191,
    1.269338390886));
#1028 = CARTESIAN_POINT('',(-1.395396108622,2.426388868523,
    1.269338439734));
#1029 = CARTESIAN_POINT('',(0.134360577613,3.152280979089,1.269338373823
    ));
#1030 = CARTESIAN_POINT('',(1.704091980565,2.912929929979,1.269338420697
    ));
#1031 = CARTESIAN_POINT('',(2.775863819411,2.03548310749,1.269338405373)
  );
#1032 = CARTESIAN_POINT('',(3.255028149863,0.878678082306,1.269338405373
    ));
#1033 = CARTESIAN_POINT('',(3.274768082708,0.831021668713,1.269338405373
    ));
#1034 = CARTESIAN_POINT('',(3.294666336973,0.782983033399,1.269338405373
    ));
#1035 = CARTESIAN_POINT('',(3.314722912657,0.734562176367,1.269338405373
    ));
#1036 = CARTESIAN_POINT('',(3.334937809762,0.685759097616,1.269338405373
    ));
#1037 = CARTESIAN_POINT('',(3.355311028286,0.636573797145,1.269338405373
    ));
#1038 = CARTESIAN_POINT('',(3.37584256823,0.587006274955,1.269338405373)
  );
#1039 = CARTESIAN_POINT('',(3.396532429594,0.537056531046,1.269338405373
    ));
#1040 = CARTESIAN_POINT('',(3.417380612378,0.486724565418,1.269338405373
    ));
#1041 = CARTESIAN_POINT('',(3.438387116583,0.436010378071,1.269338405373
    ));
#1042 = CARTESIAN_POINT('',(3.459551942206,0.384913969004,1.269338405373
    ));
#1043 = ADVANCED_FACE('',(#1044),#1066,.T.);
#1044 = FACE_BOUND('',#1045,.T.);
#1045 = EDGE_LOOP('',(#1046,#1047,#1064,#1065));
#1046 = ORIENTED_EDGE('',*,*,#933,.T.);
#1047 = ORIENTED_EDGE('',*,*,#1048,.T.);
#1048 = EDGE_CURVE('',#897,#882,#1049,.T.);
#1049 = B_SPLINE_CURVE_WITH_KNOTS('',5,(#1050,#1051,#1052,#1053,#1054,
    #1055,#1056,#1057,#1058,#1059,#1060,#1061,#1062,#1063),
  .UNSPECIFIED.,.F.,.F.,(6,4,4,6),(-0.119413470026,-1.353371911114E-07,
    1.96349554383,2.08290869425),.UNSPECIFIED.);
#1050 = CARTESIAN_POINT('',(3.189749034566,1.036275808073,1.269338405373
    ));
#1051 = CARTESIAN_POINT('',(3.199182355483,1.013501756721,1.269338405373
    ));
#1052 = CARTESIAN_POINT('',(3.20846876641,0.991082377458,1.269338405373)
  );
#1053 = CARTESIAN_POINT('',(3.217608267348,0.969017670284,1.269338405373
    ));
#1054 = CARTESIAN_POINT('',(3.226600858298,0.9473076352,1.269338405373)
  );
#1055 = CARTESIAN_POINT('',(3.380894753976,0.574809218729,1.269338405373
    ));
#1056 = CARTESIAN_POINT('',(3.457413628123,0.195110560338,1.269338405373
    ));
#1057 = CARTESIAN_POINT('',(3.457414134116,-0.1951093668,1.269338405373)
  );
#1058 = CARTESIAN_POINT('',(3.380895040325,-0.574808527422,
    1.269338405373));
#1059 = CARTESIAN_POINT('',(3.226600854533,-0.947307644289,
    1.269338405373));
#1060 = CARTESIAN_POINT('',(3.217608261701,-0.969017683918,
    1.269338405373));
#1061 = CARTESIAN_POINT('',(3.208468760763,-0.991082391091,
    1.269338405373));
#1062 = CARTESIAN_POINT('',(3.199182351718,-1.01350176581,1.269338405373
    ));
#1063 = CARTESIAN_POINT('',(3.189749034566,-1.036275808073,
    1.269338405373));
#1064 = ORIENTED_EDGE('',*,*,#881,.F.);
#1065 = ORIENTED_EDGE('',*,*,#853,.F.);
#1066 = ( BOUNDED_SURFACE() B_SPLINE_SURFACE(2,5,(
    (#1067,#1068,#1069,#1070,#1071,#1072,#1073,#1074,#1075,#1076,#1077
      ,#1078,#1079,#1080)
    ,(#1081,#1082,#1083,#1084,#1085,#1086,#1087,#1088,#1089,#1090,#1091
      ,#1092,#1093,#1094)
    ,(#1095,#1096,#1097,#1098,#1099,#1100,#1101,#1102,#1103,#1104,#1105
      ,#1106,#1107,#1108
)),.UNSPECIFIED.,.F.,.F.,.F.) B_SPLINE_SURFACE_WITH_KNOTS((3,3),(6,4,4,6
    ),(0.,1.963495679168),(-0.119413470026,-1.353371911114E-07,
    1.96349554383,2.08290869425),.UNSPECIFIED.) 
GEOMETRIC_REPRESENTATION_ITEM() RATIONAL_B_SPLINE_SURFACE((
    (1.,1.,1.,1.,1.,1.,1.,1.,1.,1.,1.,1.,1.,1.)
    ,(0.93061798229,0.93061798229,0.93061798229,0.93061798229
      ,0.93061798229,0.93061798229,0.93061798229,0.93061798229
      ,0.93061798229,0.93061798229,0.93061798229,0.93061798229
      ,0.93061798229,0.93061798229)
,(1.,1.,1.,1.,1.,1.,1.,1.,1.,1.,1.,1.,1.,1.
))) REPRESENTATION_ITEM('') SURFACE() );
#1067 = CARTESIAN_POINT('',(3.264001325546,1.067032118743,1.064979142851
    ));
#1068 = CARTESIAN_POINT('',(3.273140829292,1.0449674049,1.064979142851)
  );
#1069 = CARTESIAN_POINT('',(3.282280331654,1.0229026944,1.064979142851)
  );
#1070 = CARTESIAN_POINT('',(3.291419832631,1.000837987243,1.064979142851
    ));
#1071 = CARTESIAN_POINT('',(3.300559332224,0.978773283428,1.064979142851
    ));
#1072 = CARTESIAN_POINT('',(3.45997823841,0.593901998977,1.064979142851)
  );
#1073 = CARTESIAN_POINT('',(3.539038746156,0.201591257513,1.064979142851
    ));
#1074 = CARTESIAN_POINT('',(3.539039291386,-0.201589955698,
    1.064979142851));
#1075 = CARTESIAN_POINT('',(3.45997851584,-0.593901329202,1.064979142851
    ));
#1076 = CARTESIAN_POINT('',(3.300559329455,-0.978773290113,
    1.064979142851));
#1077 = CARTESIAN_POINT('',(3.291419828478,-1.00083799727,1.064979142851
    ));
#1078 = CARTESIAN_POINT('',(3.2822803275,-1.022902704428,1.064979142851)
  );
#1079 = CARTESIAN_POINT('',(3.273140826523,-1.044967411585,
    1.064979142851));
#1080 = CARTESIAN_POINT('',(3.264001325546,-1.067032118743,
    1.064979142851));
#1081 = CARTESIAN_POINT('',(3.264001325546,1.067032118743,1.182962690499
    ));
#1082 = CARTESIAN_POINT('',(3.273140829292,1.0449674049,1.182962690499)
  );
#1083 = CARTESIAN_POINT('',(3.282280331654,1.0229026944,1.182962690499)
  );
#1084 = CARTESIAN_POINT('',(3.291419832631,1.000837987243,1.182962690499
    ));
#1085 = CARTESIAN_POINT('',(3.300559332224,0.978773283428,1.182962690499
    ));
#1086 = CARTESIAN_POINT('',(3.45997823841,0.593901998977,1.182962690499)
  );
#1087 = CARTESIAN_POINT('',(3.539038746156,0.201591257513,1.182962690499
    ));
#1088 = CARTESIAN_POINT('',(3.539039291386,-0.201589955698,
    1.182962690499));
#1089 = CARTESIAN_POINT('',(3.45997851584,-0.593901329202,1.182962690499
    ));
#1090 = CARTESIAN_POINT('',(3.300559329455,-0.978773290113,
    1.182962690499));
#1091 = CARTESIAN_POINT('',(3.291419828478,-1.00083799727,1.182962690499
    ));
#1092 = CARTESIAN_POINT('',(3.2822803275,-1.022902704428,1.182962690499)
  );
#1093 = CARTESIAN_POINT('',(3.273140826523,-1.044967411585,
    1.182962690499));
#1094 = CARTESIAN_POINT('',(3.264001325546,-1.067032118743,
    1.182962690499));
#1095 = CARTESIAN_POINT('',(3.189749034566,1.036275808073,1.269338405373
    ));
#1096 = CARTESIAN_POINT('',(3.199182355483,1.013501756721,1.269338405373
    ));
#1097 = CARTESIAN_POINT('',(3.20846876641,0.991082377458,1.269338405373)
  );
#1098 = CARTESIAN_POINT('',(3.217608267348,0.969017670284,1.269338405373
    ));
#1099 = CARTESIAN_POINT('',(3.226600858298,0.9473076352,1.269338405373)
  );
#1100 = CARTESIAN_POINT('',(3.380894753976,0.574809218729,1.269338405373
    ));
#1101 = CARTESIAN_POINT('',(3.457413628123,0.195110560338,1.269338405373
    ));
#1102 = CARTESIAN_POINT('',(3.457414134116,-0.1951093668,1.269338405373)
  );
#1103 = CARTESIAN_POINT('',(3.380895040325,-0.574808527422,
    1.269338405373));
#1104 = CARTESIAN_POINT('',(3.226600854533,-0.947307644289,
    1.269338405373));
#1105 = CARTESIAN_POINT('',(3.217608261701,-0.969017683918,
    1.269338405373));
#1106 = CARTESIAN_POINT('',(3.208468760763,-0.991082391091,
    1.269338405373));
#1107 = CARTESIAN_POINT('',(3.199182351718,-1.01350176581,1.269338405373
    ));
#1108 = CARTESIAN_POINT('',(3.189749034566,-1.036275808073,
    1.269338405373));
#1109 = ADVANCED_FACE('',(#1110),#1166,.F.);
#1110 = FACE_BOUND('',#1111,.F.);
#1111 = EDGE_LOOP('',(#1112,#1121,#1122,#1131));
#1112 = ORIENTED_EDGE('',*,*,#1113,.F.);
#1113 = EDGE_CURVE('',#882,#1114,#1116,.T.);
#1114 = VERTEX_POINT('',#1115);
#1115 = CARTESIAN_POINT('',(3.235446538439,-0.925952274181,
    1.930661594627));
#1116 = CIRCLE('',#1117,0.485412195974);
#1117 = AXIS2_PLACEMENT_3D('',#1118,#1119,#1120);
#1118 = CARTESIAN_POINT('',(3.563765702719,-1.061946524813,1.6));
#1119 = DIRECTION('',(0.382683432365,0.923879532511,2.775557561563E-17)
  );
#1120 = DIRECTION('',(-0.523404384043,0.216801194476,-0.824041924199));
#1121 = ORIENTED_EDGE('',*,*,#896,.T.);
#1122 = ORIENTED_EDGE('',*,*,#1123,.T.);
#1123 = EDGE_CURVE('',#897,#1124,#1126,.T.);
#1124 = VERTEX_POINT('',#1125);
#1125 = CARTESIAN_POINT('',(3.235446538439,0.925952274181,1.930661594627
    ));
#1126 = CIRCLE('',#1127,0.485412195974);
#1127 = AXIS2_PLACEMENT_3D('',#1128,#1129,#1130);
#1128 = CARTESIAN_POINT('',(3.563765702719,1.061946524813,1.6));
#1129 = DIRECTION('',(-0.382683432365,0.923879532511,-2.775557561563E-17
    ));
#1130 = DIRECTION('',(-0.523404384043,-0.216801194476,-0.824041924199));
#1131 = ORIENTED_EDGE('',*,*,#1132,.F.);
#1132 = EDGE_CURVE('',#1114,#1124,#1133,.T.);
#1133 = B_SPLINE_CURVE_WITH_KNOTS('',11,(#1134,#1135,#1136,#1137,#1138,
    #1139,#1140,#1141,#1142,#1143,#1144,#1145,#1146,#1147,#1148,#1149,
    #1150,#1151,#1152,#1153,#1154,#1155,#1156,#1157,#1158,#1159,#1160,
    #1161,#1162,#1163,#1164,#1165),.UNSPECIFIED.,.F.,.F.,(12,10,10,12),(
    -0.585615641583,2.901255980386E-15,13.744467859455,14.330083501039),
  .UNSPECIFIED.);
#1134 = CARTESIAN_POINT('',(3.459551942206,-0.384913969004,
    1.930661594627));
#1135 = CARTESIAN_POINT('',(3.438387116582,-0.43601037807,1.930661594627
    ));
#1136 = CARTESIAN_POINT('',(3.417380612378,-0.486724565418,
    1.930661594627));
#1137 = CARTESIAN_POINT('',(3.396532429594,-0.537056531046,
    1.930661594627));
#1138 = CARTESIAN_POINT('',(3.37584256823,-0.587006274955,1.930661594627
    ));
#1139 = CARTESIAN_POINT('',(3.355311028286,-0.636573797145,
    1.930661594627));
#1140 = CARTESIAN_POINT('',(3.334937809762,-0.685759097616,
    1.930661594627));
#1141 = CARTESIAN_POINT('',(3.314722912657,-0.734562176367,
    1.930661594627));
#1142 = CARTESIAN_POINT('',(3.294666336973,-0.782983033399,
    1.930661594627));
#1143 = CARTESIAN_POINT('',(3.274768082708,-0.831021668713,
    1.930661594627));
#1144 = CARTESIAN_POINT('',(3.255028149863,-0.878678082306,
    1.930661594627));
#1145 = CARTESIAN_POINT('',(2.775863819411,-2.03548310749,1.930661594627
    ));
#1146 = CARTESIAN_POINT('',(1.704091980563,-2.912929929979,
    1.930661579303));
#1147 = CARTESIAN_POINT('',(0.134360577617,-3.15228097909,1.930661626176
    ));
#1148 = CARTESIAN_POINT('',(-1.395396108631,-2.426388868523,
    1.930661560267));
#1149 = CARTESIAN_POINT('',(-2.473728053045,-1.026234168191,
    1.930661609113));
#1150 = CARTESIAN_POINT('',(-2.473728053056,1.026234168191,
    1.930661609123));
#1151 = CARTESIAN_POINT('',(-1.395396108622,2.426388868523,1.93066156026
    ));
#1152 = CARTESIAN_POINT('',(0.134360577613,3.15228097909,1.93066162618)
  );
#1153 = CARTESIAN_POINT('',(1.704091980565,2.912929929979,1.930661579301
    ));
#1154 = CARTESIAN_POINT('',(2.775863819411,2.03548310749,1.930661594627)
  );
#1155 = CARTESIAN_POINT('',(3.255028149863,0.878678082306,1.930661594627
    ));
#1156 = CARTESIAN_POINT('',(3.274768082708,0.831021668713,1.930661594627
    ));
#1157 = CARTESIAN_POINT('',(3.294666336973,0.782983033399,1.930661594627
    ));
#1158 = CARTESIAN_POINT('',(3.314722912657,0.734562176367,1.930661594627
    ));
#1159 = CARTESIAN_POINT('',(3.334937809762,0.685759097616,1.930661594627
    ));
#1160 = CARTESIAN_POINT('',(3.355311028286,0.636573797145,1.930661594627
    ));
#1161 = CARTESIAN_POINT('',(3.37584256823,0.587006274955,1.930661594627)
  );
#1162 = CARTESIAN_POINT('',(3.396532429594,0.537056531046,1.930661594627
    ));
#1163 = CARTESIAN_POINT('',(3.417380612378,0.486724565418,1.930661594627
    ));
#1164 = CARTESIAN_POINT('',(3.438387116582,0.436010378071,1.930661594627
    ));
#1165 = CARTESIAN_POINT('',(3.459551942206,0.384913969004,1.930661594627
    ));
#1166 = SURFACE_OF_REVOLUTION('',#1167,#1172);
#1167 = CIRCLE('',#1168,0.485412195974);
#1168 = AXIS2_PLACEMENT_3D('',#1169,#1170,#1171);
#1169 = CARTESIAN_POINT('',(3.563765702719,-1.061946524813,1.6));
#1170 = DIRECTION('',(0.382683432365,0.923879532511,0.));
#1171 = DIRECTION('',(-0.523404384043,0.216801194476,-0.824041924199));
#1172 = AXIS1_PLACEMENT('',#1173,#1174);
#1173 = CARTESIAN_POINT('',(1.,0.,0.));
#1174 = DIRECTION('',(0.,0.,-1.));
#1175 = ADVANCED_FACE('',(#1176),#1284,.F.);
#1176 = FACE_BOUND('',#1177,.F.);
#1177 = EDGE_LOOP('',(#1178,#1197,#1198,#1199,#1200,#1219,#1230,#1249,
    #1256,#1275));
#1178 = ORIENTED_EDGE('',*,*,#1179,.F.);
#1179 = EDGE_CURVE('',#1124,#1180,#1182,.T.);
#1180 = VERTEX_POINT('',#1181);
#1181 = CARTESIAN_POINT('',(3.40667978278,0.25,1.930661594627));
#1182 = B_SPLINE_CURVE_WITH_KNOTS('',5,(#1183,#1184,#1185,#1186,#1187,
    #1188,#1189,#1190,#1191,#1192,#1193,#1194,#1195,#1196),
  .UNSPECIFIED.,.F.,.F.,(6,4,4,6),(-0.119413470026,-1.353371911203E-07,
    1.96349554383,2.08290869425),.UNSPECIFIED.);
#1183 = CARTESIAN_POINT('',(3.189749034566,1.036275808073,1.930661594627
    ));
#1184 = CARTESIAN_POINT('',(3.199182355483,1.013501756721,1.930661594627
    ));
#1185 = CARTESIAN_POINT('',(3.20846876641,0.991082377458,1.930661594627)
  );
#1186 = CARTESIAN_POINT('',(3.217608267348,0.969017670284,1.930661594627
    ));
#1187 = CARTESIAN_POINT('',(3.226600858298,0.9473076352,1.930661594627)
  );
#1188 = CARTESIAN_POINT('',(3.380894753976,0.574809218729,1.930661594627
    ));
#1189 = CARTESIAN_POINT('',(3.457413628123,0.195110560338,1.930661594627
    ));
#1190 = CARTESIAN_POINT('',(3.457414134116,-0.1951093668,1.930661594627)
  );
#1191 = CARTESIAN_POINT('',(3.380895040325,-0.574808527422,
    1.930661594627));
#1192 = CARTESIAN_POINT('',(3.226600854533,-0.947307644289,
    1.930661594627));
#1193 = CARTESIAN_POINT('',(3.217608261701,-0.969017683918,
    1.930661594627));
#1194 = CARTESIAN_POINT('',(3.208468760763,-0.991082391091,
    1.930661594627));
#1195 = CARTESIAN_POINT('',(3.199182351718,-1.01350176581,1.930661594627
    ));
#1196 = CARTESIAN_POINT('',(3.189749034566,-1.036275808073,
    1.930661594627));
#1197 = ORIENTED_EDGE('',*,*,#1123,.F.);
#1198 = ORIENTED_EDGE('',*,*,#1048,.T.);
#1199 = ORIENTED_EDGE('',*,*,#1113,.T.);
#1200 = ORIENTED_EDGE('',*,*,#1201,.F.);
#1201 = EDGE_CURVE('',#1202,#1114,#1204,.T.);
#1202 = VERTEX_POINT('',#1203);
#1203 = CARTESIAN_POINT('',(3.406679829997,-0.25,1.930661594627));
#1204 = B_SPLINE_CURVE_WITH_KNOTS('',5,(#1205,#1206,#1207,#1208,#1209,
    #1210,#1211,#1212,#1213,#1214,#1215,#1216,#1217,#1218),
  .UNSPECIFIED.,.F.,.F.,(6,4,4,6),(-0.119413470026,-1.353371911203E-07,
    1.96349554383,2.08290869425),.UNSPECIFIED.);
#1205 = CARTESIAN_POINT('',(3.189749034566,1.036275808073,1.930661594627
    ));
#1206 = CARTESIAN_POINT('',(3.199182355483,1.013501756721,1.930661594627
    ));
#1207 = CARTESIAN_POINT('',(3.20846876641,0.991082377458,1.930661594627)
  );
#1208 = CARTESIAN_POINT('',(3.217608267348,0.969017670284,1.930661594627
    ));
#1209 = CARTESIAN_POINT('',(3.226600858298,0.9473076352,1.930661594627)
  );
#1210 = CARTESIAN_POINT('',(3.380894753976,0.574809218729,1.930661594627
    ));
#1211 = CARTESIAN_POINT('',(3.457413628123,0.195110560338,1.930661594627
    ));
#1212 = CARTESIAN_POINT('',(3.457414134116,-0.1951093668,1.930661594627)
  );
#1213 = CARTESIAN_POINT('',(3.380895040325,-0.574808527422,
    1.930661594627));
#1214 = CARTESIAN_POINT('',(3.226600854533,-0.947307644289,
    1.930661594627));
#1215 = CARTESIAN_POINT('',(3.217608261701,-0.969017683918,
    1.930661594627));
#1216 = CARTESIAN_POINT('',(3.208468760763,-0.991082391091,
    1.930661594627));
#1217 = CARTESIAN_POINT('',(3.199182351718,-1.01350176581,1.930661594627
    ));
#1218 = CARTESIAN_POINT('',(3.189749034566,-1.036275808073,
    1.930661594627));
#1219 = ORIENTED_EDGE('',*,*,#1220,.F.);
#1220 = EDGE_CURVE('',#1221,#1202,#1223,.T.);
#1221 = VERTEX_POINT('',#1222);
#1222 = CARTESIAN_POINT('',(3.299471489861,-0.25,1.749));
#1223 = B_SPLINE_CURVE_WITH_KNOTS('',5,(#1224,#1225,#1226,#1227,#1228,
    #1229),.UNSPECIFIED.,.F.,.F.,(6,6),(0.,1.),
  .PIECEWISE_BEZIER_KNOTS.);
#1224 = CARTESIAN_POINT('',(3.299471489861,-0.25,1.749));
#1225 = CARTESIAN_POINT('',(3.312587202196,-0.25,1.789427365424));
#1226 = CARTESIAN_POINT('',(3.33014872115,-0.25,1.828424172249));
#1227 = CARTESIAN_POINT('',(3.351941636815,-0.25,1.865341021624));
#1228 = CARTESIAN_POINT('',(3.377608548406,-0.25,1.899584994083));
#1229 = CARTESIAN_POINT('',(3.40668024473,-0.25,1.930661807849));
#1230 = ORIENTED_EDGE('',*,*,#1231,.T.);
#1231 = EDGE_CURVE('',#1221,#1232,#1234,.T.);
#1232 = VERTEX_POINT('',#1233);
#1233 = CARTESIAN_POINT('',(3.299999782609,-1.E-03,1.5));
#1234 = B_SPLINE_CURVE_WITH_KNOTS('',7,(#1235,#1236,#1237,#1238,#1239,
    #1240,#1241,#1242,#1243,#1244,#1245,#1246,#1247,#1248),
  .UNSPECIFIED.,.F.,.F.,(8,6,8),(0.,0.656899903514,1.),.UNSPECIFIED.);
#1235 = CARTESIAN_POINT('',(3.299471489861,-0.25,1.749));
#1236 = CARTESIAN_POINT('',(3.288903887063,-0.25,1.716426818984));
#1237 = CARTESIAN_POINT('',(3.281699509879,-0.245028477564,
    1.683385522006));
#1238 = CARTESIAN_POINT('',(3.278045828963,-0.234830048078,
    1.650728113424));
#1239 = CARTESIAN_POINT('',(3.277713110475,-0.219290375561,
    1.619367410059));
#1240 = CARTESIAN_POINT('',(3.280087341319,-0.198436579318,
    1.590251266333));
#1241 = CARTESIAN_POINT('',(3.284149886785,-0.172302430004,
    1.564384728938));
#1242 = CARTESIAN_POINT('',(3.29090216963,-0.124770531607,1.532041582647
    ));
#1243 = CARTESIAN_POINT('',(3.293310489781,-0.107148532185,
    1.522255641965));
#1244 = CARTESIAN_POINT('',(3.295638205192,-8.813505246606E-02,
    1.513869244735));
#1245 = CARTESIAN_POINT('',(3.297696231285,-6.772624403228E-02,
    1.507131244826));
#1246 = CARTESIAN_POINT('',(3.2992147289,-4.608658790058E-02,
    1.502401965702));
#1247 = CARTESIAN_POINT('',(3.299989938095,-2.364237892977E-02,1.5));
#1248 = CARTESIAN_POINT('',(3.299999782609,-1.E-03,1.5));
#1249 = ORIENTED_EDGE('',*,*,#1250,.T.);
#1250 = EDGE_CURVE('',#1232,#1251,#1253,.T.);
#1251 = VERTEX_POINT('',#1252);
#1252 = CARTESIAN_POINT('',(3.299999782609,9.999999999998E-04,1.5));
#1253 = B_SPLINE_CURVE_WITH_KNOTS('',1,(#1254,#1255),.UNSPECIFIED.,.F.,
  .F.,(2,2),(0.,1.),.PIECEWISE_BEZIER_KNOTS.);
#1254 = CARTESIAN_POINT('',(3.299999782609,-1.E-03,1.5));
#1255 = CARTESIAN_POINT('',(3.299999782609,9.999999999998E-04,1.5));
#1256 = ORIENTED_EDGE('',*,*,#1257,.T.);
#1257 = EDGE_CURVE('',#1251,#1258,#1260,.T.);
#1258 = VERTEX_POINT('',#1259);
#1259 = CARTESIAN_POINT('',(3.299471489861,0.25,1.749));
#1260 = B_SPLINE_CURVE_WITH_KNOTS('',7,(#1261,#1262,#1263,#1264,#1265,
    #1266,#1267,#1268,#1269,#1270,#1271,#1272,#1273,#1274),
  .UNSPECIFIED.,.F.,.F.,(8,6,8),(0.,0.343710672019,1.),.UNSPECIFIED.);
#1261 = CARTESIAN_POINT('',(3.299999782609,9.999999999997E-04,1.5));
#1262 = CARTESIAN_POINT('',(3.299989920585,2.368265119001E-02,1.5));
#1263 = CARTESIAN_POINT('',(3.299211971008,4.616604948054E-02,
    1.502410516981));
#1264 = CARTESIAN_POINT('',(3.297688162784,6.784108201107E-02,
    1.507156358887));
#1265 = CARTESIAN_POINT('',(3.295623636424,8.827968087268E-02,
    1.513916973069));
#1266 = CARTESIAN_POINT('',(3.293289812594,0.10731720987,1.522330091337)
  );
#1267 = CARTESIAN_POINT('',(3.290876523628,0.124958092937,1.532145912779
    ));
#1268 = CARTESIAN_POINT('',(3.284127396232,0.172447200062,1.564528141918
    ));
#1269 = CARTESIAN_POINT('',(3.280076399241,0.198532790636,1.590385718193
    ));
#1270 = CARTESIAN_POINT('',(3.277714368661,0.21934776166,1.619483238628)
  );
#1271 = CARTESIAN_POINT('',(3.278055943653,0.234858301632,1.650818612401
    ));
#1272 = CARTESIAN_POINT('',(3.281712830825,0.245037663177,1.683446586849
    ));
#1273 = CARTESIAN_POINT('',(3.288913652378,0.25,1.716456919224));
#1274 = CARTESIAN_POINT('',(3.299471489861,0.25,1.749));
#1275 = ORIENTED_EDGE('',*,*,#1276,.T.);
#1276 = EDGE_CURVE('',#1258,#1180,#1277,.T.);
#1277 = B_SPLINE_CURVE_WITH_KNOTS('',5,(#1278,#1279,#1280,#1281,#1282,
    #1283),.UNSPECIFIED.,.F.,.F.,(6,6),(0.,1.),
  .PIECEWISE_BEZIER_KNOTS.);
#1278 = CARTESIAN_POINT('',(3.299471489861,0.25,1.749));
#1279 = CARTESIAN_POINT('',(3.312587202196,0.25,1.789427365424));
#1280 = CARTESIAN_POINT('',(3.33014872115,0.25,1.828424172249));
#1281 = CARTESIAN_POINT('',(3.351941636815,0.25,1.865341021624));
#1282 = CARTESIAN_POINT('',(3.377608548406,0.25,1.899584994083));
#1283 = CARTESIAN_POINT('',(3.40668024473,0.25,1.930661807849));
#1284 = SURFACE_OF_REVOLUTION('',#1285,#1290);
#1285 = CIRCLE('',#1286,0.485412195974);
#1286 = AXIS2_PLACEMENT_3D('',#1287,#1288,#1289);
#1287 = CARTESIAN_POINT('',(3.563765702719,1.061946524813,1.6));
#1288 = DIRECTION('',(-0.382683432365,0.923879532511,0.));
#1289 = DIRECTION('',(-0.523404384043,-0.216801194476,-0.824041924199));
#1290 = AXIS1_PLACEMENT('',#1291,#1292);
#1291 = CARTESIAN_POINT('',(1.,0.,0.));
#1292 = DIRECTION('',(0.,0.,-1.));
#1293 = ADVANCED_FACE('',(#1294),#1362,.T.);
#1294 = FACE_BOUND('',#1295,.T.);
#1295 = EDGE_LOOP('',(#1296,#1311,#1348,#1361));
#1296 = ORIENTED_EDGE('',*,*,#1297,.T.);
#1297 = EDGE_CURVE('',#1114,#1298,#1300,.T.);
#1298 = VERTEX_POINT('',#1299);
#1299 = CARTESIAN_POINT('',(3.309698831278,-0.956708580913,
    2.135020857149));
#1300 = B_SPLINE_CURVE_WITH_KNOTS('',5,(#1301,#1302,#1303,#1304,#1305,
    #1306,#1307,#1308,#1309,#1310),.UNSPECIFIED.,.F.,.F.,(6,4,6),(0.,0.5
    ,1.),.UNSPECIFIED.);
#1301 = CARTESIAN_POINT('',(3.235446538439,-0.925952274181,
    1.930661594627));
#1302 = CARTESIAN_POINT('',(3.249271815997,-0.93167889165,1.946744172007
    ));
#1303 = CARTESIAN_POINT('',(3.261973435419,-0.936940074678,
    1.964470589246));
#1304 = CARTESIAN_POINT('',(3.273234543788,-0.941604578492,1.9836790636)
  );
#1305 = CARTESIAN_POINT('',(3.282778034968,-0.945557621971,
    2.004056935692));
#1306 = CARTESIAN_POINT('',(3.298159251937,-0.951928730645,
    2.046389556494));
#1307 = CARTESIAN_POINT('',(3.303997166347,-0.95434687397,2.068344824333
    ));
#1308 = CARTESIAN_POINT('',(3.307841659805,-0.955939315301,
    2.090710414983));
#1309 = CARTESIAN_POINT('',(3.30969883117,-0.956708580868,2.113053113924
    ));
#1310 = CARTESIAN_POINT('',(3.309698831278,-0.956708580913,
    2.135020857149));
#1311 = ORIENTED_EDGE('',*,*,#1312,.T.);
#1312 = EDGE_CURVE('',#1298,#1313,#1315,.T.);
#1313 = VERTEX_POINT('',#1314);
#1314 = CARTESIAN_POINT('',(3.309698831278,0.956708580913,2.135020857149
    ));
#1315 = B_SPLINE_CURVE_WITH_KNOTS('',11,(#1316,#1317,#1318,#1319,#1320,
    #1321,#1322,#1323,#1324,#1325,#1326,#1327,#1328,#1329,#1330,#1331,
    #1332,#1333,#1334,#1335,#1336,#1337,#1338,#1339,#1340,#1341,#1342,
    #1343,#1344,#1345,#1346,#1347),.UNSPECIFIED.,.F.,.F.,(12,10,10,12),(
    -0.585615641583,2.901255980386E-15,13.744467859455,14.330083501039),
  .UNSPECIFIED.);
#1316 = CARTESIAN_POINT('',(3.533804235046,-0.415670275735,
    2.135020857149));
#1317 = CARTESIAN_POINT('',(3.513289829604,-0.465196431576,
    2.135020857149));
#1318 = CARTESIAN_POINT('',(3.492803661547,-0.514654416342,
    2.135020857149));
#1319 = CARTESIAN_POINT('',(3.472345730872,-0.564044230035,
    2.135020857149));
#1320 = CARTESIAN_POINT('',(3.451916037581,-0.613365872653,
    2.135020857149));
#1321 = CARTESIAN_POINT('',(3.431514581673,-0.662619344198,
    2.135020857149));
#1322 = CARTESIAN_POINT('',(3.411141363149,-0.711804644669,
    2.135020857149));
#1323 = CARTESIAN_POINT('',(3.390796382008,-0.760921774065,
    2.135020857149));
#1324 = CARTESIAN_POINT('',(3.370479638251,-0.809970732388,
    2.135020857149));
#1325 = CARTESIAN_POINT('',(3.350191131876,-0.858951519637,
    2.135020857149));
#1326 = CARTESIAN_POINT('',(3.329930862886,-0.907864135812,
    2.135020857149));
#1327 = CARTESIAN_POINT('',(2.834850674205,-2.103093441788,
    2.135020857149));
#1328 = CARTESIAN_POINT('',(1.727586252495,-3.009448724487,
    2.135020937091));
#1329 = CARTESIAN_POINT('',(0.10585501195,-3.257464103805,2.135020692567
    ));
#1330 = CARTESIAN_POINT('',(-1.475741298782,-2.5067600004,2.135021036405
    ));
#1331 = CARTESIAN_POINT('',(-2.588653308495,-1.059860959899,
    2.135020781556));
#1332 = CARTESIAN_POINT('',(-2.588653308509,1.059860959899,
    2.135020781567));
#1333 = CARTESIAN_POINT('',(-1.475741298771,2.5067600004,2.135021036396)
  );
#1334 = CARTESIAN_POINT('',(0.105855011945,3.257464103806,2.135020692572
    ));
#1335 = CARTESIAN_POINT('',(1.727586252497,3.009448724487,2.135020937089
    ));
#1336 = CARTESIAN_POINT('',(2.834850674204,2.103093441788,2.135020857149
    ));
#1337 = CARTESIAN_POINT('',(3.329930862886,0.907864135812,2.135020857149
    ));
#1338 = CARTESIAN_POINT('',(3.350191131876,0.858951519637,2.135020857149
    ));
#1339 = CARTESIAN_POINT('',(3.370479638251,0.809970732388,2.135020857149
    ));
#1340 = CARTESIAN_POINT('',(3.390796382008,0.760921774065,2.135020857149
    ));
#1341 = CARTESIAN_POINT('',(3.411141363149,0.711804644669,2.135020857149
    ));
#1342 = CARTESIAN_POINT('',(3.431514581673,0.662619344198,2.135020857149
    ));
#1343 = CARTESIAN_POINT('',(3.451916037581,0.613365872653,2.135020857149
    ));
#1344 = CARTESIAN_POINT('',(3.472345730872,0.564044230035,2.135020857149
    ));
#1345 = CARTESIAN_POINT('',(3.492803661547,0.514654416342,2.135020857149
    ));
#1346 = CARTESIAN_POINT('',(3.513289829605,0.465196431576,2.135020857149
    ));
#1347 = CARTESIAN_POINT('',(3.533804235046,0.415670275736,2.135020857149
    ));
#1348 = ORIENTED_EDGE('',*,*,#1349,.F.);
#1349 = EDGE_CURVE('',#1124,#1313,#1350,.T.);
#1350 = B_SPLINE_CURVE_WITH_KNOTS('',5,(#1351,#1352,#1353,#1354,#1355,
    #1356,#1357,#1358,#1359,#1360),.UNSPECIFIED.,.F.,.F.,(6,4,6),(0.,0.5
    ,1.),.UNSPECIFIED.);
#1351 = CARTESIAN_POINT('',(3.235446538439,0.925952274181,1.930661594627
    ));
#1352 = CARTESIAN_POINT('',(3.249271815997,0.93167889165,1.946744172007)
  );
#1353 = CARTESIAN_POINT('',(3.261973435419,0.936940074678,1.964470589246
    ));
#1354 = CARTESIAN_POINT('',(3.273234543788,0.941604578492,1.9836790636)
  );
#1355 = CARTESIAN_POINT('',(3.282778034968,0.945557621971,2.004056935692
    ));
#1356 = CARTESIAN_POINT('',(3.298159251937,0.951928730645,2.046389556494
    ));
#1357 = CARTESIAN_POINT('',(3.303997166347,0.95434687397,2.068344824333)
  );
#1358 = CARTESIAN_POINT('',(3.307841659805,0.955939315301,2.090710414983
    ));
#1359 = CARTESIAN_POINT('',(3.30969883117,0.956708580868,2.113053113924)
  );
#1360 = CARTESIAN_POINT('',(3.309698831278,0.956708580913,2.135020857149
    ));
#1361 = ORIENTED_EDGE('',*,*,#1132,.F.);
#1362 = ( BOUNDED_SURFACE() B_SPLINE_SURFACE(2,11,(
    (#1363,#1364,#1365,#1366,#1367,#1368,#1369,#1370,#1371,#1372,#1373
      ,#1374,#1375,#1376,#1377,#1378,#1379,#1380,#1381,#1382,#1383,#1384
      ,#1385,#1386,#1387,#1388,#1389,#1390,#1391,#1392,#1393,#1394)
    ,(#1395,#1396,#1397,#1398,#1399,#1400,#1401,#1402,#1403,#1404,#1405
      ,#1406,#1407,#1408,#1409,#1410,#1411,#1412,#1413,#1414,#1415,#1416
      ,#1417,#1418,#1419,#1420,#1421,#1422,#1423,#1424,#1425,#1426)
    ,(#1427,#1428,#1429,#1430,#1431,#1432,#1433,#1434,#1435,#1436,#1437
      ,#1438,#1439,#1440,#1441,#1442,#1443,#1444,#1445,#1446,#1447,#1448
      ,#1449,#1450,#1451,#1452,#1453,#1454,#1455,#1456,#1457,#1458
)),.UNSPECIFIED.,.F.,.F.,.F.) B_SPLINE_SURFACE_WITH_KNOTS((3,3),(12,10,
    10,12),(0.,13.744467859455),(-0.585615641583,2.901255980386E-15,
    13.744467859455,14.330083501039),.UNSPECIFIED.) 
GEOMETRIC_REPRESENTATION_ITEM() RATIONAL_B_SPLINE_SURFACE((
    (1.,1.,1.,1.,1.,1.,1.,1.,1.,1.,1.,1.,1.,1.,1.,1.,1.,1.,1.,1.,1.,1.
      ,1.,1.,1.,1.,1.,1.,1.,1.,1.,1.)
    ,(0.93061798229,0.93061798229,0.93061798229,0.93061798229
      ,0.93061798229,0.93061798229,0.93061798229,0.93061798229
      ,0.93061798229,0.93061798229,0.93061798229,0.93061798229
      ,0.930617902914,0.930618145705,0.930617804307,0.93061805734
      ,0.930618057345,0.930617804303,0.930618145707,0.930617902913
      ,0.93061798229,0.93061798229,0.93061798229,0.93061798229
      ,0.93061798229,0.93061798229,0.93061798229,0.93061798229
      ,0.93061798229,0.93061798229,0.93061798229,0.93061798229)
    ,(1.,1.,1.,1.,1.,1.,1.,1.,1.,1.,1.,1.,1.,1.,1.,1.,1.,1.,1.,1.,1.,1.
,1.,1.,1.,1.,1.,1.,1.,1.,1.,1.))) REPRESENTATION_ITEM('') SURFACE() );
#1363 = CARTESIAN_POINT('',(3.459551942206,-0.384913969004,
    1.930661594627));
#1364 = CARTESIAN_POINT('',(3.438387116582,-0.43601037807,1.930661594627
    ));
#1365 = CARTESIAN_POINT('',(3.417380612378,-0.486724565418,
    1.930661594627));
#1366 = CARTESIAN_POINT('',(3.396532429594,-0.537056531046,
    1.930661594627));
#1367 = CARTESIAN_POINT('',(3.37584256823,-0.587006274955,1.930661594627
    ));
#1368 = CARTESIAN_POINT('',(3.355311028286,-0.636573797145,
    1.930661594627));
#1369 = CARTESIAN_POINT('',(3.334937809762,-0.685759097616,
    1.930661594627));
#1370 = CARTESIAN_POINT('',(3.314722912657,-0.734562176367,
    1.930661594627));
#1371 = CARTESIAN_POINT('',(3.294666336973,-0.782983033399,
    1.930661594627));
#1372 = CARTESIAN_POINT('',(3.274768082708,-0.831021668713,
    1.930661594627));
#1373 = CARTESIAN_POINT('',(3.255028149863,-0.878678082306,
    1.930661594627));
#1374 = CARTESIAN_POINT('',(2.775863819411,-2.03548310749,1.930661594627
    ));
#1375 = CARTESIAN_POINT('',(1.704091980563,-2.912929929979,
    1.930661579303));
#1376 = CARTESIAN_POINT('',(0.134360577617,-3.15228097909,1.930661626176
    ));
#1377 = CARTESIAN_POINT('',(-1.395396108631,-2.426388868523,
    1.930661560267));
#1378 = CARTESIAN_POINT('',(-2.473728053045,-1.026234168191,
    1.930661609113));
#1379 = CARTESIAN_POINT('',(-2.473728053056,1.026234168191,
    1.930661609123));
#1380 = CARTESIAN_POINT('',(-1.395396108622,2.426388868523,1.93066156026
    ));
#1381 = CARTESIAN_POINT('',(0.134360577613,3.15228097909,1.93066162618)
  );
#1382 = CARTESIAN_POINT('',(1.704091980565,2.912929929979,1.930661579301
    ));
#1383 = CARTESIAN_POINT('',(2.775863819411,2.03548310749,1.930661594627)
  );
#1384 = CARTESIAN_POINT('',(3.255028149863,0.878678082306,1.930661594627
    ));
#1385 = CARTESIAN_POINT('',(3.274768082708,0.831021668713,1.930661594627
    ));
#1386 = CARTESIAN_POINT('',(3.294666336973,0.782983033399,1.930661594627
    ));
#1387 = CARTESIAN_POINT('',(3.314722912657,0.734562176367,1.930661594627
    ));
#1388 = CARTESIAN_POINT('',(3.334937809762,0.685759097616,1.930661594627
    ));
#1389 = CARTESIAN_POINT('',(3.355311028286,0.636573797145,1.930661594627
    ));
#1390 = CARTESIAN_POINT('',(3.37584256823,0.587006274955,1.930661594627)
  );
#1391 = CARTESIAN_POINT('',(3.396532429594,0.537056531046,1.930661594627
    ));
#1392 = CARTESIAN_POINT('',(3.417380612378,0.486724565418,1.930661594627
    ));
#1393 = CARTESIAN_POINT('',(3.438387116582,0.436010378071,1.930661594627
    ));
#1394 = CARTESIAN_POINT('',(3.459551942206,0.384913969004,1.930661594627
    ));
#1395 = CARTESIAN_POINT('',(3.533804235046,-0.415670275735,
    2.017037309501));
#1396 = CARTESIAN_POINT('',(3.513289829604,-0.465196431576,
    2.017037309501));
#1397 = CARTESIAN_POINT('',(3.492803661547,-0.514654416342,
    2.017037309501));
#1398 = CARTESIAN_POINT('',(3.472345730872,-0.564044230035,
    2.017037309501));
#1399 = CARTESIAN_POINT('',(3.451916037581,-0.613365872653,
    2.017037309501));
#1400 = CARTESIAN_POINT('',(3.431514581673,-0.662619344198,
    2.017037309501));
#1401 = CARTESIAN_POINT('',(3.411141363149,-0.711804644669,
    2.017037309501));
#1402 = CARTESIAN_POINT('',(3.390796382008,-0.760921774065,
    2.017037309501));
#1403 = CARTESIAN_POINT('',(3.37047963825,-0.809970732388,2.017037309501
    ));
#1404 = CARTESIAN_POINT('',(3.350191131876,-0.858951519637,
    2.017037309501));
#1405 = CARTESIAN_POINT('',(3.329930862886,-0.907864135812,
    2.017037309501));
#1406 = CARTESIAN_POINT('',(2.834850674205,-2.103093441788,
    2.017037309501));
#1407 = CARTESIAN_POINT('',(1.727586214542,-3.009448936944,
    2.017037314315));
#1408 = CARTESIAN_POINT('',(0.105855341319,-3.257463206685,2.01703729959
    ));
#1409 = CARTESIAN_POINT('',(-1.475741895236,-2.506761759151,
    2.017037320295));
#1410 = CARTESIAN_POINT('',(-2.588652975413,-1.05985863781,
    2.017037304949));
#1411 = CARTESIAN_POINT('',(-2.58865297541,1.059858637805,2.017037304949
    ));
#1412 = CARTESIAN_POINT('',(-1.475741895234,2.506761759161,
    2.017037320295));
#1413 = CARTESIAN_POINT('',(0.105855341315,3.257463206678,2.01703729959)
  );
#1414 = CARTESIAN_POINT('',(1.727586214545,3.009448936946,2.017037314315
    ));
#1415 = CARTESIAN_POINT('',(2.834850674204,2.103093441787,2.017037309501
    ));
#1416 = CARTESIAN_POINT('',(3.329930862886,0.907864135812,2.017037309501
    ));
#1417 = CARTESIAN_POINT('',(3.350191131876,0.858951519637,2.017037309501
    ));
#1418 = CARTESIAN_POINT('',(3.370479638251,0.809970732388,2.017037309501
    ));
#1419 = CARTESIAN_POINT('',(3.390796382008,0.760921774065,2.017037309501
    ));
#1420 = CARTESIAN_POINT('',(3.411141363149,0.711804644669,2.017037309501
    ));
#1421 = CARTESIAN_POINT('',(3.431514581674,0.662619344198,2.017037309501
    ));
#1422 = CARTESIAN_POINT('',(3.451916037581,0.613365872653,2.017037309501
    ));
#1423 = CARTESIAN_POINT('',(3.472345730872,0.564044230035,2.017037309501
    ));
#1424 = CARTESIAN_POINT('',(3.492803661547,0.514654416342,2.017037309501
    ));
#1425 = CARTESIAN_POINT('',(3.513289829605,0.465196431576,2.017037309501
    ));
#1426 = CARTESIAN_POINT('',(3.533804235046,0.415670275736,2.017037309501
    ));
#1427 = CARTESIAN_POINT('',(3.533804235046,-0.415670275735,
    2.135020857149));
#1428 = CARTESIAN_POINT('',(3.513289829604,-0.465196431576,
    2.135020857149));
#1429 = CARTESIAN_POINT('',(3.492803661547,-0.514654416342,
    2.135020857149));
#1430 = CARTESIAN_POINT('',(3.472345730872,-0.564044230035,
    2.135020857149));
#1431 = CARTESIAN_POINT('',(3.451916037581,-0.613365872653,
    2.135020857149));
#1432 = CARTESIAN_POINT('',(3.431514581673,-0.662619344198,
    2.135020857149));
#1433 = CARTESIAN_POINT('',(3.411141363149,-0.711804644669,
    2.135020857149));
#1434 = CARTESIAN_POINT('',(3.390796382008,-0.760921774065,
    2.135020857149));
#1435 = CARTESIAN_POINT('',(3.370479638251,-0.809970732388,
    2.135020857149));
#1436 = CARTESIAN_POINT('',(3.350191131876,-0.858951519637,
    2.135020857149));
#1437 = CARTESIAN_POINT('',(3.329930862886,-0.907864135812,
    2.135020857149));
#1438 = CARTESIAN_POINT('',(2.834850674205,-2.103093441788,
    2.135020857149));
#1439 = CARTESIAN_POINT('',(1.727586252495,-3.009448724487,
    2.135020937091));
#1440 = CARTESIAN_POINT('',(0.10585501195,-3.257464103805,2.135020692567
    ));
#1441 = CARTESIAN_POINT('',(-1.475741298782,-2.5067600004,2.135021036405
    ));
#1442 = CARTESIAN_POINT('',(-2.588653308495,-1.059860959899,
    2.135020781556));
#1443 = CARTESIAN_POINT('',(-2.588653308509,1.059860959899,
    2.135020781567));
#1444 = CARTESIAN_POINT('',(-1.475741298771,2.5067600004,2.135021036396)
  );
#1445 = CARTESIAN_POINT('',(0.105855011945,3.257464103806,2.135020692572
    ));
#1446 = CARTESIAN_POINT('',(1.727586252497,3.009448724487,2.135020937089
    ));
#1447 = CARTESIAN_POINT('',(2.834850674204,2.103093441788,2.135020857149
    ));
#1448 = CARTESIAN_POINT('',(3.329930862886,0.907864135812,2.135020857149
    ));
#1449 = CARTESIAN_POINT('',(3.350191131876,0.858951519637,2.135020857149
    ));
#1450 = CARTESIAN_POINT('',(3.370479638251,0.809970732388,2.135020857149
    ));
#1451 = CARTESIAN_POINT('',(3.390796382008,0.760921774065,2.135020857149
    ));
#1452 = CARTESIAN_POINT('',(3.411141363149,0.711804644669,2.135020857149
    ));
#1453 = CARTESIAN_POINT('',(3.431514581673,0.662619344198,2.135020857149
    ));
#1454 = CARTESIAN_POINT('',(3.451916037581,0.613365872653,2.135020857149
    ));
#1455 = CARTESIAN_POINT('',(3.472345730872,0.564044230035,2.135020857149
    ));
#1456 = CARTESIAN_POINT('',(3.492803661547,0.514654416342,2.135020857149
    ));
#1457 = CARTESIAN_POINT('',(3.513289829605,0.465196431576,2.135020857149
    ));
#1458 = CARTESIAN_POINT('',(3.533804235046,0.415670275736,2.135020857149
    ));
#1459 = ADVANCED_FACE('',(#1460),#1496,.T.);
#1460 = FACE_BOUND('',#1461,.T.);
#1461 = EDGE_LOOP('',(#1462,#1463,#1464,#1483));
#1462 = ORIENTED_EDGE('',*,*,#1179,.F.);
#1463 = ORIENTED_EDGE('',*,*,#1349,.T.);
#1464 = ORIENTED_EDGE('',*,*,#1465,.T.);
#1465 = EDGE_CURVE('',#1313,#1466,#1468,.T.);
#1466 = VERTEX_POINT('',#1467);
#1467 = CARTESIAN_POINT('',(3.487468271461,0.25,2.135020857149));
#1468 = B_SPLINE_CURVE_WITH_KNOTS('',5,(#1469,#1470,#1471,#1472,#1473,
    #1474,#1475,#1476,#1477,#1478,#1479,#1480,#1481,#1482),
  .UNSPECIFIED.,.F.,.F.,(6,4,4,6),(-0.119413470026,-1.353371911203E-07,
    1.96349554383,2.08290869425),.UNSPECIFIED.);
#1469 = CARTESIAN_POINT('',(3.264001325546,1.067032118743,2.135020857149
    ));
#1470 = CARTESIAN_POINT('',(3.273140829292,1.0449674049,2.135020857149)
  );
#1471 = CARTESIAN_POINT('',(3.282280331654,1.0229026944,2.135020857149)
  );
#1472 = CARTESIAN_POINT('',(3.291419832631,1.000837987243,2.135020857149
    ));
#1473 = CARTESIAN_POINT('',(3.300559332224,0.978773283428,2.135020857149
    ));
#1474 = CARTESIAN_POINT('',(3.45997823841,0.593901998977,2.135020857149)
  );
#1475 = CARTESIAN_POINT('',(3.539038746156,0.201591257513,2.135020857149
    ));
#1476 = CARTESIAN_POINT('',(3.539039291386,-0.201589955698,
    2.135020857149));
#1477 = CARTESIAN_POINT('',(3.45997851584,-0.593901329202,2.135020857149
    ));
#1478 = CARTESIAN_POINT('',(3.300559329455,-0.978773290113,
    2.135020857149));
#1479 = CARTESIAN_POINT('',(3.291419828478,-1.00083799727,2.135020857149
    ));
#1480 = CARTESIAN_POINT('',(3.2822803275,-1.022902704428,2.135020857149)
  );
#1481 = CARTESIAN_POINT('',(3.273140826523,-1.044967411585,
    2.135020857149));
#1482 = CARTESIAN_POINT('',(3.264001325546,-1.067032118743,
    2.135020857149));
#1483 = ORIENTED_EDGE('',*,*,#1484,.T.);
#1484 = EDGE_CURVE('',#1466,#1180,#1485,.T.);
#1485 = B_SPLINE_CURVE_WITH_KNOTS('',5,(#1486,#1487,#1488,#1489,#1490,
    #1491,#1492,#1493,#1494,#1495),.UNSPECIFIED.,.F.,.F.,(6,4,6),(0.,
    0.48758179705,1.),.UNSPECIFIED.);
#1486 = CARTESIAN_POINT('',(3.487468271461,0.25,2.135020857149));
#1487 = CARTESIAN_POINT('',(3.487468270657,0.25,2.113553317448));
#1488 = CARTESIAN_POINT('',(3.485538793119,0.25,2.091758528998));
#1489 = CARTESIAN_POINT('',(3.481559474663,0.25,2.069958867169));
#1490 = CARTESIAN_POINT('',(3.475526468276,0.25,2.048540658581));
#1491 = CARTESIAN_POINT('',(3.459209148069,0.25,2.006097182303));
#1492 = CARTESIAN_POINT('',(3.448723867052,0.25,1.985147071589));
#1493 = CARTESIAN_POINT('',(3.436260723432,0.25,1.965395047985));
#1494 = CARTESIAN_POINT('',(3.422126648559,0.25,1.947173883242));
#1495 = CARTESIAN_POINT('',(3.40667978278,0.25,1.930661594627));
#1496 = ( BOUNDED_SURFACE() B_SPLINE_SURFACE(2,5,(
    (#1497,#1498,#1499,#1500,#1501,#1502,#1503,#1504,#1505,#1506,#1507
      ,#1508,#1509,#1510)
    ,(#1511,#1512,#1513,#1514,#1515,#1516,#1517,#1518,#1519,#1520,#1521
      ,#1522,#1523,#1524)
    ,(#1525,#1526,#1527,#1528,#1529,#1530,#1531,#1532,#1533,#1534,#1535
      ,#1536,#1537,#1538
)),.UNSPECIFIED.,.F.,.F.,.F.) B_SPLINE_SURFACE_WITH_KNOTS((3,3),(6,4,4,6
    ),(0.,1.963495679168),(-0.119413470026,-1.353371911203E-07,
    1.96349554383,2.08290869425),.UNSPECIFIED.) 
GEOMETRIC_REPRESENTATION_ITEM() RATIONAL_B_SPLINE_SURFACE((
    (1.,1.,1.,1.,1.,1.,1.,1.,1.,1.,1.,1.,1.,1.)
    ,(0.93061798229,0.93061798229,0.93061798229,0.93061798229
      ,0.93061798229,0.93061798229,0.93061798229,0.93061798229
      ,0.93061798229,0.93061798229,0.93061798229,0.93061798229
      ,0.93061798229,0.93061798229)
,(1.,1.,1.,1.,1.,1.,1.,1.,1.,1.,1.,1.,1.,1.
))) REPRESENTATION_ITEM('') SURFACE() );
#1497 = CARTESIAN_POINT('',(3.189749034566,1.036275808073,1.930661594627
    ));
#1498 = CARTESIAN_POINT('',(3.199182355483,1.013501756721,1.930661594627
    ));
#1499 = CARTESIAN_POINT('',(3.20846876641,0.991082377458,1.930661594627)
  );
#1500 = CARTESIAN_POINT('',(3.217608267348,0.969017670284,1.930661594627
    ));
#1501 = CARTESIAN_POINT('',(3.226600858298,0.9473076352,1.930661594627)
  );
#1502 = CARTESIAN_POINT('',(3.380894753976,0.574809218729,1.930661594627
    ));
#1503 = CARTESIAN_POINT('',(3.457413628123,0.195110560338,1.930661594627
    ));
#1504 = CARTESIAN_POINT('',(3.457414134116,-0.1951093668,1.930661594627)
  );
#1505 = CARTESIAN_POINT('',(3.380895040325,-0.574808527422,
    1.930661594627));
#1506 = CARTESIAN_POINT('',(3.226600854533,-0.947307644289,
    1.930661594627));
#1507 = CARTESIAN_POINT('',(3.217608261701,-0.969017683918,
    1.930661594627));
#1508 = CARTESIAN_POINT('',(3.208468760763,-0.991082391091,
    1.930661594627));
#1509 = CARTESIAN_POINT('',(3.199182351718,-1.01350176581,1.930661594627
    ));
#1510 = CARTESIAN_POINT('',(3.189749034566,-1.036275808073,
    1.930661594627));
#1511 = CARTESIAN_POINT('',(3.264001325546,1.067032118743,2.017037309501
    ));
#1512 = CARTESIAN_POINT('',(3.273140829292,1.0449674049,2.017037309501)
  );
#1513 = CARTESIAN_POINT('',(3.282280331654,1.0229026944,2.017037309501)
  );
#1514 = CARTESIAN_POINT('',(3.291419832631,1.000837987243,2.017037309501
    ));
#1515 = CARTESIAN_POINT('',(3.300559332224,0.978773283428,2.017037309501
    ));
#1516 = CARTESIAN_POINT('',(3.45997823841,0.593901998977,2.017037309501)
  );
#1517 = CARTESIAN_POINT('',(3.539038746156,0.201591257513,2.017037309501
    ));
#1518 = CARTESIAN_POINT('',(3.539039291386,-0.201589955698,
    2.017037309501));
#1519 = CARTESIAN_POINT('',(3.45997851584,-0.593901329202,2.017037309501
    ));
#1520 = CARTESIAN_POINT('',(3.300559329455,-0.978773290113,
    2.017037309501));
#1521 = CARTESIAN_POINT('',(3.291419828478,-1.00083799727,2.017037309501
    ));
#1522 = CARTESIAN_POINT('',(3.2822803275,-1.022902704428,2.017037309501)
  );
#1523 = CARTESIAN_POINT('',(3.273140826523,-1.044967411585,
    2.017037309501));
#1524 = CARTESIAN_POINT('',(3.264001325546,-1.067032118743,
    2.017037309501));
#1525 = CARTESIAN_POINT('',(3.264001325546,1.067032118743,2.135020857149
    ));
#1526 = CARTESIAN_POINT('',(3.273140829292,1.0449674049,2.135020857149)
  );
#1527 = CARTESIAN_POINT('',(3.282280331654,1.0229026944,2.135020857149)
  );
#1528 = CARTESIAN_POINT('',(3.291419832631,1.000837987243,2.135020857149
    ));
#1529 = CARTESIAN_POINT('',(3.300559332224,0.978773283428,2.135020857149
    ));
#1530 = CARTESIAN_POINT('',(3.45997823841,0.593901998977,2.135020857149)
  );
#1531 = CARTESIAN_POINT('',(3.539038746156,0.201591257513,2.135020857149
    ));
#1532 = CARTESIAN_POINT('',(3.539039291386,-0.201589955698,
    2.135020857149));
#1533 = CARTESIAN_POINT('',(3.45997851584,-0.593901329202,2.135020857149
    ));
#1534 = CARTESIAN_POINT('',(3.300559329455,-0.978773290113,
    2.135020857149));
#1535 = CARTESIAN_POINT('',(3.291419828478,-1.00083799727,2.135020857149
    ));
#1536 = CARTESIAN_POINT('',(3.2822803275,-1.022902704428,2.135020857149)
  );
#1537 = CARTESIAN_POINT('',(3.273140826523,-1.044967411585,
    2.135020857149));
#1538 = CARTESIAN_POINT('',(3.264001325546,-1.067032118743,
    2.135020857149));
#1539 = ADVANCED_FACE('',(#1540),#1564,.F.);
#1540 = FACE_BOUND('',#1541,.F.);
#1541 = EDGE_LOOP('',(#1542,#1559,#1560,#1561,#1562,#1563));
#1542 = ORIENTED_EDGE('',*,*,#1543,.F.);
#1543 = EDGE_CURVE('',#1180,#1202,#1544,.T.);
#1544 = B_SPLINE_CURVE_WITH_KNOTS('',5,(#1545,#1546,#1547,#1548,#1549,
    #1550,#1551,#1552,#1553,#1554,#1555,#1556,#1557,#1558),
  .UNSPECIFIED.,.F.,.F.,(6,4,4,6),(-0.119413470026,-1.353371911203E-07,
    1.96349554383,2.08290869425),.UNSPECIFIED.);
#1545 = CARTESIAN_POINT('',(3.189749034566,1.036275808073,1.930661594627
    ));
#1546 = CARTESIAN_POINT('',(3.199182355483,1.013501756721,1.930661594627
    ));
#1547 = CARTESIAN_POINT('',(3.20846876641,0.991082377458,1.930661594627)
  );
#1548 = CARTESIAN_POINT('',(3.217608267348,0.969017670284,1.930661594627
    ));
#1549 = CARTESIAN_POINT('',(3.226600858298,0.9473076352,1.930661594627)
  );
#1550 = CARTESIAN_POINT('',(3.380894753976,0.574809218729,1.930661594627
    ));
#1551 = CARTESIAN_POINT('',(3.457413628123,0.195110560338,1.930661594627
    ));
#1552 = CARTESIAN_POINT('',(3.457414134116,-0.1951093668,1.930661594627)
  );
#1553 = CARTESIAN_POINT('',(3.380895040325,-0.574808527422,
    1.930661594627));
#1554 = CARTESIAN_POINT('',(3.226600854533,-0.947307644289,
    1.930661594627));
#1555 = CARTESIAN_POINT('',(3.217608261701,-0.969017683918,
    1.930661594627));
#1556 = CARTESIAN_POINT('',(3.208468760763,-0.991082391091,
    1.930661594627));
#1557 = CARTESIAN_POINT('',(3.199182351718,-1.01350176581,1.930661594627
    ));
#1558 = CARTESIAN_POINT('',(3.189749034566,-1.036275808073,
    1.930661594627));
#1559 = ORIENTED_EDGE('',*,*,#1276,.F.);
#1560 = ORIENTED_EDGE('',*,*,#1257,.F.);
#1561 = ORIENTED_EDGE('',*,*,#1250,.F.);
#1562 = ORIENTED_EDGE('',*,*,#1231,.F.);
#1563 = ORIENTED_EDGE('',*,*,#1220,.T.);
#1564 = SURFACE_OF_REVOLUTION('',#1565,#1570);
#1565 = CIRCLE('',#1566,0.485412195974);
#1566 = AXIS2_PLACEMENT_3D('',#1567,#1568,#1569);
#1567 = CARTESIAN_POINT('',(3.563765702719,1.061946524813,1.6));
#1568 = DIRECTION('',(-0.382683432365,0.923879532511,0.));
#1569 = DIRECTION('',(-0.523404384043,-0.216801194476,-0.824041924199));
#1570 = AXIS1_PLACEMENT('',#1571,#1572);
#1571 = CARTESIAN_POINT('',(1.,0.,0.));
#1572 = DIRECTION('',(0.,0.,-1.));
#1573 = ADVANCED_FACE('',(#1574),#1610,.T.);
#1574 = FACE_BOUND('',#1575,.T.);
#1575 = EDGE_LOOP('',(#1576,#1577,#1592,#1609));
#1576 = ORIENTED_EDGE('',*,*,#1201,.F.);
#1577 = ORIENTED_EDGE('',*,*,#1578,.F.);
#1578 = EDGE_CURVE('',#1579,#1202,#1581,.T.);
#1579 = VERTEX_POINT('',#1580);
#1580 = CARTESIAN_POINT('',(3.487468315832,-0.25,2.135020857149));
#1581 = B_SPLINE_CURVE_WITH_KNOTS('',5,(#1582,#1583,#1584,#1585,#1586,
    #1587,#1588,#1589,#1590,#1591),.UNSPECIFIED.,.F.,.F.,(6,4,6),(0.,
    0.487581797268,1.),.UNSPECIFIED.);
#1582 = CARTESIAN_POINT('',(3.487468315832,-0.25,2.135020857149));
#1583 = CARTESIAN_POINT('',(3.487468315028,-0.25,2.113553317453));
#1584 = CARTESIAN_POINT('',(3.485538837558,-0.25,2.091758529008));
#1585 = CARTESIAN_POINT('',(3.48155951924,-0.25,2.069958867183));
#1586 = CARTESIAN_POINT('',(3.475526513064,-0.25,2.048540658594));
#1587 = CARTESIAN_POINT('',(3.45920919343,-0.25,2.006097182322));
#1588 = CARTESIAN_POINT('',(3.448723912786,-0.25,1.985147071614));
#1589 = CARTESIAN_POINT('',(3.436260769607,-0.25,1.965395048007));
#1590 = CARTESIAN_POINT('',(3.422126695234,-0.25,1.947173883255));
#1591 = CARTESIAN_POINT('',(3.406679829997,-0.25,1.930661594627));
#1592 = ORIENTED_EDGE('',*,*,#1593,.T.);
#1593 = EDGE_CURVE('',#1579,#1298,#1594,.T.);
#1594 = B_SPLINE_CURVE_WITH_KNOTS('',5,(#1595,#1596,#1597,#1598,#1599,
    #1600,#1601,#1602,#1603,#1604,#1605,#1606,#1607,#1608),
  .UNSPECIFIED.,.F.,.F.,(6,4,4,6),(-0.119413470026,-1.353371911203E-07,
    1.96349554383,2.08290869425),.UNSPECIFIED.);
#1595 = CARTESIAN_POINT('',(3.264001325546,1.067032118743,2.135020857149
    ));
#1596 = CARTESIAN_POINT('',(3.273140829292,1.0449674049,2.135020857149)
  );
#1597 = CARTESIAN_POINT('',(3.282280331654,1.0229026944,2.135020857149)
  );
#1598 = CARTESIAN_POINT('',(3.291419832631,1.000837987243,2.135020857149
    ));
#1599 = CARTESIAN_POINT('',(3.300559332224,0.978773283428,2.135020857149
    ));
#1600 = CARTESIAN_POINT('',(3.45997823841,0.593901998977,2.135020857149)
  );
#1601 = CARTESIAN_POINT('',(3.539038746156,0.201591257513,2.135020857149
    ));
#1602 = CARTESIAN_POINT('',(3.539039291386,-0.201589955698,
    2.135020857149));
#1603 = CARTESIAN_POINT('',(3.45997851584,-0.593901329202,2.135020857149
    ));
#1604 = CARTESIAN_POINT('',(3.300559329455,-0.978773290113,
    2.135020857149));
#1605 = CARTESIAN_POINT('',(3.291419828478,-1.00083799727,2.135020857149
    ));
#1606 = CARTESIAN_POINT('',(3.2822803275,-1.022902704428,2.135020857149)
  );
#1607 = CARTESIAN_POINT('',(3.273140826523,-1.044967411585,
    2.135020857149));
#1608 = CARTESIAN_POINT('',(3.264001325546,-1.067032118743,
    2.135020857149));
#1609 = ORIENTED_EDGE('',*,*,#1297,.F.);
#1610 = ( BOUNDED_SURFACE() B_SPLINE_SURFACE(2,5,(
    (#1611,#1612,#1613,#1614,#1615,#1616,#1617,#1618,#1619,#1620,#1621
      ,#1622,#1623,#1624)
    ,(#1625,#1626,#1627,#1628,#1629,#1630,#1631,#1632,#1633,#1634,#1635
      ,#1636,#1637,#1638)
    ,(#1639,#1640,#1641,#1642,#1643,#1644,#1645,#1646,#1647,#1648,#1649
      ,#1650,#1651,#1652
)),.UNSPECIFIED.,.F.,.F.,.F.) B_SPLINE_SURFACE_WITH_KNOTS((3,3),(6,4,4,6
    ),(0.,1.963495679168),(-0.119413470026,-1.353371911203E-07,
    1.96349554383,2.08290869425),.UNSPECIFIED.) 
GEOMETRIC_REPRESENTATION_ITEM() RATIONAL_B_SPLINE_SURFACE((
    (1.,1.,1.,1.,1.,1.,1.,1.,1.,1.,1.,1.,1.,1.)
    ,(0.93061798229,0.93061798229,0.93061798229,0.93061798229
      ,0.93061798229,0.93061798229,0.93061798229,0.93061798229
      ,0.93061798229,0.93061798229,0.93061798229,0.93061798229
      ,0.93061798229,0.93061798229)
,(1.,1.,1.,1.,1.,1.,1.,1.,1.,1.,1.,1.,1.,1.
))) REPRESENTATION_ITEM('') SURFACE() );
#1611 = CARTESIAN_POINT('',(3.189749034566,1.036275808073,1.930661594627
    ));
#1612 = CARTESIAN_POINT('',(3.199182355483,1.013501756721,1.930661594627
    ));
#1613 = CARTESIAN_POINT('',(3.20846876641,0.991082377458,1.930661594627)
  );
#1614 = CARTESIAN_POINT('',(3.217608267348,0.969017670284,1.930661594627
    ));
#1615 = CARTESIAN_POINT('',(3.226600858298,0.9473076352,1.930661594627)
  );
#1616 = CARTESIAN_POINT('',(3.380894753976,0.574809218729,1.930661594627
    ));
#1617 = CARTESIAN_POINT('',(3.457413628123,0.195110560338,1.930661594627
    ));
#1618 = CARTESIAN_POINT('',(3.457414134116,-0.1951093668,1.930661594627)
  );
#1619 = CARTESIAN_POINT('',(3.380895040325,-0.574808527422,
    1.930661594627));
#1620 = CARTESIAN_POINT('',(3.226600854533,-0.947307644289,
    1.930661594627));
#1621 = CARTESIAN_POINT('',(3.217608261701,-0.969017683918,
    1.930661594627));
#1622 = CARTESIAN_POINT('',(3.208468760763,-0.991082391091,
    1.930661594627));
#1623 = CARTESIAN_POINT('',(3.199182351718,-1.01350176581,1.930661594627
    ));
#1624 = CARTESIAN_POINT('',(3.189749034566,-1.036275808073,
    1.930661594627));
#1625 = CARTESIAN_POINT('',(3.264001325546,1.067032118743,2.017037309501
    ));
#1626 = CARTESIAN_POINT('',(3.273140829292,1.0449674049,2.017037309501)
  );
#1627 = CARTESIAN_POINT('',(3.282280331654,1.0229026944,2.017037309501)
  );
#1628 = CARTESIAN_POINT('',(3.291419832631,1.000837987243,2.017037309501
    ));
#1629 = CARTESIAN_POINT('',(3.300559332224,0.978773283428,2.017037309501
    ));
#1630 = CARTESIAN_POINT('',(3.45997823841,0.593901998977,2.017037309501)
  );
#1631 = CARTESIAN_POINT('',(3.539038746156,0.201591257513,2.017037309501
    ));
#1632 = CARTESIAN_POINT('',(3.539039291386,-0.201589955698,
    2.017037309501));
#1633 = CARTESIAN_POINT('',(3.45997851584,-0.593901329202,2.017037309501
    ));
#1634 = CARTESIAN_POINT('',(3.300559329455,-0.978773290113,
    2.017037309501));
#1635 = CARTESIAN_POINT('',(3.291419828478,-1.00083799727,2.017037309501
    ));
#1636 = CARTESIAN_POINT('',(3.2822803275,-1.022902704428,2.017037309501)
  );
#1637 = CARTESIAN_POINT('',(3.273140826523,-1.044967411585,
    2.017037309501));
#1638 = CARTESIAN_POINT('',(3.264001325546,-1.067032118743,
    2.017037309501));
#1639 = CARTESIAN_POINT('',(3.264001325546,1.067032118743,2.135020857149
    ));
#1640 = CARTESIAN_POINT('',(3.273140829292,1.0449674049,2.135020857149)
  );
#1641 = CARTESIAN_POINT('',(3.282280331654,1.0229026944,2.135020857149)
  );
#1642 = CARTESIAN_POINT('',(3.291419832631,1.000837987243,2.135020857149
    ));
#1643 = CARTESIAN_POINT('',(3.300559332224,0.978773283428,2.135020857149
    ));
#1644 = CARTESIAN_POINT('',(3.45997823841,0.593901998977,2.135020857149)
  );
#1645 = CARTESIAN_POINT('',(3.539038746156,0.201591257513,2.135020857149
    ));
#1646 = CARTESIAN_POINT('',(3.539039291386,-0.201589955698,
    2.135020857149));
#1647 = CARTESIAN_POINT('',(3.45997851584,-0.593901329202,2.135020857149
    ));
#1648 = CARTESIAN_POINT('',(3.300559329455,-0.978773290113,
    2.135020857149));
#1649 = CARTESIAN_POINT('',(3.291419828478,-1.00083799727,2.135020857149
    ));
#1650 = CARTESIAN_POINT('',(3.2822803275,-1.022902704428,2.135020857149)
  );
#1651 = CARTESIAN_POINT('',(3.273140826523,-1.044967411585,
    2.135020857149));
#1652 = CARTESIAN_POINT('',(3.264001325546,-1.067032118743,
    2.135020857149));
#1653 = ADVANCED_FACE('',(#1654),#1680,.T.);
#1654 = FACE_BOUND('',#1655,.T.);
#1655 = EDGE_LOOP('',(#1656,#1667,#1673,#1674));
#1656 = ORIENTED_EDGE('',*,*,#1657,.T.);
#1657 = EDGE_CURVE('',#1658,#1660,#1662,.T.);
#1658 = VERTEX_POINT('',#1659);
#1659 = CARTESIAN_POINT('',(3.309698831278,-0.956708580913,4.8));
#1660 = VERTEX_POINT('',#1661);
#1661 = CARTESIAN_POINT('',(3.309698831278,0.956708580913,4.8));
#1662 = CIRCLE('',#1663,2.5);
#1663 = AXIS2_PLACEMENT_3D('',#1664,#1665,#1666);
#1664 = CARTESIAN_POINT('',(1.,0.,4.8));
#1665 = DIRECTION('',(0.,-0.,-1.));
#1666 = DIRECTION('',(0.923879532511,-0.382683432365,0.));
#1667 = ORIENTED_EDGE('',*,*,#1668,.F.);
#1668 = EDGE_CURVE('',#1313,#1660,#1669,.T.);
#1669 = LINE('',#1670,#1671);
#1670 = CARTESIAN_POINT('',(3.309698831278,0.956708580913,2.));
#1671 = VECTOR('',#1672,1.);
#1672 = DIRECTION('',(0.,0.,1.));
#1673 = ORIENTED_EDGE('',*,*,#1312,.F.);
#1674 = ORIENTED_EDGE('',*,*,#1675,.T.);
#1675 = EDGE_CURVE('',#1298,#1658,#1676,.T.);
#1676 = LINE('',#1677,#1678);
#1677 = CARTESIAN_POINT('',(3.309698831278,-0.956708580913,2.));
#1678 = VECTOR('',#1679,1.);
#1679 = DIRECTION('',(0.,0.,1.));
#1680 = CYLINDRICAL_SURFACE('',#1681,2.5);
#1681 = AXIS2_PLACEMENT_3D('',#1682,#1683,#1684);
#1682 = CARTESIAN_POINT('',(1.,0.,2.));
#1683 = DIRECTION('',(0.,0.,1.));
#1684 = DIRECTION('',(0.923879532511,-0.382683432365,0.));
#1685 = ADVANCED_FACE('',(#1686),#1708,.T.);
#1686 = FACE_BOUND('',#1687,.T.);
#1687 = EDGE_LOOP('',(#1688,#1689,#1690,#1707));
#1688 = ORIENTED_EDGE('',*,*,#1543,.F.);
#1689 = ORIENTED_EDGE('',*,*,#1484,.F.);
#1690 = ORIENTED_EDGE('',*,*,#1691,.T.);
#1691 = EDGE_CURVE('',#1466,#1579,#1692,.T.);
#1692 = B_SPLINE_CURVE_WITH_KNOTS('',5,(#1693,#1694,#1695,#1696,#1697,
    #1698,#1699,#1700,#1701,#1702,#1703,#1704,#1705,#1706),
  .UNSPECIFIED.,.F.,.F.,(6,4,4,6),(-0.119413470026,-1.353371911203E-07,
    1.96349554383,2.08290869425),.UNSPECIFIED.);
#1693 = CARTESIAN_POINT('',(3.264001325546,1.067032118743,2.135020857149
    ));
#1694 = CARTESIAN_POINT('',(3.273140829292,1.0449674049,2.135020857149)
  );
#1695 = CARTESIAN_POINT('',(3.282280331654,1.0229026944,2.135020857149)
  );
#1696 = CARTESIAN_POINT('',(3.291419832631,1.000837987243,2.135020857149
    ));
#1697 = CARTESIAN_POINT('',(3.300559332224,0.978773283428,2.135020857149
    ));
#1698 = CARTESIAN_POINT('',(3.45997823841,0.593901998977,2.135020857149)
  );
#1699 = CARTESIAN_POINT('',(3.539038746156,0.201591257513,2.135020857149
    ));
#1700 = CARTESIAN_POINT('',(3.539039291386,-0.201589955698,
    2.135020857149));
#1701 = CARTESIAN_POINT('',(3.45997851584,-0.593901329202,2.135020857149
    ));
#1702 = CARTESIAN_POINT('',(3.300559329455,-0.978773290113,
    2.135020857149));
#1703 = CARTESIAN_POINT('',(3.291419828478,-1.00083799727,2.135020857149
    ));
#1704 = CARTESIAN_POINT('',(3.2822803275,-1.022902704428,2.135020857149)
  );
#1705 = CARTESIAN_POINT('',(3.273140826523,-1.044967411585,
    2.135020857149));
#1706 = CARTESIAN_POINT('',(3.264001325546,-1.067032118743,
    2.135020857149));
#1707 = ORIENTED_EDGE('',*,*,#1578,.T.);
#1708 = ( BOUNDED_SURFACE() B_SPLINE_SURFACE(2,5,(
    (#1709,#1710,#1711,#1712,#1713,#1714,#1715,#1716,#1717,#1718,#1719
      ,#1720,#1721,#1722)
    ,(#1723,#1724,#1725,#1726,#1727,#1728,#1729,#1730,#1731,#1732,#1733
      ,#1734,#1735,#1736)
    ,(#1737,#1738,#1739,#1740,#1741,#1742,#1743,#1744,#1745,#1746,#1747
      ,#1748,#1749,#1750
)),.UNSPECIFIED.,.F.,.F.,.F.) B_SPLINE_SURFACE_WITH_KNOTS((3,3),(6,4,4,6
    ),(0.,1.963495679168),(-0.119413470026,-1.353371911203E-07,
    1.96349554383,2.08290869425),.UNSPECIFIED.) 
GEOMETRIC_REPRESENTATION_ITEM() RATIONAL_B_SPLINE_SURFACE((
    (1.,1.,1.,1.,1.,1.,1.,1.,1.,1.,1.,1.,1.,1.)
    ,(0.93061798229,0.93061798229,0.93061798229,0.93061798229
      ,0.93061798229,0.93061798229,0.93061798229,0.93061798229
      ,0.93061798229,0.93061798229,0.93061798229,0.93061798229
      ,0.93061798229,0.93061798229)
,(1.,1.,1.,1.,1.,1.,1.,1.,1.,1.,1.,1.,1.,1.
))) REPRESENTATION_ITEM('') SURFACE() );
#1709 = CARTESIAN_POINT('',(3.189749034566,1.036275808073,1.930661594627
    ));
#1710 = CARTESIAN_POINT('',(3.199182355483,1.013501756721,1.930661594627
    ));
#1711 = CARTESIAN_POINT('',(3.20846876641,0.991082377458,1.930661594627)
  );
#1712 = CARTESIAN_POINT('',(3.217608267348,0.969017670284,1.930661594627
    ));
#1713 = CARTESIAN_POINT('',(3.226600858298,0.9473076352,1.930661594627)
  );
#1714 = CARTESIAN_POINT('',(3.380894753976,0.574809218729,1.930661594627
    ));
#1715 = CARTESIAN_POINT('',(3.457413628123,0.195110560338,1.930661594627
    ));
#1716 = CARTESIAN_POINT('',(3.457414134116,-0.1951093668,1.930661594627)
  );
#1717 = CARTESIAN_POINT('',(3.380895040325,-0.574808527422,
    1.930661594627));
#1718 = CARTESIAN_POINT('',(3.226600854533,-0.947307644289,
    1.930661594627));
#1719 = CARTESIAN_POINT('',(3.217608261701,-0.969017683918,
    1.930661594627));
#1720 = CARTESIAN_POINT('',(3.208468760763,-0.991082391091,
    1.930661594627));
#1721 = CARTESIAN_POINT('',(3.199182351718,-1.01350176581,1.930661594627
    ));
#1722 = CARTESIAN_POINT('',(3.189749034566,-1.036275808073,
    1.930661594627));
#1723 = CARTESIAN_POINT('',(3.264001325546,1.067032118743,2.017037309501
    ));
#1724 = CARTESIAN_POINT('',(3.273140829292,1.0449674049,2.017037309501)
  );
#1725 = CARTESIAN_POINT('',(3.282280331654,1.0229026944,2.017037309501)
  );
#1726 = CARTESIAN_POINT('',(3.291419832631,1.000837987243,2.017037309501
    ));
#1727 = CARTESIAN_POINT('',(3.300559332224,0.978773283428,2.017037309501
    ));
#1728 = CARTESIAN_POINT('',(3.45997823841,0.593901998977,2.017037309501)
  );
#1729 = CARTESIAN_POINT('',(3.539038746156,0.201591257513,2.017037309501
    ));
#1730 = CARTESIAN_POINT('',(3.539039291386,-0.201589955698,
    2.017037309501));
#1731 = CARTESIAN_POINT('',(3.45997851584,-0.593901329202,2.017037309501
    ));
#1732 = CARTESIAN_POINT('',(3.300559329455,-0.978773290113,
    2.017037309501));
#1733 = CARTESIAN_POINT('',(3.291419828478,-1.00083799727,2.017037309501
    ));
#1734 = CARTESIAN_POINT('',(3.2822803275,-1.022902704428,2.017037309501)
  );
#1735 = CARTESIAN_POINT('',(3.273140826523,-1.044967411585,
    2.017037309501));
#1736 = CARTESIAN_POINT('',(3.264001325546,-1.067032118743,
    2.017037309501));
#1737 = CARTESIAN_POINT('',(3.264001325546,1.067032118743,2.135020857149
    ));
#1738 = CARTESIAN_POINT('',(3.273140829292,1.0449674049,2.135020857149)
  );
#1739 = CARTESIAN_POINT('',(3.282280331654,1.0229026944,2.135020857149)
  );
#1740 = CARTESIAN_POINT('',(3.291419832631,1.000837987243,2.135020857149
    ));
#1741 = CARTESIAN_POINT('',(3.300559332224,0.978773283428,2.135020857149
    ));
#1742 = CARTESIAN_POINT('',(3.45997823841,0.593901998977,2.135020857149)
  );
#1743 = CARTESIAN_POINT('',(3.539038746156,0.201591257513,2.135020857149
    ));
#1744 = CARTESIAN_POINT('',(3.539039291386,-0.201589955698,
    2.135020857149));
#1745 = CARTESIAN_POINT('',(3.45997851584,-0.593901329202,2.135020857149
    ));
#1746 = CARTESIAN_POINT('',(3.300559329455,-0.978773290113,
    2.135020857149));
#1747 = CARTESIAN_POINT('',(3.291419828478,-1.00083799727,2.135020857149
    ));
#1748 = CARTESIAN_POINT('',(3.2822803275,-1.022902704428,2.135020857149)
  );
#1749 = CARTESIAN_POINT('',(3.273140826523,-1.044967411585,
    2.135020857149));
#1750 = CARTESIAN_POINT('',(3.264001325546,-1.067032118743,
    2.135020857149));
#1751 = ADVANCED_FACE('',(#1752),#1823,.T.);
#1752 = FACE_BOUND('',#1753,.T.);
#1753 = EDGE_LOOP('',(#1754,#1761,#1762,#1763,#1771,#1785,#1794,#1808,
    #1815,#1821,#1822));
#1754 = ORIENTED_EDGE('',*,*,#1755,.T.);
#1755 = EDGE_CURVE('',#1660,#1658,#1756,.T.);
#1756 = CIRCLE('',#1757,2.5);
#1757 = AXIS2_PLACEMENT_3D('',#1758,#1759,#1760);
#1758 = CARTESIAN_POINT('',(1.,0.,4.8));
#1759 = DIRECTION('',(0.,0.,-1.));
#1760 = DIRECTION('',(0.923879532511,0.382683432365,0.));
#1761 = ORIENTED_EDGE('',*,*,#1675,.F.);
#1762 = ORIENTED_EDGE('',*,*,#1593,.F.);
#1763 = ORIENTED_EDGE('',*,*,#1764,.T.);
#1764 = EDGE_CURVE('',#1579,#1765,#1767,.T.);
#1765 = VERTEX_POINT('',#1766);
#1766 = CARTESIAN_POINT('',(3.487468592767,-0.25,3.251));
#1767 = LINE('',#1768,#1769);
#1768 = CARTESIAN_POINT('',(3.487468592767,-0.25,2.));
#1769 = VECTOR('',#1770,1.);
#1770 = DIRECTION('',(0.,0.,1.));
#1771 = ORIENTED_EDGE('',*,*,#1772,.F.);
#1772 = EDGE_CURVE('',#1773,#1765,#1775,.T.);
#1773 = VERTEX_POINT('',#1774);
#1774 = CARTESIAN_POINT('',(3.4999998,-1.E-03,3.5));
#1775 = B_SPLINE_CURVE_WITH_KNOTS('',8,(#1776,#1777,#1778,#1779,#1780,
    #1781,#1782,#1783,#1784),.UNSPECIFIED.,.F.,.F.,(9,9),(0.,1.),
  .PIECEWISE_BEZIER_KNOTS.);
#1776 = CARTESIAN_POINT('',(3.4999998,-1.E-03,3.5));
#1777 = CARTESIAN_POINT('',(3.499978617055,-5.395735907235E-02,3.5));
#1778 = CARTESIAN_POINT('',(3.498676082177,-0.104950526163,
    3.487127296357));
#1779 = CARTESIAN_POINT('',(3.496260480392,-0.151000424553,3.46305838894
    ));
#1780 = CARTESIAN_POINT('',(3.493287896111,-0.189937008149,
    3.429686411631));
#1781 = CARTESIAN_POINT('',(3.49048081622,-0.220024282271,3.389249497325
    ));
#1782 = CARTESIAN_POINT('',(3.488453332589,-0.240202972637,
    3.344185621158));
#1783 = CARTESIAN_POINT('',(3.487468592767,-0.25,3.297202715395));
#1784 = CARTESIAN_POINT('',(3.487468592767,-0.25,3.251));
#1785 = ORIENTED_EDGE('',*,*,#1786,.T.);
#1786 = EDGE_CURVE('',#1773,#1787,#1789,.T.);
#1787 = VERTEX_POINT('',#1788);
#1788 = CARTESIAN_POINT('',(3.4999998,9.999999999997E-04,3.5));
#1789 = CIRCLE('',#1790,2.5);
#1790 = AXIS2_PLACEMENT_3D('',#1791,#1792,#1793);
#1791 = CARTESIAN_POINT('',(1.,0.,3.5));
#1792 = DIRECTION('',(0.,-0.,1.));
#1793 = DIRECTION('',(0.923879532511,0.382683432365,0.));
#1794 = ORIENTED_EDGE('',*,*,#1795,.F.);
#1795 = EDGE_CURVE('',#1796,#1787,#1798,.T.);
#1796 = VERTEX_POINT('',#1797);
#1797 = CARTESIAN_POINT('',(3.487468622767,0.249999701504,3.251385552896
    ));
#1798 = B_SPLINE_CURVE_WITH_KNOTS('',8,(#1799,#1800,#1801,#1802,#1803,
    #1804,#1805,#1806,#1807),.UNSPECIFIED.,.F.,.F.,(9,9),(0.,1.),
  .PIECEWISE_BEZIER_KNOTS.);
#1799 = CARTESIAN_POINT('',(3.487468622767,0.249999701504,3.251385552896
    ));
#1800 = CARTESIAN_POINT('',(3.487475806375,0.249928225413,3.297546599758
    ));
#1801 = CARTESIAN_POINT('',(3.488466071569,0.240076163387,3.344468713965
    ));
#1802 = CARTESIAN_POINT('',(3.490495528585,0.21986657353,3.389460295011)
  );
#1803 = CARTESIAN_POINT('',(3.493300225575,0.189774954381,3.429823601109
    ));
#1804 = CARTESIAN_POINT('',(3.496267732898,0.150859143254,3.463130702916
    ));
#1805 = CARTESIAN_POINT('',(3.49867859983,0.104848949188,3.487152152151)
  );
#1806 = CARTESIAN_POINT('',(3.499978637521,5.390619388061E-02,3.5));
#1807 = CARTESIAN_POINT('',(3.4999998,1.E-03,3.5));
#1808 = ORIENTED_EDGE('',*,*,#1809,.F.);
#1809 = EDGE_CURVE('',#1810,#1796,#1812,.T.);
#1810 = VERTEX_POINT('',#1811);
#1811 = CARTESIAN_POINT('',(3.487468592767,0.25,3.251));
#1812 = B_SPLINE_CURVE_WITH_KNOTS('',1,(#1813,#1814),.UNSPECIFIED.,.F.,
  .F.,(2,2),(0.,1.),.PIECEWISE_BEZIER_KNOTS.);
#1813 = CARTESIAN_POINT('',(3.487468592767,0.25,3.251));
#1814 = CARTESIAN_POINT('',(3.487468622767,0.249999701504,3.251385552896
    ));
#1815 = ORIENTED_EDGE('',*,*,#1816,.F.);
#1816 = EDGE_CURVE('',#1466,#1810,#1817,.T.);
#1817 = LINE('',#1818,#1819);
#1818 = CARTESIAN_POINT('',(3.487468592767,0.25,2.));
#1819 = VECTOR('',#1820,1.);
#1820 = DIRECTION('',(0.,0.,1.));
#1821 = ORIENTED_EDGE('',*,*,#1465,.F.);
#1822 = ORIENTED_EDGE('',*,*,#1668,.T.);
#1823 = CYLINDRICAL_SURFACE('',#1824,2.5);
#1824 = AXIS2_PLACEMENT_3D('',#1825,#1826,#1827);
#1825 = CARTESIAN_POINT('',(1.,0.,2.));
#1826 = DIRECTION('',(0.,0.,1.));
#1827 = DIRECTION('',(0.923879532511,0.382683432365,-0.));
#1828 = ADVANCED_FACE('',(#1829),#1857,.T.);
#1829 = FACE_BOUND('',#1830,.T.);
#1830 = EDGE_LOOP('',(#1831,#1840,#1849,#1856));
#1831 = ORIENTED_EDGE('',*,*,#1832,.T.);
#1832 = EDGE_CURVE('',#1658,#1833,#1835,.T.);
#1833 = VERTEX_POINT('',#1834);
#1834 = CARTESIAN_POINT('',(3.124922924776,-0.88017189444,5.));
#1835 = CIRCLE('',#1836,0.2);
#1836 = AXIS2_PLACEMENT_3D('',#1837,#1838,#1839);
#1837 = CARTESIAN_POINT('',(3.124922924776,-0.88017189444,4.8));
#1838 = DIRECTION('',(-0.382683432365,-0.923879532511,0.));
#1839 = DIRECTION('',(0.923879532511,-0.382683432365,-4.440892098502E-15
    ));
#1840 = ORIENTED_EDGE('',*,*,#1841,.T.);
#1841 = EDGE_CURVE('',#1833,#1842,#1844,.T.);
#1842 = VERTEX_POINT('',#1843);
#1843 = CARTESIAN_POINT('',(3.124922924776,0.88017189444,5.));
#1844 = CIRCLE('',#1845,2.3);
#1845 = AXIS2_PLACEMENT_3D('',#1846,#1847,#1848);
#1846 = CARTESIAN_POINT('',(1.,0.,5.));
#1847 = DIRECTION('',(0.,-0.,-1.));
#1848 = DIRECTION('',(0.923879532511,-0.382683432365,0.));
#1849 = ORIENTED_EDGE('',*,*,#1850,.F.);
#1850 = EDGE_CURVE('',#1660,#1842,#1851,.T.);
#1851 = CIRCLE('',#1852,0.2);
#1852 = AXIS2_PLACEMENT_3D('',#1853,#1854,#1855);
#1853 = CARTESIAN_POINT('',(3.124922924776,0.88017189444,4.8));
#1854 = DIRECTION('',(0.382683432365,-0.923879532511,0.));
#1855 = DIRECTION('',(0.923879532511,0.382683432365,-4.440892098502E-15)
  );
#1856 = ORIENTED_EDGE('',*,*,#1657,.F.);
#1857 = TOROIDAL_SURFACE('',#1858,2.3,0.2);
#1858 = AXIS2_PLACEMENT_3D('',#1859,#1860,#1861);
#1859 = CARTESIAN_POINT('',(1.,0.,4.8));
#1860 = DIRECTION('',(0.,0.,1.));
#1861 = DIRECTION('',(0.923879532511,-0.382683432365,0.));
#1862 = ADVANCED_FACE('',(#1863),#1872,.T.);
#1863 = FACE_BOUND('',#1864,.T.);
#1864 = EDGE_LOOP('',(#1865,#1866,#1867,#1868,#1869,#1870,#1871));
#1865 = ORIENTED_EDGE('',*,*,#1809,.T.);
#1866 = ORIENTED_EDGE('',*,*,#1795,.T.);
#1867 = ORIENTED_EDGE('',*,*,#1786,.F.);
#1868 = ORIENTED_EDGE('',*,*,#1772,.T.);
#1869 = ORIENTED_EDGE('',*,*,#1764,.F.);
#1870 = ORIENTED_EDGE('',*,*,#1691,.F.);
#1871 = ORIENTED_EDGE('',*,*,#1816,.T.);
#1872 = CYLINDRICAL_SURFACE('',#1873,2.5);
#1873 = AXIS2_PLACEMENT_3D('',#1874,#1875,#1876);
#1874 = CARTESIAN_POINT('',(1.,0.,2.));
#1875 = DIRECTION('',(0.,0.,1.));
#1876 = DIRECTION('',(0.923879532511,0.382683432365,-0.));
#1877 = ADVANCED_FACE('',(#1878),#1890,.T.);
#1878 = FACE_BOUND('',#1879,.T.);
#1879 = EDGE_LOOP('',(#1880,#1881,#1888,#1889));
#1880 = ORIENTED_EDGE('',*,*,#1850,.T.);
#1881 = ORIENTED_EDGE('',*,*,#1882,.T.);
#1882 = EDGE_CURVE('',#1842,#1833,#1883,.T.);
#1883 = CIRCLE('',#1884,2.3);
#1884 = AXIS2_PLACEMENT_3D('',#1885,#1886,#1887);
#1885 = CARTESIAN_POINT('',(1.,0.,5.));
#1886 = DIRECTION('',(0.,0.,-1.));
#1887 = DIRECTION('',(0.923879532511,0.382683432365,0.));
#1888 = ORIENTED_EDGE('',*,*,#1832,.F.);
#1889 = ORIENTED_EDGE('',*,*,#1755,.F.);
#1890 = TOROIDAL_SURFACE('',#1891,2.3,0.2);
#1891 = AXIS2_PLACEMENT_3D('',#1892,#1893,#1894);
#1892 = CARTESIAN_POINT('',(1.,0.,4.8));
#1893 = DIRECTION('',(0.,0.,1.));
#1894 = DIRECTION('',(0.923879532511,0.382683432365,-0.));
#1895 = ADVANCED_FACE('',(#1896),#1922,.F.);
#1896 = FACE_BOUND('',#1897,.F.);
#1897 = EDGE_LOOP('',(#1898,#1899,#1907,#1916));
#1898 = ORIENTED_EDGE('',*,*,#1841,.T.);
#1899 = ORIENTED_EDGE('',*,*,#1900,.T.);
#1900 = EDGE_CURVE('',#1842,#1901,#1903,.T.);
#1901 = VERTEX_POINT('',#1902);
#1902 = CARTESIAN_POINT('',(2.616789181895,0.669696006639,5.));
#1903 = LINE('',#1904,#1905);
#1904 = CARTESIAN_POINT('',(3.124922924776,0.88017189444,5.));
#1905 = VECTOR('',#1906,1.);
#1906 = DIRECTION('',(-0.923879532511,-0.382683432365,0.));
#1907 = ORIENTED_EDGE('',*,*,#1908,.F.);
#1908 = EDGE_CURVE('',#1909,#1901,#1911,.T.);
#1909 = VERTEX_POINT('',#1910);
#1910 = CARTESIAN_POINT('',(2.616789181895,-0.669696006639,5.));
#1911 = CIRCLE('',#1912,1.75);
#1912 = AXIS2_PLACEMENT_3D('',#1913,#1914,#1915);
#1913 = CARTESIAN_POINT('',(1.,0.,5.));
#1914 = DIRECTION('',(0.,-0.,-1.));
#1915 = DIRECTION('',(0.923879532511,-0.382683432365,0.));
#1916 = ORIENTED_EDGE('',*,*,#1917,.F.);
#1917 = EDGE_CURVE('',#1833,#1909,#1918,.T.);
#1918 = LINE('',#1919,#1920);
#1919 = CARTESIAN_POINT('',(3.124922924776,-0.88017189444,5.));
#1920 = VECTOR('',#1921,1.);
#1921 = DIRECTION('',(-0.923879532511,0.382683432365,0.));
#1922 = PLANE('',#1923);
#1923 = AXIS2_PLACEMENT_3D('',#1924,#1925,#1926);
#1924 = CARTESIAN_POINT('',(1.,0.,5.));
#1925 = DIRECTION('',(0.,0.,-1.));
#1926 = DIRECTION('',(0.923879532511,-0.382683432365,0.));
#1927 = ADVANCED_FACE('',(#1928),#1940,.F.);
#1928 = FACE_BOUND('',#1929,.F.);
#1929 = EDGE_LOOP('',(#1930,#1931,#1932,#1939));
#1930 = ORIENTED_EDGE('',*,*,#1882,.T.);
#1931 = ORIENTED_EDGE('',*,*,#1917,.T.);
#1932 = ORIENTED_EDGE('',*,*,#1933,.F.);
#1933 = EDGE_CURVE('',#1901,#1909,#1934,.T.);
#1934 = CIRCLE('',#1935,1.75);
#1935 = AXIS2_PLACEMENT_3D('',#1936,#1937,#1938);
#1936 = CARTESIAN_POINT('',(1.,0.,5.));
#1937 = DIRECTION('',(0.,0.,-1.));
#1938 = DIRECTION('',(0.923879532511,0.382683432365,0.));
#1939 = ORIENTED_EDGE('',*,*,#1900,.F.);
#1940 = PLANE('',#1941);
#1941 = AXIS2_PLACEMENT_3D('',#1942,#1943,#1944);
#1942 = CARTESIAN_POINT('',(1.,0.,5.));
#1943 = DIRECTION('',(0.,0.,-1.));
#1944 = DIRECTION('',(0.923879532511,0.382683432365,0.));
#1945 = ADVANCED_FACE('',(#1946),#2083,.F.);
#1946 = FACE_BOUND('',#1947,.F.);
#1947 = EDGE_LOOP('',(#1948,#1956,#1957,#1965,#1974,#1982,#1991,#1999,
    #2008,#2016,#2025,#2034,#2042,#2051,#2059,#2068,#2076));
#1948 = ORIENTED_EDGE('',*,*,#1949,.F.);
#1949 = EDGE_CURVE('',#1909,#1950,#1952,.T.);
#1950 = VERTEX_POINT('',#1951);
#1951 = CARTESIAN_POINT('',(2.616789181895,-0.669696006639,4.9));
#1952 = LINE('',#1953,#1954);
#1953 = CARTESIAN_POINT('',(2.616789181895,-0.669696006639,5.));
#1954 = VECTOR('',#1955,1.);
#1955 = DIRECTION('',(0.,0.,-1.));
#1956 = ORIENTED_EDGE('',*,*,#1908,.T.);
#1957 = ORIENTED_EDGE('',*,*,#1958,.T.);
#1958 = EDGE_CURVE('',#1901,#1959,#1961,.T.);
#1959 = VERTEX_POINT('',#1960);
#1960 = CARTESIAN_POINT('',(2.616789181895,0.669696006639,4.9));
#1961 = LINE('',#1962,#1963);
#1962 = CARTESIAN_POINT('',(2.616789181895,0.669696006639,5.));
#1963 = VECTOR('',#1964,1.);
#1964 = DIRECTION('',(0.,0.,-1.));
#1965 = ORIENTED_EDGE('',*,*,#1966,.T.);
#1966 = EDGE_CURVE('',#1959,#1967,#1969,.T.);
#1967 = VERTEX_POINT('',#1968);
#1968 = CARTESIAN_POINT('',(1.05,1.749285568454,4.9));
#1969 = CIRCLE('',#1970,1.75);
#1970 = AXIS2_PLACEMENT_3D('',#1971,#1972,#1973);
#1971 = CARTESIAN_POINT('',(1.,0.,4.9));
#1972 = DIRECTION('',(0.,0.,1.));
#1973 = DIRECTION('',(-1.,1.224646799147E-16,0.));
#1974 = ORIENTED_EDGE('',*,*,#1975,.T.);
#1975 = EDGE_CURVE('',#1967,#1976,#1978,.T.);
#1976 = VERTEX_POINT('',#1977);
#1977 = CARTESIAN_POINT('',(1.05,1.749285568454,4.8));
#1978 = LINE('',#1979,#1980);
#1979 = CARTESIAN_POINT('',(1.05,1.749285568454,4.7));
#1980 = VECTOR('',#1981,1.);
#1981 = DIRECTION('',(0.,0.,-1.));
#1982 = ORIENTED_EDGE('',*,*,#1983,.F.);
#1983 = EDGE_CURVE('',#1984,#1976,#1986,.T.);
#1984 = VERTEX_POINT('',#1985);
#1985 = CARTESIAN_POINT('',(0.95,1.749285568454,4.8));
#1986 = CIRCLE('',#1987,1.75);
#1987 = AXIS2_PLACEMENT_3D('',#1988,#1989,#1990);
#1988 = CARTESIAN_POINT('',(1.,0.,4.8));
#1989 = DIRECTION('',(0.,0.,-1.));
#1990 = DIRECTION('',(-1.,1.224646799147E-16,0.));
#1991 = ORIENTED_EDGE('',*,*,#1992,.F.);
#1992 = EDGE_CURVE('',#1993,#1984,#1995,.T.);
#1993 = VERTEX_POINT('',#1994);
#1994 = CARTESIAN_POINT('',(0.95,1.749285568454,4.9));
#1995 = LINE('',#1996,#1997);
#1996 = CARTESIAN_POINT('',(0.95,1.749285568454,4.7));
#1997 = VECTOR('',#1998,1.);
#1998 = DIRECTION('',(0.,0.,-1.));
#1999 = ORIENTED_EDGE('',*,*,#2000,.T.);
#2000 = EDGE_CURVE('',#1993,#2001,#2003,.T.);
#2001 = VERTEX_POINT('',#2002);
#2002 = CARTESIAN_POINT('',(-0.749285568454,5.000000000002E-02,4.9));
#2003 = CIRCLE('',#2004,1.75);
#2004 = AXIS2_PLACEMENT_3D('',#2005,#2006,#2007);
#2005 = CARTESIAN_POINT('',(1.,0.,4.9));
#2006 = DIRECTION('',(0.,0.,1.));
#2007 = DIRECTION('',(-1.,1.224646799147E-16,0.));
#2008 = ORIENTED_EDGE('',*,*,#2009,.T.);
#2009 = EDGE_CURVE('',#2001,#2010,#2012,.T.);
#2010 = VERTEX_POINT('',#2011);
#2011 = CARTESIAN_POINT('',(-0.749285568454,5.E-02,4.8));
#2012 = LINE('',#2013,#2014);
#2013 = CARTESIAN_POINT('',(-0.749285568454,5.E-02,4.7));
#2014 = VECTOR('',#2015,1.);
#2015 = DIRECTION('',(0.,0.,-1.));
#2016 = ORIENTED_EDGE('',*,*,#2017,.F.);
#2017 = EDGE_CURVE('',#2018,#2010,#2020,.T.);
#2018 = VERTEX_POINT('',#2019);
#2019 = CARTESIAN_POINT('',(-0.75,2.143131898508E-16,4.8));
#2020 = CIRCLE('',#2021,1.75);
#2021 = AXIS2_PLACEMENT_3D('',#2022,#2023,#2024);
#2022 = CARTESIAN_POINT('',(1.,0.,4.8));
#2023 = DIRECTION('',(0.,0.,-1.));
#2024 = DIRECTION('',(-1.,1.224646799147E-16,0.));
#2025 = ORIENTED_EDGE('',*,*,#2026,.F.);
#2026 = EDGE_CURVE('',#2027,#2018,#2029,.T.);
#2027 = VERTEX_POINT('',#2028);
#2028 = CARTESIAN_POINT('',(-0.749285568454,-5.E-02,4.8));
#2029 = CIRCLE('',#2030,1.75);
#2030 = AXIS2_PLACEMENT_3D('',#2031,#2032,#2033);
#2031 = CARTESIAN_POINT('',(1.,0.,4.8));
#2032 = DIRECTION('',(0.,0.,-1.));
#2033 = DIRECTION('',(-1.,1.224646799147E-16,0.));
#2034 = ORIENTED_EDGE('',*,*,#2035,.F.);
#2035 = EDGE_CURVE('',#2036,#2027,#2038,.T.);
#2036 = VERTEX_POINT('',#2037);
#2037 = CARTESIAN_POINT('',(-0.749285568454,-5.000000000002E-02,4.9));
#2038 = LINE('',#2039,#2040);
#2039 = CARTESIAN_POINT('',(-0.749285568454,-5.E-02,4.7));
#2040 = VECTOR('',#2041,1.);
#2041 = DIRECTION('',(0.,0.,-1.));
#2042 = ORIENTED_EDGE('',*,*,#2043,.T.);
#2043 = EDGE_CURVE('',#2036,#2044,#2046,.T.);
#2044 = VERTEX_POINT('',#2045);
#2045 = CARTESIAN_POINT('',(0.95,-1.749285568454,4.9));
#2046 = CIRCLE('',#2047,1.75);
#2047 = AXIS2_PLACEMENT_3D('',#2048,#2049,#2050);
#2048 = CARTESIAN_POINT('',(1.,0.,4.9));
#2049 = DIRECTION('',(0.,0.,1.));
#2050 = DIRECTION('',(-1.,1.224646799147E-16,0.));
#2051 = ORIENTED_EDGE('',*,*,#2052,.T.);
#2052 = EDGE_CURVE('',#2044,#2053,#2055,.T.);
#2053 = VERTEX_POINT('',#2054);
#2054 = CARTESIAN_POINT('',(0.95,-1.749285568454,4.8));
#2055 = LINE('',#2056,#2057);
#2056 = CARTESIAN_POINT('',(0.95,-1.749285568454,4.7));
#2057 = VECTOR('',#2058,1.);
#2058 = DIRECTION('',(0.,0.,-1.));
#2059 = ORIENTED_EDGE('',*,*,#2060,.F.);
#2060 = EDGE_CURVE('',#2061,#2053,#2063,.T.);
#2061 = VERTEX_POINT('',#2062);
#2062 = CARTESIAN_POINT('',(1.05,-1.749285568454,4.8));
#2063 = CIRCLE('',#2064,1.75);
#2064 = AXIS2_PLACEMENT_3D('',#2065,#2066,#2067);
#2065 = CARTESIAN_POINT('',(1.,0.,4.8));
#2066 = DIRECTION('',(0.,0.,-1.));
#2067 = DIRECTION('',(-1.,1.224646799147E-16,0.));
#2068 = ORIENTED_EDGE('',*,*,#2069,.F.);
#2069 = EDGE_CURVE('',#2070,#2061,#2072,.T.);
#2070 = VERTEX_POINT('',#2071);
#2071 = CARTESIAN_POINT('',(1.05,-1.749285568454,4.9));
#2072 = LINE('',#2073,#2074);
#2073 = CARTESIAN_POINT('',(1.05,-1.749285568454,4.7));
#2074 = VECTOR('',#2075,1.);
#2075 = DIRECTION('',(0.,0.,-1.));
#2076 = ORIENTED_EDGE('',*,*,#2077,.T.);
#2077 = EDGE_CURVE('',#2070,#1950,#2078,.T.);
#2078 = CIRCLE('',#2079,1.75);
#2079 = AXIS2_PLACEMENT_3D('',#2080,#2081,#2082);
#2080 = CARTESIAN_POINT('',(1.,0.,4.9));
#2081 = DIRECTION('',(0.,0.,1.));
#2082 = DIRECTION('',(-1.,1.224646799147E-16,0.));
#2083 = CYLINDRICAL_SURFACE('',#2084,1.75);
#2084 = AXIS2_PLACEMENT_3D('',#2085,#2086,#2087);
#2085 = CARTESIAN_POINT('',(1.,0.,5.));
#2086 = DIRECTION('',(0.,0.,-1.));
#2087 = DIRECTION('',(0.923879532511,-0.382683432365,0.));
#2088 = ADVANCED_FACE('',(#2089),#2135,.F.);
#2089 = FACE_BOUND('',#2090,.F.);
#2090 = EDGE_LOOP('',(#2091,#2092,#2093,#2094,#2103,#2111,#2120,#2128));
#2091 = ORIENTED_EDGE('',*,*,#1958,.F.);
#2092 = ORIENTED_EDGE('',*,*,#1933,.T.);
#2093 = ORIENTED_EDGE('',*,*,#1949,.T.);
#2094 = ORIENTED_EDGE('',*,*,#2095,.T.);
#2095 = EDGE_CURVE('',#1950,#2096,#2098,.T.);
#2096 = VERTEX_POINT('',#2097);
#2097 = CARTESIAN_POINT('',(2.749285568454,-4.999999999996E-02,4.9));
#2098 = CIRCLE('',#2099,1.75);
#2099 = AXIS2_PLACEMENT_3D('',#2100,#2101,#2102);
#2100 = CARTESIAN_POINT('',(1.,0.,4.9));
#2101 = DIRECTION('',(0.,0.,1.));
#2102 = DIRECTION('',(-1.,1.224646799147E-16,0.));
#2103 = ORIENTED_EDGE('',*,*,#2104,.T.);
#2104 = EDGE_CURVE('',#2096,#2105,#2107,.T.);
#2105 = VERTEX_POINT('',#2106);
#2106 = CARTESIAN_POINT('',(2.749285568454,-5.E-02,4.8));
#2107 = LINE('',#2108,#2109);
#2108 = CARTESIAN_POINT('',(2.749285568454,-5.E-02,4.7));
#2109 = VECTOR('',#2110,1.);
#2110 = DIRECTION('',(0.,0.,-1.));
#2111 = ORIENTED_EDGE('',*,*,#2112,.F.);
#2112 = EDGE_CURVE('',#2113,#2105,#2115,.T.);
#2113 = VERTEX_POINT('',#2114);
#2114 = CARTESIAN_POINT('',(2.749285568454,5.E-02,4.8));
#2115 = CIRCLE('',#2116,1.75);
#2116 = AXIS2_PLACEMENT_3D('',#2117,#2118,#2119);
#2117 = CARTESIAN_POINT('',(1.,0.,4.8));
#2118 = DIRECTION('',(0.,0.,-1.));
#2119 = DIRECTION('',(-1.,1.224646799147E-16,0.));
#2120 = ORIENTED_EDGE('',*,*,#2121,.F.);
#2121 = EDGE_CURVE('',#2122,#2113,#2124,.T.);
#2122 = VERTEX_POINT('',#2123);
#2123 = CARTESIAN_POINT('',(2.749285568454,4.999999999996E-02,4.9));
#2124 = LINE('',#2125,#2126);
#2125 = CARTESIAN_POINT('',(2.749285568454,5.E-02,4.7));
#2126 = VECTOR('',#2127,1.);
#2127 = DIRECTION('',(0.,0.,-1.));
#2128 = ORIENTED_EDGE('',*,*,#2129,.T.);
#2129 = EDGE_CURVE('',#2122,#1959,#2130,.T.);
#2130 = CIRCLE('',#2131,1.75);
#2131 = AXIS2_PLACEMENT_3D('',#2132,#2133,#2134);
#2132 = CARTESIAN_POINT('',(1.,0.,4.9));
#2133 = DIRECTION('',(0.,0.,1.));
#2134 = DIRECTION('',(-1.,1.224646799147E-16,0.));
#2135 = CYLINDRICAL_SURFACE('',#2136,1.75);
#2136 = AXIS2_PLACEMENT_3D('',#2137,#2138,#2139);
#2137 = CARTESIAN_POINT('',(1.,0.,5.));
#2138 = DIRECTION('',(0.,0.,-1.));
#2139 = DIRECTION('',(0.923879532511,0.382683432365,0.));
#2140 = ADVANCED_FACE('',(#2141),#2159,.T.);
#2141 = FACE_BOUND('',#2142,.T.);
#2142 = EDGE_LOOP('',(#2143,#2151,#2152,#2153));
#2143 = ORIENTED_EDGE('',*,*,#2144,.F.);
#2144 = EDGE_CURVE('',#2070,#2145,#2147,.T.);
#2145 = VERTEX_POINT('',#2146);
#2146 = CARTESIAN_POINT('',(1.05,-5.E-02,4.9));
#2147 = LINE('',#2148,#2149);
#2148 = CARTESIAN_POINT('',(1.05,-5.05,4.9));
#2149 = VECTOR('',#2150,1.);
#2150 = DIRECTION('',(1.224646799147E-16,1.,0.));
#2151 = ORIENTED_EDGE('',*,*,#2077,.T.);
#2152 = ORIENTED_EDGE('',*,*,#2095,.T.);
#2153 = ORIENTED_EDGE('',*,*,#2154,.F.);
#2154 = EDGE_CURVE('',#2145,#2096,#2155,.T.);
#2155 = LINE('',#2156,#2157);
#2156 = CARTESIAN_POINT('',(1.05,-5.E-02,4.9));
#2157 = VECTOR('',#2158,1.);
#2158 = DIRECTION('',(1.,-1.224646799147E-16,0.));
#2159 = PLANE('',#2160);
#2160 = AXIS2_PLACEMENT_3D('',#2161,#2162,#2163);
#2161 = CARTESIAN_POINT('',(1.,-1.239108604125E-16,4.9));
#2162 = DIRECTION('',(0.,0.,1.));
#2163 = DIRECTION('',(-1.,1.224646799147E-16,0.));
#2164 = ADVANCED_FACE('',(#2165),#2183,.F.);
#2165 = FACE_BOUND('',#2166,.F.);
#2166 = EDGE_LOOP('',(#2167,#2168,#2169,#2177));
#2167 = ORIENTED_EDGE('',*,*,#2144,.F.);
#2168 = ORIENTED_EDGE('',*,*,#2069,.T.);
#2169 = ORIENTED_EDGE('',*,*,#2170,.T.);
#2170 = EDGE_CURVE('',#2061,#2171,#2173,.T.);
#2171 = VERTEX_POINT('',#2172);
#2172 = CARTESIAN_POINT('',(1.05,-5.E-02,4.8));
#2173 = LINE('',#2174,#2175);
#2174 = CARTESIAN_POINT('',(1.05,-5.05,4.8));
#2175 = VECTOR('',#2176,1.);
#2176 = DIRECTION('',(1.224646799147E-16,1.,0.));
#2177 = ORIENTED_EDGE('',*,*,#2178,.F.);
#2178 = EDGE_CURVE('',#2145,#2171,#2179,.T.);
#2179 = LINE('',#2180,#2181);
#2180 = CARTESIAN_POINT('',(1.05,-5.E-02,4.9));
#2181 = VECTOR('',#2182,1.);
#2182 = DIRECTION('',(0.,0.,-1.));
#2183 = PLANE('',#2184);
#2184 = AXIS2_PLACEMENT_3D('',#2185,#2186,#2187);
#2185 = CARTESIAN_POINT('',(1.05,-5.05,4.9));
#2186 = DIRECTION('',(1.,-1.224646799147E-16,0.));
#2187 = DIRECTION('',(1.224646799147E-16,1.,0.));
#2188 = ADVANCED_FACE('',(#2189),#2207,.T.);
#2189 = FACE_BOUND('',#2190,.T.);
#2190 = EDGE_LOOP('',(#2191,#2192,#2193,#2201));
#2191 = ORIENTED_EDGE('',*,*,#2129,.T.);
#2192 = ORIENTED_EDGE('',*,*,#1966,.T.);
#2193 = ORIENTED_EDGE('',*,*,#2194,.F.);
#2194 = EDGE_CURVE('',#2195,#1967,#2197,.T.);
#2195 = VERTEX_POINT('',#2196);
#2196 = CARTESIAN_POINT('',(1.05,5.E-02,4.9));
#2197 = LINE('',#2198,#2199);
#2198 = CARTESIAN_POINT('',(1.05,5.E-02,4.9));
#2199 = VECTOR('',#2200,1.);
#2200 = DIRECTION('',(1.224646799147E-16,1.,0.));
#2201 = ORIENTED_EDGE('',*,*,#2202,.F.);
#2202 = EDGE_CURVE('',#2122,#2195,#2203,.T.);
#2203 = LINE('',#2204,#2205);
#2204 = CARTESIAN_POINT('',(6.05,5.E-02,4.9));
#2205 = VECTOR('',#2206,1.);
#2206 = DIRECTION('',(-1.,1.224646799147E-16,0.));
#2207 = PLANE('',#2208);
#2208 = AXIS2_PLACEMENT_3D('',#2209,#2210,#2211);
#2209 = CARTESIAN_POINT('',(1.,-1.239108604125E-16,4.9));
#2210 = DIRECTION('',(0.,0.,1.));
#2211 = DIRECTION('',(-1.,1.224646799147E-16,0.));
#2212 = ADVANCED_FACE('',(#2213),#2269,.T.);
#2213 = FACE_BOUND('',#2214,.T.);
#2214 = EDGE_LOOP('',(#2215,#2223,#2229,#2230,#2231,#2237,#2238,#2246,
    #2252,#2253,#2261,#2267,#2268));
#2215 = ORIENTED_EDGE('',*,*,#2216,.T.);
#2216 = EDGE_CURVE('',#2027,#2217,#2219,.T.);
#2217 = VERTEX_POINT('',#2218);
#2218 = CARTESIAN_POINT('',(0.95,-5.E-02,4.8));
#2219 = LINE('',#2220,#2221);
#2220 = CARTESIAN_POINT('',(-4.05,-5.E-02,4.8));
#2221 = VECTOR('',#2222,1.);
#2222 = DIRECTION('',(1.,-5.723907721801E-17,0.));
#2223 = ORIENTED_EDGE('',*,*,#2224,.T.);
#2224 = EDGE_CURVE('',#2217,#2053,#2225,.T.);
#2225 = LINE('',#2226,#2227);
#2226 = CARTESIAN_POINT('',(0.95,-5.E-02,4.8));
#2227 = VECTOR('',#2228,1.);
#2228 = DIRECTION('',(-1.224646799147E-16,-1.,0.));
#2229 = ORIENTED_EDGE('',*,*,#2060,.F.);
#2230 = ORIENTED_EDGE('',*,*,#2170,.T.);
#2231 = ORIENTED_EDGE('',*,*,#2232,.T.);
#2232 = EDGE_CURVE('',#2171,#2105,#2233,.T.);
#2233 = LINE('',#2234,#2235);
#2234 = CARTESIAN_POINT('',(1.05,-5.E-02,4.8));
#2235 = VECTOR('',#2236,1.);
#2236 = DIRECTION('',(1.,-1.224646799147E-16,0.));
#2237 = ORIENTED_EDGE('',*,*,#2112,.F.);
#2238 = ORIENTED_EDGE('',*,*,#2239,.T.);
#2239 = EDGE_CURVE('',#2113,#2240,#2242,.T.);
#2240 = VERTEX_POINT('',#2241);
#2241 = CARTESIAN_POINT('',(1.05,5.E-02,4.8));
#2242 = LINE('',#2243,#2244);
#2243 = CARTESIAN_POINT('',(6.05,5.E-02,4.8));
#2244 = VECTOR('',#2245,1.);
#2245 = DIRECTION('',(-1.,1.224646799147E-16,0.));
#2246 = ORIENTED_EDGE('',*,*,#2247,.T.);
#2247 = EDGE_CURVE('',#2240,#1976,#2248,.T.);
#2248 = LINE('',#2249,#2250);
#2249 = CARTESIAN_POINT('',(1.05,5.E-02,4.8));
#2250 = VECTOR('',#2251,1.);
#2251 = DIRECTION('',(1.224646799147E-16,1.,0.));
#2252 = ORIENTED_EDGE('',*,*,#1983,.F.);
#2253 = ORIENTED_EDGE('',*,*,#2254,.T.);
#2254 = EDGE_CURVE('',#1984,#2255,#2257,.T.);
#2255 = VERTEX_POINT('',#2256);
#2256 = CARTESIAN_POINT('',(0.95,5.E-02,4.8));
#2257 = LINE('',#2258,#2259);
#2258 = CARTESIAN_POINT('',(0.95,5.05,4.8));
#2259 = VECTOR('',#2260,1.);
#2260 = DIRECTION('',(-1.224646799147E-16,-1.,0.));
#2261 = ORIENTED_EDGE('',*,*,#2262,.T.);
#2262 = EDGE_CURVE('',#2255,#2010,#2263,.T.);
#2263 = LINE('',#2264,#2265);
#2264 = CARTESIAN_POINT('',(0.95,5.E-02,4.8));
#2265 = VECTOR('',#2266,1.);
#2266 = DIRECTION('',(-1.,1.224646799147E-16,0.));
#2267 = ORIENTED_EDGE('',*,*,#2017,.F.);
#2268 = ORIENTED_EDGE('',*,*,#2026,.F.);
#2269 = PLANE('',#2270);
#2270 = AXIS2_PLACEMENT_3D('',#2271,#2272,#2273);
#2271 = CARTESIAN_POINT('',(1.,-3.503797911874E-17,4.8));
#2272 = DIRECTION('',(-6.92799192911E-33,5.09829149655E-32,1.));
#2273 = DIRECTION('',(-1.224646799147E-16,-1.,5.09829149655E-32));
#2274 = ADVANCED_FACE('',(#2275),#2286,.F.);
#2275 = FACE_BOUND('',#2276,.F.);
#2276 = EDGE_LOOP('',(#2277,#2278,#2284,#2285));
#2277 = ORIENTED_EDGE('',*,*,#2194,.F.);
#2278 = ORIENTED_EDGE('',*,*,#2279,.T.);
#2279 = EDGE_CURVE('',#2195,#2240,#2280,.T.);
#2280 = LINE('',#2281,#2282);
#2281 = CARTESIAN_POINT('',(1.05,5.E-02,4.9));
#2282 = VECTOR('',#2283,1.);
#2283 = DIRECTION('',(0.,0.,-1.));
#2284 = ORIENTED_EDGE('',*,*,#2247,.T.);
#2285 = ORIENTED_EDGE('',*,*,#1975,.F.);
#2286 = PLANE('',#2287);
#2287 = AXIS2_PLACEMENT_3D('',#2288,#2289,#2290);
#2288 = CARTESIAN_POINT('',(1.05,5.E-02,4.9));
#2289 = DIRECTION('',(1.,-1.224646799147E-16,0.));
#2290 = DIRECTION('',(1.224646799147E-16,1.,0.));
#2291 = ADVANCED_FACE('',(#2292),#2310,.F.);
#2292 = FACE_BOUND('',#2293,.F.);
#2293 = EDGE_LOOP('',(#2294,#2302,#2308,#2309));
#2294 = ORIENTED_EDGE('',*,*,#2295,.F.);
#2295 = EDGE_CURVE('',#2296,#2044,#2298,.T.);
#2296 = VERTEX_POINT('',#2297);
#2297 = CARTESIAN_POINT('',(0.95,-5.E-02,4.9));
#2298 = LINE('',#2299,#2300);
#2299 = CARTESIAN_POINT('',(0.95,-5.E-02,4.9));
#2300 = VECTOR('',#2301,1.);
#2301 = DIRECTION('',(-1.224646799147E-16,-1.,0.));
#2302 = ORIENTED_EDGE('',*,*,#2303,.T.);
#2303 = EDGE_CURVE('',#2296,#2217,#2304,.T.);
#2304 = LINE('',#2305,#2306);
#2305 = CARTESIAN_POINT('',(0.95,-5.E-02,4.9));
#2306 = VECTOR('',#2307,1.);
#2307 = DIRECTION('',(0.,0.,-1.));
#2308 = ORIENTED_EDGE('',*,*,#2224,.T.);
#2309 = ORIENTED_EDGE('',*,*,#2052,.F.);
#2310 = PLANE('',#2311);
#2311 = AXIS2_PLACEMENT_3D('',#2312,#2313,#2314);
#2312 = CARTESIAN_POINT('',(0.95,-5.E-02,4.9));
#2313 = DIRECTION('',(-1.,1.224646799147E-16,0.));
#2314 = DIRECTION('',(-1.224646799147E-16,-1.,0.));
#2315 = ADVANCED_FACE('',(#2316),#2326,.T.);
#2316 = FACE_BOUND('',#2317,.T.);
#2317 = EDGE_LOOP('',(#2318,#2324,#2325));
#2318 = ORIENTED_EDGE('',*,*,#2319,.F.);
#2319 = EDGE_CURVE('',#2036,#2296,#2320,.T.);
#2320 = LINE('',#2321,#2322);
#2321 = CARTESIAN_POINT('',(-4.05,-5.E-02,4.9));
#2322 = VECTOR('',#2323,1.);
#2323 = DIRECTION('',(1.,-5.723907721801E-17,0.));
#2324 = ORIENTED_EDGE('',*,*,#2043,.T.);
#2325 = ORIENTED_EDGE('',*,*,#2295,.F.);
#2326 = PLANE('',#2327);
#2327 = AXIS2_PLACEMENT_3D('',#2328,#2329,#2330);
#2328 = CARTESIAN_POINT('',(1.,-1.239108604125E-16,4.9));
#2329 = DIRECTION('',(0.,0.,1.));
#2330 = DIRECTION('',(-1.,1.224646799147E-16,0.));
#2331 = ADVANCED_FACE('',(#2332),#2350,.F.);
#2332 = FACE_BOUND('',#2333,.F.);
#2333 = EDGE_LOOP('',(#2334,#2342,#2343,#2344));
#2334 = ORIENTED_EDGE('',*,*,#2335,.F.);
#2335 = EDGE_CURVE('',#1993,#2336,#2338,.T.);
#2336 = VERTEX_POINT('',#2337);
#2337 = CARTESIAN_POINT('',(0.95,5.E-02,4.9));
#2338 = LINE('',#2339,#2340);
#2339 = CARTESIAN_POINT('',(0.95,5.05,4.9));
#2340 = VECTOR('',#2341,1.);
#2341 = DIRECTION('',(-1.224646799147E-16,-1.,0.));
#2342 = ORIENTED_EDGE('',*,*,#1992,.T.);
#2343 = ORIENTED_EDGE('',*,*,#2254,.T.);
#2344 = ORIENTED_EDGE('',*,*,#2345,.F.);
#2345 = EDGE_CURVE('',#2336,#2255,#2346,.T.);
#2346 = LINE('',#2347,#2348);
#2347 = CARTESIAN_POINT('',(0.95,5.E-02,4.9));
#2348 = VECTOR('',#2349,1.);
#2349 = DIRECTION('',(0.,0.,-1.));
#2350 = PLANE('',#2351);
#2351 = AXIS2_PLACEMENT_3D('',#2352,#2353,#2354);
#2352 = CARTESIAN_POINT('',(0.95,5.05,4.9));
#2353 = DIRECTION('',(-1.,1.224646799147E-16,0.));
#2354 = DIRECTION('',(-1.224646799147E-16,-1.,0.));
#2355 = ADVANCED_FACE('',(#2356),#2362,.F.);
#2356 = FACE_BOUND('',#2357,.F.);
#2357 = EDGE_LOOP('',(#2358,#2359,#2360,#2361));
#2358 = ORIENTED_EDGE('',*,*,#2319,.F.);
#2359 = ORIENTED_EDGE('',*,*,#2035,.T.);
#2360 = ORIENTED_EDGE('',*,*,#2216,.T.);
#2361 = ORIENTED_EDGE('',*,*,#2303,.F.);
#2362 = PLANE('',#2363);
#2363 = AXIS2_PLACEMENT_3D('',#2364,#2365,#2366);
#2364 = CARTESIAN_POINT('',(-4.05,-5.E-02,4.9));
#2365 = DIRECTION('',(-5.723907721801E-17,-1.,0.));
#2366 = DIRECTION('',(1.,-5.723907721801E-17,0.));
#2367 = ADVANCED_FACE('',(#2368),#2378,.T.);
#2368 = FACE_BOUND('',#2369,.T.);
#2369 = EDGE_LOOP('',(#2370,#2371,#2377));
#2370 = ORIENTED_EDGE('',*,*,#2000,.T.);
#2371 = ORIENTED_EDGE('',*,*,#2372,.F.);
#2372 = EDGE_CURVE('',#2336,#2001,#2373,.T.);
#2373 = LINE('',#2374,#2375);
#2374 = CARTESIAN_POINT('',(0.95,5.E-02,4.9));
#2375 = VECTOR('',#2376,1.);
#2376 = DIRECTION('',(-1.,1.224646799147E-16,0.));
#2377 = ORIENTED_EDGE('',*,*,#2335,.F.);
#2378 = PLANE('',#2379);
#2379 = AXIS2_PLACEMENT_3D('',#2380,#2381,#2382);
#2380 = CARTESIAN_POINT('',(1.,-1.239108604125E-16,4.9));
#2381 = DIRECTION('',(0.,0.,1.));
#2382 = DIRECTION('',(-1.,1.224646799147E-16,0.));
#2383 = ADVANCED_FACE('',(#2384),#2390,.F.);
#2384 = FACE_BOUND('',#2385,.F.);
#2385 = EDGE_LOOP('',(#2386,#2387,#2388,#2389));
#2386 = ORIENTED_EDGE('',*,*,#2372,.F.);
#2387 = ORIENTED_EDGE('',*,*,#2345,.T.);
#2388 = ORIENTED_EDGE('',*,*,#2262,.T.);
#2389 = ORIENTED_EDGE('',*,*,#2009,.F.);
#2390 = PLANE('',#2391);
#2391 = AXIS2_PLACEMENT_3D('',#2392,#2393,#2394);
#2392 = CARTESIAN_POINT('',(0.95,5.E-02,4.9));
#2393 = DIRECTION('',(1.224646799147E-16,1.,0.));
#2394 = DIRECTION('',(-1.,1.224646799147E-16,0.));
#2395 = ADVANCED_FACE('',(#2396),#2402,.F.);
#2396 = FACE_BOUND('',#2397,.F.);
#2397 = EDGE_LOOP('',(#2398,#2399,#2400,#2401));
#2398 = ORIENTED_EDGE('',*,*,#2202,.F.);
#2399 = ORIENTED_EDGE('',*,*,#2121,.T.);
#2400 = ORIENTED_EDGE('',*,*,#2239,.T.);
#2401 = ORIENTED_EDGE('',*,*,#2279,.F.);
#2402 = PLANE('',#2403);
#2403 = AXIS2_PLACEMENT_3D('',#2404,#2405,#2406);
#2404 = CARTESIAN_POINT('',(6.05,5.E-02,4.9));
#2405 = DIRECTION('',(1.224646799147E-16,1.,0.));
#2406 = DIRECTION('',(-1.,1.224646799147E-16,0.));
#2407 = ADVANCED_FACE('',(#2408),#2414,.F.);
#2408 = FACE_BOUND('',#2409,.F.);
#2409 = EDGE_LOOP('',(#2410,#2411,#2412,#2413));
#2410 = ORIENTED_EDGE('',*,*,#2154,.F.);
#2411 = ORIENTED_EDGE('',*,*,#2178,.T.);
#2412 = ORIENTED_EDGE('',*,*,#2232,.T.);
#2413 = ORIENTED_EDGE('',*,*,#2104,.F.);
#2414 = PLANE('',#2415);
#2415 = AXIS2_PLACEMENT_3D('',#2416,#2417,#2418);
#2416 = CARTESIAN_POINT('',(1.05,-5.E-02,4.9));
#2417 = DIRECTION('',(-1.224646799147E-16,-1.,0.));
#2418 = DIRECTION('',(1.,-1.224646799147E-16,0.));
#2419 = ORIENTED_CLOSED_SHELL('',*,#2420,.F.);
#2420 = CLOSED_SHELL('',(#2421,#2454,#2486,#2503,#2530));
#2421 = ADVANCED_FACE('',(#2422),#2449,.T.);
#2422 = FACE_BOUND('',#2423,.T.);
#2423 = EDGE_LOOP('',(#2424,#2435,#2443));
#2424 = ORIENTED_EDGE('',*,*,#2425,.T.);
#2425 = EDGE_CURVE('',#2426,#2428,#2430,.T.);
#2426 = VERTEX_POINT('',#2427);
#2427 = CARTESIAN_POINT('',(2.616789181895,0.669696006639,4.6));
#2428 = VERTEX_POINT('',#2429);
#2429 = CARTESIAN_POINT('',(2.616789181895,-0.669696006639,4.6));
#2430 = CIRCLE('',#2431,1.75);
#2431 = AXIS2_PLACEMENT_3D('',#2432,#2433,#2434);
#2432 = CARTESIAN_POINT('',(1.,0.,4.6));
#2433 = DIRECTION('',(0.,0.,-1.));
#2434 = DIRECTION('',(0.923879532511,0.382683432365,0.));
#2435 = ORIENTED_EDGE('',*,*,#2436,.T.);
#2436 = EDGE_CURVE('',#2428,#2437,#2439,.T.);
#2437 = VERTEX_POINT('',#2438);
#2438 = CARTESIAN_POINT('',(1.,0.,4.6));
#2439 = LINE('',#2440,#2441);
#2440 = CARTESIAN_POINT('',(2.616789181895,-0.669696006639,4.6));
#2441 = VECTOR('',#2442,1.);
#2442 = DIRECTION('',(-0.923879532511,0.382683432365,0.));
#2443 = ORIENTED_EDGE('',*,*,#2444,.F.);
#2444 = EDGE_CURVE('',#2426,#2437,#2445,.T.);
#2445 = LINE('',#2446,#2447);
#2446 = CARTESIAN_POINT('',(2.616789181895,0.669696006639,4.6));
#2447 = VECTOR('',#2448,1.);
#2448 = DIRECTION('',(-0.923879532511,-0.382683432365,0.));
#2449 = PLANE('',#2450);
#2450 = AXIS2_PLACEMENT_3D('',#2451,#2452,#2453);
#2451 = CARTESIAN_POINT('',(1.,0.,4.6));
#2452 = DIRECTION('',(0.,0.,-1.));
#2453 = DIRECTION('',(0.923879532511,0.382683432365,0.));
#2454 = ADVANCED_FACE('',(#2455),#2481,.T.);
#2455 = FACE_BOUND('',#2456,.T.);
#2456 = EDGE_LOOP('',(#2457,#2465,#2474,#2480));
#2457 = ORIENTED_EDGE('',*,*,#2458,.F.);
#2458 = EDGE_CURVE('',#2459,#2426,#2461,.T.);
#2459 = VERTEX_POINT('',#2460);
#2460 = CARTESIAN_POINT('',(2.616789181895,0.669696006639,4.7));
#2461 = LINE('',#2462,#2463);
#2462 = CARTESIAN_POINT('',(2.616789181895,0.669696006639,5.));
#2463 = VECTOR('',#2464,1.);
#2464 = DIRECTION('',(0.,0.,-1.));
#2465 = ORIENTED_EDGE('',*,*,#2466,.F.);
#2466 = EDGE_CURVE('',#2467,#2459,#2469,.T.);
#2467 = VERTEX_POINT('',#2468);
#2468 = CARTESIAN_POINT('',(2.616789181895,-0.669696006639,4.7));
#2469 = CIRCLE('',#2470,1.75);
#2470 = AXIS2_PLACEMENT_3D('',#2471,#2472,#2473);
#2471 = CARTESIAN_POINT('',(1.,0.,4.7));
#2472 = DIRECTION('',(0.,0.,1.));
#2473 = DIRECTION('',(-1.,1.224646799147E-16,0.));
#2474 = ORIENTED_EDGE('',*,*,#2475,.T.);
#2475 = EDGE_CURVE('',#2467,#2428,#2476,.T.);
#2476 = LINE('',#2477,#2478);
#2477 = CARTESIAN_POINT('',(2.616789181895,-0.669696006639,5.));
#2478 = VECTOR('',#2479,1.);
#2479 = DIRECTION('',(0.,0.,-1.));
#2480 = ORIENTED_EDGE('',*,*,#2425,.F.);
#2481 = CYLINDRICAL_SURFACE('',#2482,1.75);
#2482 = AXIS2_PLACEMENT_3D('',#2483,#2484,#2485);
#2483 = CARTESIAN_POINT('',(1.,0.,5.));
#2484 = DIRECTION('',(0.,0.,-1.));
#2485 = DIRECTION('',(0.923879532511,0.382683432365,0.));
#2486 = ADVANCED_FACE('',(#2487),#2498,.T.);
#2487 = FACE_BOUND('',#2488,.T.);
#2488 = EDGE_LOOP('',(#2489,#2496,#2497));
#2489 = ORIENTED_EDGE('',*,*,#2490,.T.);
#2490 = EDGE_CURVE('',#2428,#2426,#2491,.T.);
#2491 = CIRCLE('',#2492,1.75);
#2492 = AXIS2_PLACEMENT_3D('',#2493,#2494,#2495);
#2493 = CARTESIAN_POINT('',(1.,0.,4.6));
#2494 = DIRECTION('',(0.,-0.,-1.));
#2495 = DIRECTION('',(0.923879532511,-0.382683432365,0.));
#2496 = ORIENTED_EDGE('',*,*,#2444,.T.);
#2497 = ORIENTED_EDGE('',*,*,#2436,.F.);
#2498 = PLANE('',#2499);
#2499 = AXIS2_PLACEMENT_3D('',#2500,#2501,#2502);
#2500 = CARTESIAN_POINT('',(1.,0.,4.6));
#2501 = DIRECTION('',(0.,0.,-1.));
#2502 = DIRECTION('',(0.923879532511,-0.382683432365,0.));
#2503 = ADVANCED_FACE('',(#2504),#2525,.T.);
#2504 = FACE_BOUND('',#2505,.T.);
#2505 = EDGE_LOOP('',(#2506,#2507,#2516,#2523,#2524));
#2506 = ORIENTED_EDGE('',*,*,#2475,.F.);
#2507 = ORIENTED_EDGE('',*,*,#2508,.F.);
#2508 = EDGE_CURVE('',#2509,#2467,#2511,.T.);
#2509 = VERTEX_POINT('',#2510);
#2510 = CARTESIAN_POINT('',(-0.75,2.143131898508E-16,4.7));
#2511 = CIRCLE('',#2512,1.75);
#2512 = AXIS2_PLACEMENT_3D('',#2513,#2514,#2515);
#2513 = CARTESIAN_POINT('',(1.,0.,4.7));
#2514 = DIRECTION('',(0.,0.,1.));
#2515 = DIRECTION('',(-1.,1.224646799147E-16,0.));
#2516 = ORIENTED_EDGE('',*,*,#2517,.F.);
#2517 = EDGE_CURVE('',#2459,#2509,#2518,.T.);
#2518 = CIRCLE('',#2519,1.75);
#2519 = AXIS2_PLACEMENT_3D('',#2520,#2521,#2522);
#2520 = CARTESIAN_POINT('',(1.,0.,4.7));
#2521 = DIRECTION('',(0.,0.,1.));
#2522 = DIRECTION('',(-1.,1.224646799147E-16,0.));
#2523 = ORIENTED_EDGE('',*,*,#2458,.T.);
#2524 = ORIENTED_EDGE('',*,*,#2490,.F.);
#2525 = CYLINDRICAL_SURFACE('',#2526,1.75);
#2526 = AXIS2_PLACEMENT_3D('',#2527,#2528,#2529);
#2527 = CARTESIAN_POINT('',(1.,0.,5.));
#2528 = DIRECTION('',(0.,0.,-1.));
#2529 = DIRECTION('',(0.923879532511,-0.382683432365,0.));
#2530 = ADVANCED_FACE('',(#2531),#2536,.T.);
#2531 = FACE_BOUND('',#2532,.T.);
#2532 = EDGE_LOOP('',(#2533,#2534,#2535));
#2533 = ORIENTED_EDGE('',*,*,#2508,.T.);
#2534 = ORIENTED_EDGE('',*,*,#2466,.T.);
#2535 = ORIENTED_EDGE('',*,*,#2517,.T.);
#2536 = PLANE('',#2537);
#2537 = AXIS2_PLACEMENT_3D('',#2538,#2539,#2540);
#2538 = CARTESIAN_POINT('',(1.,-1.239108604125E-16,4.7));
#2539 = DIRECTION('',(0.,0.,1.));
#2540 = DIRECTION('',(-1.,1.224646799147E-16,0.));
#2541 = ( GEOMETRIC_REPRESENTATION_CONTEXT(3) 
GLOBAL_UNCERTAINTY_ASSIGNED_CONTEXT((#2545)) 
GLOBAL_UNIT_ASSIGNED_CONTEXT((#2542,#2543,#2544)) REPRESENTATION_CONTEXT
('Context #1','3D Context with UNIT and UNCERTAINTY') );
#2542 = ( LENGTH_UNIT() NAMED_UNIT(*) SI_UNIT(.MILLI.,.METRE.) );
#2543 = ( NAMED_UNIT(*) PLANE_ANGLE_UNIT() SI_UNIT($,.RADIAN.) );
#2544 = ( NAMED_UNIT(*) SI_UNIT($,.STERADIAN.) SOLID_ANGLE_UNIT() );
#2545 = UNCERTAINTY_MEASURE_WITH_UNIT(LENGTH_MEASURE(2.E-06),#2542,
  'distance_accuracy_value','confusion accuracy');
#2546 = CONTEXT_DEPENDENT_SHAPE_REPRESENTATION(#2547,#2549);
#2547 = ( REPRESENTATION_RELATIONSHIP('','',#500,#10) 
REPRESENTATION_RELATIONSHIP_WITH_TRANSFORMATION(#2548) 
SHAPE_REPRESENTATION_RELATIONSHIP() );
#2548 = ITEM_DEFINED_TRANSFORMATION('','',#11,#27);
#2549 = PRODUCT_DEFINITION_SHAPE('Placement','Placement of an item',
  #2550);
#2550 = NEXT_ASSEMBLY_USAGE_OCCURRENCE('4','C1','',#5,#495,$);
#2551 = PRODUCT_RELATED_PRODUCT_CATEGORY('part',$,(#497));
#2552 = CONTEXT_DEPENDENT_SHAPE_REPRESENTATION(#2553,#2555);
#2553 = ( REPRESENTATION_RELATIONSHIP('','',#84,#10) 
REPRESENTATION_RELATIONSHIP_WITH_TRANSFORMATION(#2554) 
SHAPE_REPRESENTATION_RELATIONSHIP() );
#2554 = ITEM_DEFINED_TRANSFORMATION('','',#11,#31);
#2555 = PRODUCT_DEFINITION_SHAPE('Placement','Placement of an item',
  #2556);
#2556 = NEXT_ASSEMBLY_USAGE_OCCURRENCE('5','R5','',#5,#79,$);
#2557 = CONTEXT_DEPENDENT_SHAPE_REPRESENTATION(#2558,#2560);
#2558 = ( REPRESENTATION_RELATIONSHIP('','',#84,#10) 
REPRESENTATION_RELATIONSHIP_WITH_TRANSFORMATION(#2559) 
SHAPE_REPRESENTATION_RELATIONSHIP() );
#2559 = ITEM_DEFINED_TRANSFORMATION('','',#11,#35);
#2560 = PRODUCT_DEFINITION_SHAPE('Placement','Placement of an item',
  #2561);
#2561 = NEXT_ASSEMBLY_USAGE_OCCURRENCE('6','R6','',#5,#79,$);
#2562 = CONTEXT_DEPENDENT_SHAPE_REPRESENTATION(#2563,#2565);
#2563 = ( REPRESENTATION_RELATIONSHIP('','',#84,#10) 
REPRESENTATION_RELATIONSHIP_WITH_TRANSFORMATION(#2564) 
SHAPE_REPRESENTATION_RELATIONSHIP() );
#2564 = ITEM_DEFINED_TRANSFORMATION('','',#11,#39);
#2565 = PRODUCT_DEFINITION_SHAPE('Placement','Placement of an item',
  #2566);
#2566 = NEXT_ASSEMBLY_USAGE_OCCURRENCE('7','R8','',#5,#79,$);
#2567 = CONTEXT_DEPENDENT_SHAPE_REPRESENTATION(#2568,#2570);
#2568 = ( REPRESENTATION_RELATIONSHIP('','',#84,#10) 
REPRESENTATION_RELATIONSHIP_WITH_TRANSFORMATION(#2569) 
SHAPE_REPRESENTATION_RELATIONSHIP() );
#2569 = ITEM_DEFINED_TRANSFORMATION('','',#11,#43);
#2570 = PRODUCT_DEFINITION_SHAPE('Placement','Placement of an item',
  #2571);
#2571 = NEXT_ASSEMBLY_USAGE_OCCURRENCE('8','R4','',#5,#79,$);
#2572 = SHAPE_DEFINITION_REPRESENTATION(#2573,#2579);
#2573 = PRODUCT_DEFINITION_SHAPE('','',#2574);
#2574 = PRODUCT_DEFINITION('design','',#2575,#2578);
#2575 = PRODUCT_DEFINITION_FORMATION('','',#2576);
#2576 = PRODUCT('PinSocket_1x07_P2.54mm_Vertical',
  'PinSocket_1x07_P2.54mm_Vertical','',(#2577));
#2577 = PRODUCT_CONTEXT('',#2,'mechanical');
#2578 = PRODUCT_DEFINITION_CONTEXT('part definition',#2,'design');
#2579 = ADVANCED_BREP_SHAPE_REPRESENTATION('',(#11,#2580),#8294);
#2580 = MANIFOLD_SOLID_BREP('',#2581);
#2581 = CLOSED_SHELL('',(#2582,#2622,#2685,#2748,#2765,#3020,#3042,#3059
    ,#3538,#3550,#3562,#3593,#3617,#3641,#3658,#3689,#3713,#3737,#3754,
    #3785,#3809,#3833,#3850,#3881,#3905,#3929,#3946,#3977,#4001,#4025,
    #4042,#4073,#4097,#4121,#4138,#4169,#4193,#4217,#4234,#4251,#4298,
    #4315,#4362,#4379,#4426,#4443,#4490,#4507,#4554,#4571,#4618,#4635,
    #4682,#4699,#4746,#4763,#4810,#4827,#4874,#4891,#4938,#4955,#5002,
    #5019,#5066,#5083,#5130,#5161,#5217,#5241,#5290,#5321,#5377,#5401,
    #5450,#5481,#5537,#5561,#5610,#5641,#5697,#5721,#5770,#5801,#5857,
    #5881,#5930,#5961,#6017,#6041,#6090,#6121,#6177,#6201,#6250,#6267,
    #6284,#6301,#6318,#6330,#6347,#6364,#6381,#6398,#6410,#6427,#6444,
    #6461,#6478,#6490,#6507,#6524,#6541,#6558,#6570,#6587,#6604,#6621,
    #6638,#6650,#6667,#6684,#6701,#6718,#6730,#6747,#6764,#6781,#6798,
    #6810,#6827,#6844,#6893,#6917,#6959,#6976,#6993,#7010,#7059,#7083,
    #7125,#7142,#7159,#7176,#7225,#7249,#7291,#7308,#7325,#7342,#7391,
    #7415,#7457,#7474,#7491,#7508,#7557,#7581,#7623,#7640,#7657,#7674,
    #7723,#7747,#7789,#7806,#7823,#7840,#7889,#7913,#7955,#7972,#7989,
    #8006,#8018,#8035,#8052,#8064,#8081,#8098,#8110,#8127,#8144,#8156,
    #8173,#8190,#8202,#8219,#8236,#8248,#8265,#8282));
#2582 = ADVANCED_FACE('',(#2583),#2617,.F.);
#2583 = FACE_BOUND('',#2584,.F.);
#2584 = EDGE_LOOP('',(#2585,#2595,#2603,#2611));
#2585 = ORIENTED_EDGE('',*,*,#2586,.T.);
#2586 = EDGE_CURVE('',#2587,#2589,#2591,.T.);
#2587 = VERTEX_POINT('',#2588);
#2588 = CARTESIAN_POINT('',(1.27,-16.51,0.));
#2589 = VERTEX_POINT('',#2590);
#2590 = CARTESIAN_POINT('',(1.27,-16.51,8.5));
#2591 = LINE('',#2592,#2593);
#2592 = CARTESIAN_POINT('',(1.27,-16.51,0.));
#2593 = VECTOR('',#2594,1.);
#2594 = DIRECTION('',(0.,0.,1.));
#2595 = ORIENTED_EDGE('',*,*,#2596,.T.);
#2596 = EDGE_CURVE('',#2589,#2597,#2599,.T.);
#2597 = VERTEX_POINT('',#2598);
#2598 = CARTESIAN_POINT('',(1.27,1.27,8.5));
#2599 = LINE('',#2600,#2601);
#2600 = CARTESIAN_POINT('',(1.27,-16.51,8.5));
#2601 = VECTOR('',#2602,1.);
#2602 = DIRECTION('',(1.110223024625E-16,1.,0.));
#2603 = ORIENTED_EDGE('',*,*,#2604,.F.);
#2604 = EDGE_CURVE('',#2605,#2597,#2607,.T.);
#2605 = VERTEX_POINT('',#2606);
#2606 = CARTESIAN_POINT('',(1.27,1.27,0.));
#2607 = LINE('',#2608,#2609);
#2608 = CARTESIAN_POINT('',(1.27,1.27,0.));
#2609 = VECTOR('',#2610,1.);
#2610 = DIRECTION('',(0.,0.,1.));
#2611 = ORIENTED_EDGE('',*,*,#2612,.F.);
#2612 = EDGE_CURVE('',#2587,#2605,#2613,.T.);
#2613 = LINE('',#2614,#2615);
#2614 = CARTESIAN_POINT('',(1.27,-16.51,0.));
#2615 = VECTOR('',#2616,1.);
#2616 = DIRECTION('',(1.110223024625E-16,1.,0.));
#2617 = PLANE('',#2618);
#2618 = AXIS2_PLACEMENT_3D('',#2619,#2620,#2621);
#2619 = CARTESIAN_POINT('',(1.27,-16.51,0.));
#2620 = DIRECTION('',(-1.,1.110223024625E-16,0.));
#2621 = DIRECTION('',(1.110223024625E-16,1.,0.));
#2622 = ADVANCED_FACE('',(#2623),#2680,.F.);
#2623 = FACE_BOUND('',#2624,.F.);
#2624 = EDGE_LOOP('',(#2625,#2635,#2643,#2649,#2650,#2658,#2666,#2674));
#2625 = ORIENTED_EDGE('',*,*,#2626,.F.);
#2626 = EDGE_CURVE('',#2627,#2629,#2631,.T.);
#2627 = VERTEX_POINT('',#2628);
#2628 = CARTESIAN_POINT('',(-1.27,-16.51,0.));
#2629 = VERTEX_POINT('',#2630);
#2630 = CARTESIAN_POINT('',(-0.846666666667,-16.51,0.));
#2631 = LINE('',#2632,#2633);
#2632 = CARTESIAN_POINT('',(-1.27,-16.51,0.));
#2633 = VECTOR('',#2634,1.);
#2634 = DIRECTION('',(1.,-1.110223024625E-16,0.));
#2635 = ORIENTED_EDGE('',*,*,#2636,.T.);
#2636 = EDGE_CURVE('',#2627,#2637,#2639,.T.);
#2637 = VERTEX_POINT('',#2638);
#2638 = CARTESIAN_POINT('',(-1.27,-16.51,8.5));
#2639 = LINE('',#2640,#2641);
#2640 = CARTESIAN_POINT('',(-1.27,-16.51,0.));
#2641 = VECTOR('',#2642,1.);
#2642 = DIRECTION('',(0.,0.,1.));
#2643 = ORIENTED_EDGE('',*,*,#2644,.T.);
#2644 = EDGE_CURVE('',#2637,#2589,#2645,.T.);
#2645 = LINE('',#2646,#2647);
#2646 = CARTESIAN_POINT('',(-1.27,-16.51,8.5));
#2647 = VECTOR('',#2648,1.);
#2648 = DIRECTION('',(1.,-1.110223024625E-16,0.));
#2649 = ORIENTED_EDGE('',*,*,#2586,.F.);
#2650 = ORIENTED_EDGE('',*,*,#2651,.F.);
#2651 = EDGE_CURVE('',#2652,#2587,#2654,.T.);
#2652 = VERTEX_POINT('',#2653);
#2653 = CARTESIAN_POINT('',(0.846666666667,-16.51,0.));
#2654 = LINE('',#2655,#2656);
#2655 = CARTESIAN_POINT('',(-1.27,-16.51,0.));
#2656 = VECTOR('',#2657,1.);
#2657 = DIRECTION('',(1.,-1.110223024625E-16,0.));
#2658 = ORIENTED_EDGE('',*,*,#2659,.T.);
#2659 = EDGE_CURVE('',#2652,#2660,#2662,.T.);
#2660 = VERTEX_POINT('',#2661);
#2661 = CARTESIAN_POINT('',(0.846666666667,-16.51,0.2));
#2662 = LINE('',#2663,#2664);
#2663 = CARTESIAN_POINT('',(0.846666666667,-16.51,0.));
#2664 = VECTOR('',#2665,1.);
#2665 = DIRECTION('',(0.,0.,1.));
#2666 = ORIENTED_EDGE('',*,*,#2667,.F.);
#2667 = EDGE_CURVE('',#2668,#2660,#2670,.T.);
#2668 = VERTEX_POINT('',#2669);
#2669 = CARTESIAN_POINT('',(-0.846666666667,-16.51,0.2));
#2670 = LINE('',#2671,#2672);
#2671 = CARTESIAN_POINT('',(-0.846666666667,-16.51,0.2));
#2672 = VECTOR('',#2673,1.);
#2673 = DIRECTION('',(1.,-1.110223024625E-16,0.));
#2674 = ORIENTED_EDGE('',*,*,#2675,.F.);
#2675 = EDGE_CURVE('',#2629,#2668,#2676,.T.);
#2676 = LINE('',#2677,#2678);
#2677 = CARTESIAN_POINT('',(-0.846666666667,-16.51,0.));
#2678 = VECTOR('',#2679,1.);
#2679 = DIRECTION('',(0.,0.,1.));
#2680 = PLANE('',#2681);
#2681 = AXIS2_PLACEMENT_3D('',#2682,#2683,#2684);
#2682 = CARTESIAN_POINT('',(-1.27,-16.51,0.));
#2683 = DIRECTION('',(1.110223024625E-16,1.,0.));
#2684 = DIRECTION('',(1.,-1.110223024625E-16,0.));
#2685 = ADVANCED_FACE('',(#2686),#2743,.F.);
#2686 = FACE_BOUND('',#2687,.F.);
#2687 = EDGE_LOOP('',(#2688,#2696,#2697,#2705,#2713,#2721,#2729,#2737));
#2688 = ORIENTED_EDGE('',*,*,#2689,.F.);
#2689 = EDGE_CURVE('',#2605,#2690,#2692,.T.);
#2690 = VERTEX_POINT('',#2691);
#2691 = CARTESIAN_POINT('',(0.846666666667,1.27,0.));
#2692 = LINE('',#2693,#2694);
#2693 = CARTESIAN_POINT('',(1.27,1.27,0.));
#2694 = VECTOR('',#2695,1.);
#2695 = DIRECTION('',(-1.,1.110223024625E-16,0.));
#2696 = ORIENTED_EDGE('',*,*,#2604,.T.);
#2697 = ORIENTED_EDGE('',*,*,#2698,.T.);
#2698 = EDGE_CURVE('',#2597,#2699,#2701,.T.);
#2699 = VERTEX_POINT('',#2700);
#2700 = CARTESIAN_POINT('',(-1.27,1.27,8.5));
#2701 = LINE('',#2702,#2703);
#2702 = CARTESIAN_POINT('',(1.27,1.27,8.5));
#2703 = VECTOR('',#2704,1.);
#2704 = DIRECTION('',(-1.,1.110223024625E-16,0.));
#2705 = ORIENTED_EDGE('',*,*,#2706,.F.);
#2706 = EDGE_CURVE('',#2707,#2699,#2709,.T.);
#2707 = VERTEX_POINT('',#2708);
#2708 = CARTESIAN_POINT('',(-1.27,1.27,0.));
#2709 = LINE('',#2710,#2711);
#2710 = CARTESIAN_POINT('',(-1.27,1.27,0.));
#2711 = VECTOR('',#2712,1.);
#2712 = DIRECTION('',(0.,0.,1.));
#2713 = ORIENTED_EDGE('',*,*,#2714,.F.);
#2714 = EDGE_CURVE('',#2715,#2707,#2717,.T.);
#2715 = VERTEX_POINT('',#2716);
#2716 = CARTESIAN_POINT('',(-0.846666666667,1.27,0.));
#2717 = LINE('',#2718,#2719);
#2718 = CARTESIAN_POINT('',(1.27,1.27,0.));
#2719 = VECTOR('',#2720,1.);
#2720 = DIRECTION('',(-1.,1.110223024625E-16,0.));
#2721 = ORIENTED_EDGE('',*,*,#2722,.T.);
#2722 = EDGE_CURVE('',#2715,#2723,#2725,.T.);
#2723 = VERTEX_POINT('',#2724);
#2724 = CARTESIAN_POINT('',(-0.846666666667,1.27,0.2));
#2725 = LINE('',#2726,#2727);
#2726 = CARTESIAN_POINT('',(-0.846666666667,1.27,0.));
#2727 = VECTOR('',#2728,1.);
#2728 = DIRECTION('',(0.,0.,1.));
#2729 = ORIENTED_EDGE('',*,*,#2730,.F.);
#2730 = EDGE_CURVE('',#2731,#2723,#2733,.T.);
#2731 = VERTEX_POINT('',#2732);
#2732 = CARTESIAN_POINT('',(0.846666666667,1.27,0.2));
#2733 = LINE('',#2734,#2735);
#2734 = CARTESIAN_POINT('',(0.846666666667,1.27,0.2));
#2735 = VECTOR('',#2736,1.);
#2736 = DIRECTION('',(-1.,1.110223024625E-16,0.));
#2737 = ORIENTED_EDGE('',*,*,#2738,.F.);
#2738 = EDGE_CURVE('',#2690,#2731,#2739,.T.);
#2739 = LINE('',#2740,#2741);
#2740 = CARTESIAN_POINT('',(0.846666666667,1.27,0.));
#2741 = VECTOR('',#2742,1.);
#2742 = DIRECTION('',(0.,0.,1.));
#2743 = PLANE('',#2744);
#2744 = AXIS2_PLACEMENT_3D('',#2745,#2746,#2747);
#2745 = CARTESIAN_POINT('',(1.27,1.27,0.));
#2746 = DIRECTION('',(-1.110223024625E-16,-1.,0.));
#2747 = DIRECTION('',(-1.,1.110223024625E-16,0.));
#2748 = ADVANCED_FACE('',(#2749),#2760,.F.);
#2749 = FACE_BOUND('',#2750,.F.);
#2750 = EDGE_LOOP('',(#2751,#2752,#2753,#2754));
#2751 = ORIENTED_EDGE('',*,*,#2651,.T.);
#2752 = ORIENTED_EDGE('',*,*,#2612,.T.);
#2753 = ORIENTED_EDGE('',*,*,#2689,.T.);
#2754 = ORIENTED_EDGE('',*,*,#2755,.F.);
#2755 = EDGE_CURVE('',#2652,#2690,#2756,.T.);
#2756 = LINE('',#2757,#2758);
#2757 = CARTESIAN_POINT('',(0.846666666667,-16.51,0.));
#2758 = VECTOR('',#2759,1.);
#2759 = DIRECTION('',(1.110223024625E-16,1.,0.));
#2760 = PLANE('',#2761);
#2761 = AXIS2_PLACEMENT_3D('',#2762,#2763,#2764);
#2762 = CARTESIAN_POINT('',(-8.182343691487E-16,-7.62,0.));
#2763 = DIRECTION('',(0.,0.,1.));
#2764 = DIRECTION('',(1.110223024625E-16,1.,-0.));
#2765 = ADVANCED_FACE('',(#2766,#2777,#2811,#2845,#2879,#2913,#2947,
    #2981),#3015,.T.);
#2766 = FACE_BOUND('',#2767,.T.);
#2767 = EDGE_LOOP('',(#2768,#2769,#2770,#2776));
#2768 = ORIENTED_EDGE('',*,*,#2596,.T.);
#2769 = ORIENTED_EDGE('',*,*,#2698,.T.);
#2770 = ORIENTED_EDGE('',*,*,#2771,.T.);
#2771 = EDGE_CURVE('',#2699,#2637,#2772,.T.);
#2772 = LINE('',#2773,#2774);
#2773 = CARTESIAN_POINT('',(-1.27,1.27,8.5));
#2774 = VECTOR('',#2775,1.);
#2775 = DIRECTION('',(-1.110223024625E-16,-1.,0.));
#2776 = ORIENTED_EDGE('',*,*,#2644,.T.);
#2777 = FACE_BOUND('',#2778,.T.);
#2778 = EDGE_LOOP('',(#2779,#2789,#2797,#2805));
#2779 = ORIENTED_EDGE('',*,*,#2780,.F.);
#2780 = EDGE_CURVE('',#2781,#2783,#2785,.T.);
#2781 = VERTEX_POINT('',#2782);
#2782 = CARTESIAN_POINT('',(0.6,-15.84,8.5));
#2783 = VERTEX_POINT('',#2784);
#2784 = CARTESIAN_POINT('',(0.6,-14.64,8.5));
#2785 = LINE('',#2786,#2787);
#2786 = CARTESIAN_POINT('',(0.6,-15.84,8.5));
#2787 = VECTOR('',#2788,1.);
#2788 = DIRECTION('',(1.110223024625E-16,1.,0.));
#2789 = ORIENTED_EDGE('',*,*,#2790,.F.);
#2790 = EDGE_CURVE('',#2791,#2781,#2793,.T.);
#2791 = VERTEX_POINT('',#2792);
#2792 = CARTESIAN_POINT('',(-0.6,-15.84,8.5));
#2793 = LINE('',#2794,#2795);
#2794 = CARTESIAN_POINT('',(-0.6,-15.84,8.5));
#2795 = VECTOR('',#2796,1.);
#2796 = DIRECTION('',(1.,-1.110223024625E-16,0.));
#2797 = ORIENTED_EDGE('',*,*,#2798,.F.);
#2798 = EDGE_CURVE('',#2799,#2791,#2801,.T.);
#2799 = VERTEX_POINT('',#2800);
#2800 = CARTESIAN_POINT('',(-0.6,-14.64,8.5));
#2801 = LINE('',#2802,#2803);
#2802 = CARTESIAN_POINT('',(-0.6,-14.64,8.5));
#2803 = VECTOR('',#2804,1.);
#2804 = DIRECTION('',(-1.110223024625E-16,-1.,0.));
#2805 = ORIENTED_EDGE('',*,*,#2806,.F.);
#2806 = EDGE_CURVE('',#2783,#2799,#2807,.T.);
#2807 = LINE('',#2808,#2809);
#2808 = CARTESIAN_POINT('',(0.6,-14.64,8.5));
#2809 = VECTOR('',#2810,1.);
#2810 = DIRECTION('',(-1.,1.110223024625E-16,0.));
#2811 = FACE_BOUND('',#2812,.T.);
#2812 = EDGE_LOOP('',(#2813,#2823,#2831,#2839));
#2813 = ORIENTED_EDGE('',*,*,#2814,.F.);
#2814 = EDGE_CURVE('',#2815,#2817,#2819,.T.);
#2815 = VERTEX_POINT('',#2816);
#2816 = CARTESIAN_POINT('',(0.6,-13.3,8.5));
#2817 = VERTEX_POINT('',#2818);
#2818 = CARTESIAN_POINT('',(0.6,-12.1,8.5));
#2819 = LINE('',#2820,#2821);
#2820 = CARTESIAN_POINT('',(0.6,-13.3,8.5));
#2821 = VECTOR('',#2822,1.);
#2822 = DIRECTION('',(1.110223024625E-16,1.,0.));
#2823 = ORIENTED_EDGE('',*,*,#2824,.F.);
#2824 = EDGE_CURVE('',#2825,#2815,#2827,.T.);
#2825 = VERTEX_POINT('',#2826);
#2826 = CARTESIAN_POINT('',(-0.6,-13.3,8.5));
#2827 = LINE('',#2828,#2829);
#2828 = CARTESIAN_POINT('',(-0.6,-13.3,8.5));
#2829 = VECTOR('',#2830,1.);
#2830 = DIRECTION('',(1.,-1.110223024625E-16,0.));
#2831 = ORIENTED_EDGE('',*,*,#2832,.F.);
#2832 = EDGE_CURVE('',#2833,#2825,#2835,.T.);
#2833 = VERTEX_POINT('',#2834);
#2834 = CARTESIAN_POINT('',(-0.6,-12.1,8.5));
#2835 = LINE('',#2836,#2837);
#2836 = CARTESIAN_POINT('',(-0.6,-12.1,8.5));
#2837 = VECTOR('',#2838,1.);
#2838 = DIRECTION('',(-1.110223024625E-16,-1.,0.));
#2839 = ORIENTED_EDGE('',*,*,#2840,.F.);
#2840 = EDGE_CURVE('',#2817,#2833,#2841,.T.);
#2841 = LINE('',#2842,#2843);
#2842 = CARTESIAN_POINT('',(0.6,-12.1,8.5));
#2843 = VECTOR('',#2844,1.);
#2844 = DIRECTION('',(-1.,1.110223024625E-16,0.));
#2845 = FACE_BOUND('',#2846,.T.);
#2846 = EDGE_LOOP('',(#2847,#2857,#2865,#2873));
#2847 = ORIENTED_EDGE('',*,*,#2848,.F.);
#2848 = EDGE_CURVE('',#2849,#2851,#2853,.T.);
#2849 = VERTEX_POINT('',#2850);
#2850 = CARTESIAN_POINT('',(0.6,-10.76,8.5));
#2851 = VERTEX_POINT('',#2852);
#2852 = CARTESIAN_POINT('',(0.6,-9.56,8.5));
#2853 = LINE('',#2854,#2855);
#2854 = CARTESIAN_POINT('',(0.6,-10.76,8.5));
#2855 = VECTOR('',#2856,1.);
#2856 = DIRECTION('',(1.110223024625E-16,1.,0.));
#2857 = ORIENTED_EDGE('',*,*,#2858,.F.);
#2858 = EDGE_CURVE('',#2859,#2849,#2861,.T.);
#2859 = VERTEX_POINT('',#2860);
#2860 = CARTESIAN_POINT('',(-0.6,-10.76,8.5));
#2861 = LINE('',#2862,#2863);
#2862 = CARTESIAN_POINT('',(-0.6,-10.76,8.5));
#2863 = VECTOR('',#2864,1.);
#2864 = DIRECTION('',(1.,-1.110223024625E-16,0.));
#2865 = ORIENTED_EDGE('',*,*,#2866,.F.);
#2866 = EDGE_CURVE('',#2867,#2859,#2869,.T.);
#2867 = VERTEX_POINT('',#2868);
#2868 = CARTESIAN_POINT('',(-0.6,-9.56,8.5));
#2869 = LINE('',#2870,#2871);
#2870 = CARTESIAN_POINT('',(-0.6,-9.56,8.5));
#2871 = VECTOR('',#2872,1.);
#2872 = DIRECTION('',(-1.110223024625E-16,-1.,0.));
#2873 = ORIENTED_EDGE('',*,*,#2874,.F.);
#2874 = EDGE_CURVE('',#2851,#2867,#2875,.T.);
#2875 = LINE('',#2876,#2877);
#2876 = CARTESIAN_POINT('',(0.6,-9.56,8.5));
#2877 = VECTOR('',#2878,1.);
#2878 = DIRECTION('',(-1.,1.110223024625E-16,0.));
#2879 = FACE_BOUND('',#2880,.T.);
#2880 = EDGE_LOOP('',(#2881,#2891,#2899,#2907));
#2881 = ORIENTED_EDGE('',*,*,#2882,.F.);
#2882 = EDGE_CURVE('',#2883,#2885,#2887,.T.);
#2883 = VERTEX_POINT('',#2884);
#2884 = CARTESIAN_POINT('',(0.6,-8.22,8.5));
#2885 = VERTEX_POINT('',#2886);
#2886 = CARTESIAN_POINT('',(0.6,-7.02,8.5));
#2887 = LINE('',#2888,#2889);
#2888 = CARTESIAN_POINT('',(0.6,-8.22,8.5));
#2889 = VECTOR('',#2890,1.);
#2890 = DIRECTION('',(1.110223024625E-16,1.,0.));
#2891 = ORIENTED_EDGE('',*,*,#2892,.F.);
#2892 = EDGE_CURVE('',#2893,#2883,#2895,.T.);
#2893 = VERTEX_POINT('',#2894);
#2894 = CARTESIAN_POINT('',(-0.6,-8.22,8.5));
#2895 = LINE('',#2896,#2897);
#2896 = CARTESIAN_POINT('',(-0.6,-8.22,8.5));
#2897 = VECTOR('',#2898,1.);
#2898 = DIRECTION('',(1.,-1.110223024625E-16,0.));
#2899 = ORIENTED_EDGE('',*,*,#2900,.F.);
#2900 = EDGE_CURVE('',#2901,#2893,#2903,.T.);
#2901 = VERTEX_POINT('',#2902);
#2902 = CARTESIAN_POINT('',(-0.6,-7.02,8.5));
#2903 = LINE('',#2904,#2905);
#2904 = CARTESIAN_POINT('',(-0.6,-7.02,8.5));
#2905 = VECTOR('',#2906,1.);
#2906 = DIRECTION('',(-1.110223024625E-16,-1.,0.));
#2907 = ORIENTED_EDGE('',*,*,#2908,.F.);
#2908 = EDGE_CURVE('',#2885,#2901,#2909,.T.);
#2909 = LINE('',#2910,#2911);
#2910 = CARTESIAN_POINT('',(0.6,-7.02,8.5));
#2911 = VECTOR('',#2912,1.);
#2912 = DIRECTION('',(-1.,1.110223024625E-16,0.));
#2913 = FACE_BOUND('',#2914,.T.);
#2914 = EDGE_LOOP('',(#2915,#2925,#2933,#2941));
#2915 = ORIENTED_EDGE('',*,*,#2916,.F.);
#2916 = EDGE_CURVE('',#2917,#2919,#2921,.T.);
#2917 = VERTEX_POINT('',#2918);
#2918 = CARTESIAN_POINT('',(0.6,-5.68,8.5));
#2919 = VERTEX_POINT('',#2920);
#2920 = CARTESIAN_POINT('',(0.6,-4.48,8.5));
#2921 = LINE('',#2922,#2923);
#2922 = CARTESIAN_POINT('',(0.6,-5.68,8.5));
#2923 = VECTOR('',#2924,1.);
#2924 = DIRECTION('',(1.110223024625E-16,1.,0.));
#2925 = ORIENTED_EDGE('',*,*,#2926,.F.);
#2926 = EDGE_CURVE('',#2927,#2917,#2929,.T.);
#2927 = VERTEX_POINT('',#2928);
#2928 = CARTESIAN_POINT('',(-0.6,-5.68,8.5));
#2929 = LINE('',#2930,#2931);
#2930 = CARTESIAN_POINT('',(-0.6,-5.68,8.5));
#2931 = VECTOR('',#2932,1.);
#2932 = DIRECTION('',(1.,-1.110223024625E-16,0.));
#2933 = ORIENTED_EDGE('',*,*,#2934,.F.);
#2934 = EDGE_CURVE('',#2935,#2927,#2937,.T.);
#2935 = VERTEX_POINT('',#2936);
#2936 = CARTESIAN_POINT('',(-0.6,-4.48,8.5));
#2937 = LINE('',#2938,#2939);
#2938 = CARTESIAN_POINT('',(-0.6,-4.48,8.5));
#2939 = VECTOR('',#2940,1.);
#2940 = DIRECTION('',(-1.110223024625E-16,-1.,0.));
#2941 = ORIENTED_EDGE('',*,*,#2942,.F.);
#2942 = EDGE_CURVE('',#2919,#2935,#2943,.T.);
#2943 = LINE('',#2944,#2945);
#2944 = CARTESIAN_POINT('',(0.6,-4.48,8.5));
#2945 = VECTOR('',#2946,1.);
#2946 = DIRECTION('',(-1.,1.110223024625E-16,0.));
#2947 = FACE_BOUND('',#2948,.T.);
#2948 = EDGE_LOOP('',(#2949,#2959,#2967,#2975));
#2949 = ORIENTED_EDGE('',*,*,#2950,.F.);
#2950 = EDGE_CURVE('',#2951,#2953,#2955,.T.);
#2951 = VERTEX_POINT('',#2952);
#2952 = CARTESIAN_POINT('',(0.6,-3.14,8.5));
#2953 = VERTEX_POINT('',#2954);
#2954 = CARTESIAN_POINT('',(0.6,-1.94,8.5));
#2955 = LINE('',#2956,#2957);
#2956 = CARTESIAN_POINT('',(0.6,-3.14,8.5));
#2957 = VECTOR('',#2958,1.);
#2958 = DIRECTION('',(1.110223024625E-16,1.,0.));
#2959 = ORIENTED_EDGE('',*,*,#2960,.F.);
#2960 = EDGE_CURVE('',#2961,#2951,#2963,.T.);
#2961 = VERTEX_POINT('',#2962);
#2962 = CARTESIAN_POINT('',(-0.6,-3.14,8.5));
#2963 = LINE('',#2964,#2965);
#2964 = CARTESIAN_POINT('',(-0.6,-3.14,8.5));
#2965 = VECTOR('',#2966,1.);
#2966 = DIRECTION('',(1.,-1.110223024625E-16,0.));
#2967 = ORIENTED_EDGE('',*,*,#2968,.F.);
#2968 = EDGE_CURVE('',#2969,#2961,#2971,.T.);
#2969 = VERTEX_POINT('',#2970);
#2970 = CARTESIAN_POINT('',(-0.6,-1.94,8.5));
#2971 = LINE('',#2972,#2973);
#2972 = CARTESIAN_POINT('',(-0.6,-1.94,8.5));
#2973 = VECTOR('',#2974,1.);
#2974 = DIRECTION('',(-1.110223024625E-16,-1.,0.));
#2975 = ORIENTED_EDGE('',*,*,#2976,.F.);
#2976 = EDGE_CURVE('',#2953,#2969,#2977,.T.);
#2977 = LINE('',#2978,#2979);
#2978 = CARTESIAN_POINT('',(0.6,-1.94,8.5));
#2979 = VECTOR('',#2980,1.);
#2980 = DIRECTION('',(-1.,1.110223024625E-16,0.));
#2981 = FACE_BOUND('',#2982,.T.);
#2982 = EDGE_LOOP('',(#2983,#2993,#3001,#3009));
#2983 = ORIENTED_EDGE('',*,*,#2984,.F.);
#2984 = EDGE_CURVE('',#2985,#2987,#2989,.T.);
#2985 = VERTEX_POINT('',#2986);
#2986 = CARTESIAN_POINT('',(0.6,-0.6,8.5));
#2987 = VERTEX_POINT('',#2988);
#2988 = CARTESIAN_POINT('',(0.6,0.6,8.5));
#2989 = LINE('',#2990,#2991);
#2990 = CARTESIAN_POINT('',(0.6,-0.6,8.5));
#2991 = VECTOR('',#2992,1.);
#2992 = DIRECTION('',(1.110223024625E-16,1.,0.));
#2993 = ORIENTED_EDGE('',*,*,#2994,.F.);
#2994 = EDGE_CURVE('',#2995,#2985,#2997,.T.);
#2995 = VERTEX_POINT('',#2996);
#2996 = CARTESIAN_POINT('',(-0.6,-0.6,8.5));
#2997 = LINE('',#2998,#2999);
#2998 = CARTESIAN_POINT('',(-0.6,-0.6,8.5));
#2999 = VECTOR('',#3000,1.);
#3000 = DIRECTION('',(1.,-1.110223024625E-16,0.));
#3001 = ORIENTED_EDGE('',*,*,#3002,.F.);
#3002 = EDGE_CURVE('',#3003,#2995,#3005,.T.);
#3003 = VERTEX_POINT('',#3004);
#3004 = CARTESIAN_POINT('',(-0.6,0.6,8.5));
#3005 = LINE('',#3006,#3007);
#3006 = CARTESIAN_POINT('',(-0.6,0.6,8.5));
#3007 = VECTOR('',#3008,1.);
#3008 = DIRECTION('',(-1.110223024625E-16,-1.,0.));
#3009 = ORIENTED_EDGE('',*,*,#3010,.F.);
#3010 = EDGE_CURVE('',#2987,#3003,#3011,.T.);
#3011 = LINE('',#3012,#3013);
#3012 = CARTESIAN_POINT('',(0.6,0.6,8.5));
#3013 = VECTOR('',#3014,1.);
#3014 = DIRECTION('',(-1.,1.110223024625E-16,0.));
#3015 = PLANE('',#3016);
#3016 = AXIS2_PLACEMENT_3D('',#3017,#3018,#3019);
#3017 = CARTESIAN_POINT('',(-8.182343691487E-16,-7.62,8.5));
#3018 = DIRECTION('',(0.,0.,1.));
#3019 = DIRECTION('',(1.110223024625E-16,1.,-0.));
#3020 = ADVANCED_FACE('',(#3021),#3037,.F.);
#3021 = FACE_BOUND('',#3022,.F.);
#3022 = EDGE_LOOP('',(#3023,#3024,#3030,#3031));
#3023 = ORIENTED_EDGE('',*,*,#2626,.T.);
#3024 = ORIENTED_EDGE('',*,*,#3025,.F.);
#3025 = EDGE_CURVE('',#2715,#2629,#3026,.T.);
#3026 = LINE('',#3027,#3028);
#3027 = CARTESIAN_POINT('',(-0.846666666667,1.27,0.));
#3028 = VECTOR('',#3029,1.);
#3029 = DIRECTION('',(-1.110223024625E-16,-1.,0.));
#3030 = ORIENTED_EDGE('',*,*,#2714,.T.);
#3031 = ORIENTED_EDGE('',*,*,#3032,.T.);
#3032 = EDGE_CURVE('',#2707,#2627,#3033,.T.);
#3033 = LINE('',#3034,#3035);
#3034 = CARTESIAN_POINT('',(-1.27,1.27,0.));
#3035 = VECTOR('',#3036,1.);
#3036 = DIRECTION('',(-1.110223024625E-16,-1.,0.));
#3037 = PLANE('',#3038);
#3038 = AXIS2_PLACEMENT_3D('',#3039,#3040,#3041);
#3039 = CARTESIAN_POINT('',(-8.182343691487E-16,-7.62,0.));
#3040 = DIRECTION('',(0.,0.,1.));
#3041 = DIRECTION('',(1.110223024625E-16,1.,-0.));
#3042 = ADVANCED_FACE('',(#3043),#3054,.T.);
#3043 = FACE_BOUND('',#3044,.T.);
#3044 = EDGE_LOOP('',(#3045,#3046,#3052,#3053));
#3045 = ORIENTED_EDGE('',*,*,#2722,.T.);
#3046 = ORIENTED_EDGE('',*,*,#3047,.T.);
#3047 = EDGE_CURVE('',#2723,#2668,#3048,.T.);
#3048 = LINE('',#3049,#3050);
#3049 = CARTESIAN_POINT('',(-0.846666666667,1.27,0.2));
#3050 = VECTOR('',#3051,1.);
#3051 = DIRECTION('',(-1.110223024625E-16,-1.,0.));
#3052 = ORIENTED_EDGE('',*,*,#2675,.F.);
#3053 = ORIENTED_EDGE('',*,*,#3025,.F.);
#3054 = PLANE('',#3055);
#3055 = AXIS2_PLACEMENT_3D('',#3056,#3057,#3058);
#3056 = CARTESIAN_POINT('',(-0.846666666667,1.27,0.));
#3057 = DIRECTION('',(1.,-1.110223024625E-16,0.));
#3058 = DIRECTION('',(-1.110223024625E-16,-1.,0.));
#3059 = ADVANCED_FACE('',(#3060,#3071,#3137,#3203,#3269,#3335,#3401,
    #3467),#3533,.F.);
#3060 = FACE_BOUND('',#3061,.F.);
#3061 = EDGE_LOOP('',(#3062,#3068,#3069,#3070));
#3062 = ORIENTED_EDGE('',*,*,#3063,.T.);
#3063 = EDGE_CURVE('',#2660,#2731,#3064,.T.);
#3064 = LINE('',#3065,#3066);
#3065 = CARTESIAN_POINT('',(0.846666666667,-16.51,0.2));
#3066 = VECTOR('',#3067,1.);
#3067 = DIRECTION('',(1.110223024625E-16,1.,0.));
#3068 = ORIENTED_EDGE('',*,*,#2730,.T.);
#3069 = ORIENTED_EDGE('',*,*,#3047,.T.);
#3070 = ORIENTED_EDGE('',*,*,#2667,.T.);
#3071 = FACE_BOUND('',#3072,.F.);
#3072 = EDGE_LOOP('',(#3073,#3083,#3091,#3099,#3107,#3115,#3123,#3131));
#3073 = ORIENTED_EDGE('',*,*,#3074,.F.);
#3074 = EDGE_CURVE('',#3075,#3077,#3079,.T.);
#3075 = VERTEX_POINT('',#3076);
#3076 = CARTESIAN_POINT('',(-0.1,-15.69,0.2));
#3077 = VERTEX_POINT('',#3078);
#3078 = CARTESIAN_POINT('',(0.1,-15.69,0.2));
#3079 = LINE('',#3080,#3081);
#3080 = CARTESIAN_POINT('',(-0.1,-15.69,0.2));
#3081 = VECTOR('',#3082,1.);
#3082 = DIRECTION('',(1.,-1.110223024625E-16,0.));
#3083 = ORIENTED_EDGE('',*,*,#3084,.T.);
#3084 = EDGE_CURVE('',#3075,#3085,#3087,.T.);
#3085 = VERTEX_POINT('',#3086);
#3086 = CARTESIAN_POINT('',(-0.1,-15.54,0.2));
#3087 = LINE('',#3088,#3089);
#3088 = CARTESIAN_POINT('',(-0.1,-15.69,0.2));
#3089 = VECTOR('',#3090,1.);
#3090 = DIRECTION('',(1.110223024625E-16,1.,0.));
#3091 = ORIENTED_EDGE('',*,*,#3092,.F.);
#3092 = EDGE_CURVE('',#3093,#3085,#3095,.T.);
#3093 = VERTEX_POINT('',#3094);
#3094 = CARTESIAN_POINT('',(-0.1,-14.94,0.2));
#3095 = LINE('',#3096,#3097);
#3096 = CARTESIAN_POINT('',(-0.1,-11.43,0.2));
#3097 = VECTOR('',#3098,1.);
#3098 = DIRECTION('',(-1.110223024625E-16,-1.,0.));
#3099 = ORIENTED_EDGE('',*,*,#3100,.T.);
#3100 = EDGE_CURVE('',#3093,#3101,#3103,.T.);
#3101 = VERTEX_POINT('',#3102);
#3102 = CARTESIAN_POINT('',(-0.1,-14.79,0.2));
#3103 = LINE('',#3104,#3105);
#3104 = CARTESIAN_POINT('',(-0.1,-15.69,0.2));
#3105 = VECTOR('',#3106,1.);
#3106 = DIRECTION('',(1.110223024625E-16,1.,0.));
#3107 = ORIENTED_EDGE('',*,*,#3108,.T.);
#3108 = EDGE_CURVE('',#3101,#3109,#3111,.T.);
#3109 = VERTEX_POINT('',#3110);
#3110 = CARTESIAN_POINT('',(0.1,-14.79,0.2));
#3111 = LINE('',#3112,#3113);
#3112 = CARTESIAN_POINT('',(-0.1,-14.79,0.2));
#3113 = VECTOR('',#3114,1.);
#3114 = DIRECTION('',(1.,-1.110223024625E-16,0.));
#3115 = ORIENTED_EDGE('',*,*,#3116,.T.);
#3116 = EDGE_CURVE('',#3109,#3117,#3119,.T.);
#3117 = VERTEX_POINT('',#3118);
#3118 = CARTESIAN_POINT('',(0.1,-14.94,0.2));
#3119 = LINE('',#3120,#3121);
#3120 = CARTESIAN_POINT('',(0.1,-14.79,0.2));
#3121 = VECTOR('',#3122,1.);
#3122 = DIRECTION('',(-1.110223024625E-16,-1.,0.));
#3123 = ORIENTED_EDGE('',*,*,#3124,.T.);
#3124 = EDGE_CURVE('',#3117,#3125,#3127,.T.);
#3125 = VERTEX_POINT('',#3126);
#3126 = CARTESIAN_POINT('',(0.1,-15.54,0.2));
#3127 = LINE('',#3128,#3129);
#3128 = CARTESIAN_POINT('',(0.1,-11.43,0.2));
#3129 = VECTOR('',#3130,1.);
#3130 = DIRECTION('',(-1.110223024625E-16,-1.,0.));
#3131 = ORIENTED_EDGE('',*,*,#3132,.T.);
#3132 = EDGE_CURVE('',#3125,#3077,#3133,.T.);
#3133 = LINE('',#3134,#3135);
#3134 = CARTESIAN_POINT('',(0.1,-14.79,0.2));
#3135 = VECTOR('',#3136,1.);
#3136 = DIRECTION('',(-1.110223024625E-16,-1.,0.));
#3137 = FACE_BOUND('',#3138,.F.);
#3138 = EDGE_LOOP('',(#3139,#3149,#3157,#3165,#3173,#3181,#3189,#3197));
#3139 = ORIENTED_EDGE('',*,*,#3140,.F.);
#3140 = EDGE_CURVE('',#3141,#3143,#3145,.T.);
#3141 = VERTEX_POINT('',#3142);
#3142 = CARTESIAN_POINT('',(-0.1,-13.15,0.2));
#3143 = VERTEX_POINT('',#3144);
#3144 = CARTESIAN_POINT('',(0.1,-13.15,0.2));
#3145 = LINE('',#3146,#3147);
#3146 = CARTESIAN_POINT('',(-0.1,-13.15,0.2));
#3147 = VECTOR('',#3148,1.);
#3148 = DIRECTION('',(1.,-1.110223024625E-16,0.));
#3149 = ORIENTED_EDGE('',*,*,#3150,.T.);
#3150 = EDGE_CURVE('',#3141,#3151,#3153,.T.);
#3151 = VERTEX_POINT('',#3152);
#3152 = CARTESIAN_POINT('',(-0.1,-13.,0.2));
#3153 = LINE('',#3154,#3155);
#3154 = CARTESIAN_POINT('',(-0.1,-13.15,0.2));
#3155 = VECTOR('',#3156,1.);
#3156 = DIRECTION('',(1.110223024625E-16,1.,0.));
#3157 = ORIENTED_EDGE('',*,*,#3158,.F.);
#3158 = EDGE_CURVE('',#3159,#3151,#3161,.T.);
#3159 = VERTEX_POINT('',#3160);
#3160 = CARTESIAN_POINT('',(-0.1,-12.4,0.2));
#3161 = LINE('',#3162,#3163);
#3162 = CARTESIAN_POINT('',(-0.1,-10.16,0.2));
#3163 = VECTOR('',#3164,1.);
#3164 = DIRECTION('',(-1.110223024625E-16,-1.,0.));
#3165 = ORIENTED_EDGE('',*,*,#3166,.T.);
#3166 = EDGE_CURVE('',#3159,#3167,#3169,.T.);
#3167 = VERTEX_POINT('',#3168);
#3168 = CARTESIAN_POINT('',(-0.1,-12.25,0.2));
#3169 = LINE('',#3170,#3171);
#3170 = CARTESIAN_POINT('',(-0.1,-13.15,0.2));
#3171 = VECTOR('',#3172,1.);
#3172 = DIRECTION('',(1.110223024625E-16,1.,0.));
#3173 = ORIENTED_EDGE('',*,*,#3174,.T.);
#3174 = EDGE_CURVE('',#3167,#3175,#3177,.T.);
#3175 = VERTEX_POINT('',#3176);
#3176 = CARTESIAN_POINT('',(0.1,-12.25,0.2));
#3177 = LINE('',#3178,#3179);
#3178 = CARTESIAN_POINT('',(-0.1,-12.25,0.2));
#3179 = VECTOR('',#3180,1.);
#3180 = DIRECTION('',(1.,-1.110223024625E-16,0.));
#3181 = ORIENTED_EDGE('',*,*,#3182,.T.);
#3182 = EDGE_CURVE('',#3175,#3183,#3185,.T.);
#3183 = VERTEX_POINT('',#3184);
#3184 = CARTESIAN_POINT('',(0.1,-12.4,0.2));
#3185 = LINE('',#3186,#3187);
#3186 = CARTESIAN_POINT('',(0.1,-12.25,0.2));
#3187 = VECTOR('',#3188,1.);
#3188 = DIRECTION('',(-1.110223024625E-16,-1.,0.));
#3189 = ORIENTED_EDGE('',*,*,#3190,.T.);
#3190 = EDGE_CURVE('',#3183,#3191,#3193,.T.);
#3191 = VERTEX_POINT('',#3192);
#3192 = CARTESIAN_POINT('',(0.1,-13.,0.2));
#3193 = LINE('',#3194,#3195);
#3194 = CARTESIAN_POINT('',(0.1,-10.16,0.2));
#3195 = VECTOR('',#3196,1.);
#3196 = DIRECTION('',(-1.110223024625E-16,-1.,0.));
#3197 = ORIENTED_EDGE('',*,*,#3198,.T.);
#3198 = EDGE_CURVE('',#3191,#3143,#3199,.T.);
#3199 = LINE('',#3200,#3201);
#3200 = CARTESIAN_POINT('',(0.1,-12.25,0.2));
#3201 = VECTOR('',#3202,1.);
#3202 = DIRECTION('',(-1.110223024625E-16,-1.,0.));
#3203 = FACE_BOUND('',#3204,.F.);
#3204 = EDGE_LOOP('',(#3205,#3215,#3223,#3231,#3239,#3247,#3255,#3263));
#3205 = ORIENTED_EDGE('',*,*,#3206,.F.);
#3206 = EDGE_CURVE('',#3207,#3209,#3211,.T.);
#3207 = VERTEX_POINT('',#3208);
#3208 = CARTESIAN_POINT('',(-0.1,-10.61,0.2));
#3209 = VERTEX_POINT('',#3210);
#3210 = CARTESIAN_POINT('',(0.1,-10.61,0.2));
#3211 = LINE('',#3212,#3213);
#3212 = CARTESIAN_POINT('',(-0.1,-10.61,0.2));
#3213 = VECTOR('',#3214,1.);
#3214 = DIRECTION('',(1.,-1.110223024625E-16,0.));
#3215 = ORIENTED_EDGE('',*,*,#3216,.T.);
#3216 = EDGE_CURVE('',#3207,#3217,#3219,.T.);
#3217 = VERTEX_POINT('',#3218);
#3218 = CARTESIAN_POINT('',(-0.1,-10.46,0.2));
#3219 = LINE('',#3220,#3221);
#3220 = CARTESIAN_POINT('',(-0.1,-10.61,0.2));
#3221 = VECTOR('',#3222,1.);
#3222 = DIRECTION('',(1.110223024625E-16,1.,0.));
#3223 = ORIENTED_EDGE('',*,*,#3224,.F.);
#3224 = EDGE_CURVE('',#3225,#3217,#3227,.T.);
#3225 = VERTEX_POINT('',#3226);
#3226 = CARTESIAN_POINT('',(-0.1,-9.86,0.2));
#3227 = LINE('',#3228,#3229);
#3228 = CARTESIAN_POINT('',(-0.1,-8.89,0.2));
#3229 = VECTOR('',#3230,1.);
#3230 = DIRECTION('',(-1.110223024625E-16,-1.,0.));
#3231 = ORIENTED_EDGE('',*,*,#3232,.T.);
#3232 = EDGE_CURVE('',#3225,#3233,#3235,.T.);
#3233 = VERTEX_POINT('',#3234);
#3234 = CARTESIAN_POINT('',(-0.1,-9.71,0.2));
#3235 = LINE('',#3236,#3237);
#3236 = CARTESIAN_POINT('',(-0.1,-10.61,0.2));
#3237 = VECTOR('',#3238,1.);
#3238 = DIRECTION('',(1.110223024625E-16,1.,0.));
#3239 = ORIENTED_EDGE('',*,*,#3240,.T.);
#3240 = EDGE_CURVE('',#3233,#3241,#3243,.T.);
#3241 = VERTEX_POINT('',#3242);
#3242 = CARTESIAN_POINT('',(0.1,-9.71,0.2));
#3243 = LINE('',#3244,#3245);
#3244 = CARTESIAN_POINT('',(-0.1,-9.71,0.2));
#3245 = VECTOR('',#3246,1.);
#3246 = DIRECTION('',(1.,-1.110223024625E-16,0.));
#3247 = ORIENTED_EDGE('',*,*,#3248,.T.);
#3248 = EDGE_CURVE('',#3241,#3249,#3251,.T.);
#3249 = VERTEX_POINT('',#3250);
#3250 = CARTESIAN_POINT('',(0.1,-9.86,0.2));
#3251 = LINE('',#3252,#3253);
#3252 = CARTESIAN_POINT('',(0.1,-9.71,0.2));
#3253 = VECTOR('',#3254,1.);
#3254 = DIRECTION('',(-1.110223024625E-16,-1.,0.));
#3255 = ORIENTED_EDGE('',*,*,#3256,.T.);
#3256 = EDGE_CURVE('',#3249,#3257,#3259,.T.);
#3257 = VERTEX_POINT('',#3258);
#3258 = CARTESIAN_POINT('',(0.1,-10.46,0.2));
#3259 = LINE('',#3260,#3261);
#3260 = CARTESIAN_POINT('',(0.1,-8.89,0.2));
#3261 = VECTOR('',#3262,1.);
#3262 = DIRECTION('',(-1.110223024625E-16,-1.,0.));
#3263 = ORIENTED_EDGE('',*,*,#3264,.T.);
#3264 = EDGE_CURVE('',#3257,#3209,#3265,.T.);
#3265 = LINE('',#3266,#3267);
#3266 = CARTESIAN_POINT('',(0.1,-9.71,0.2));
#3267 = VECTOR('',#3268,1.);
#3268 = DIRECTION('',(-1.110223024625E-16,-1.,0.));
#3269 = FACE_BOUND('',#3270,.F.);
#3270 = EDGE_LOOP('',(#3271,#3281,#3289,#3297,#3305,#3313,#3321,#3329));
#3271 = ORIENTED_EDGE('',*,*,#3272,.F.);
#3272 = EDGE_CURVE('',#3273,#3275,#3277,.T.);
#3273 = VERTEX_POINT('',#3274);
#3274 = CARTESIAN_POINT('',(-0.1,-8.07,0.2));
#3275 = VERTEX_POINT('',#3276);
#3276 = CARTESIAN_POINT('',(0.1,-8.07,0.2));
#3277 = LINE('',#3278,#3279);
#3278 = CARTESIAN_POINT('',(-0.1,-8.07,0.2));
#3279 = VECTOR('',#3280,1.);
#3280 = DIRECTION('',(1.,-1.110223024625E-16,0.));
#3281 = ORIENTED_EDGE('',*,*,#3282,.T.);
#3282 = EDGE_CURVE('',#3273,#3283,#3285,.T.);
#3283 = VERTEX_POINT('',#3284);
#3284 = CARTESIAN_POINT('',(-0.1,-7.92,0.2));
#3285 = LINE('',#3286,#3287);
#3286 = CARTESIAN_POINT('',(-0.1,-8.07,0.2));
#3287 = VECTOR('',#3288,1.);
#3288 = DIRECTION('',(1.110223024625E-16,1.,0.));
#3289 = ORIENTED_EDGE('',*,*,#3290,.F.);
#3290 = EDGE_CURVE('',#3291,#3283,#3293,.T.);
#3291 = VERTEX_POINT('',#3292);
#3292 = CARTESIAN_POINT('',(-0.1,-7.32,0.2));
#3293 = LINE('',#3294,#3295);
#3294 = CARTESIAN_POINT('',(-0.1,-7.62,0.2));
#3295 = VECTOR('',#3296,1.);
#3296 = DIRECTION('',(-1.110223024625E-16,-1.,0.));
#3297 = ORIENTED_EDGE('',*,*,#3298,.T.);
#3298 = EDGE_CURVE('',#3291,#3299,#3301,.T.);
#3299 = VERTEX_POINT('',#3300);
#3300 = CARTESIAN_POINT('',(-0.1,-7.17,0.2));
#3301 = LINE('',#3302,#3303);
#3302 = CARTESIAN_POINT('',(-0.1,-8.07,0.2));
#3303 = VECTOR('',#3304,1.);
#3304 = DIRECTION('',(1.110223024625E-16,1.,0.));
#3305 = ORIENTED_EDGE('',*,*,#3306,.T.);
#3306 = EDGE_CURVE('',#3299,#3307,#3309,.T.);
#3307 = VERTEX_POINT('',#3308);
#3308 = CARTESIAN_POINT('',(0.1,-7.17,0.2));
#3309 = LINE('',#3310,#3311);
#3310 = CARTESIAN_POINT('',(-0.1,-7.17,0.2));
#3311 = VECTOR('',#3312,1.);
#3312 = DIRECTION('',(1.,-1.110223024625E-16,0.));
#3313 = ORIENTED_EDGE('',*,*,#3314,.T.);
#3314 = EDGE_CURVE('',#3307,#3315,#3317,.T.);
#3315 = VERTEX_POINT('',#3316);
#3316 = CARTESIAN_POINT('',(0.1,-7.32,0.2));
#3317 = LINE('',#3318,#3319);
#3318 = CARTESIAN_POINT('',(0.1,-7.17,0.2));
#3319 = VECTOR('',#3320,1.);
#3320 = DIRECTION('',(-1.110223024625E-16,-1.,0.));
#3321 = ORIENTED_EDGE('',*,*,#3322,.T.);
#3322 = EDGE_CURVE('',#3315,#3323,#3325,.T.);
#3323 = VERTEX_POINT('',#3324);
#3324 = CARTESIAN_POINT('',(0.1,-7.92,0.2));
#3325 = LINE('',#3326,#3327);
#3326 = CARTESIAN_POINT('',(0.1,-7.62,0.2));
#3327 = VECTOR('',#3328,1.);
#3328 = DIRECTION('',(-1.110223024625E-16,-1.,0.));
#3329 = ORIENTED_EDGE('',*,*,#3330,.T.);
#3330 = EDGE_CURVE('',#3323,#3275,#3331,.T.);
#3331 = LINE('',#3332,#3333);
#3332 = CARTESIAN_POINT('',(0.1,-7.17,0.2));
#3333 = VECTOR('',#3334,1.);
#3334 = DIRECTION('',(-1.110223024625E-16,-1.,0.));
#3335 = FACE_BOUND('',#3336,.F.);
#3336 = EDGE_LOOP('',(#3337,#3347,#3355,#3363,#3371,#3379,#3387,#3395));
#3337 = ORIENTED_EDGE('',*,*,#3338,.F.);
#3338 = EDGE_CURVE('',#3339,#3341,#3343,.T.);
#3339 = VERTEX_POINT('',#3340);
#3340 = CARTESIAN_POINT('',(-0.1,-5.53,0.2));
#3341 = VERTEX_POINT('',#3342);
#3342 = CARTESIAN_POINT('',(0.1,-5.53,0.2));
#3343 = LINE('',#3344,#3345);
#3344 = CARTESIAN_POINT('',(-0.1,-5.53,0.2));
#3345 = VECTOR('',#3346,1.);
#3346 = DIRECTION('',(1.,-1.110223024625E-16,0.));
#3347 = ORIENTED_EDGE('',*,*,#3348,.T.);
#3348 = EDGE_CURVE('',#3339,#3349,#3351,.T.);
#3349 = VERTEX_POINT('',#3350);
#3350 = CARTESIAN_POINT('',(-0.1,-5.38,0.2));
#3351 = LINE('',#3352,#3353);
#3352 = CARTESIAN_POINT('',(-0.1,-5.53,0.2));
#3353 = VECTOR('',#3354,1.);
#3354 = DIRECTION('',(1.110223024625E-16,1.,0.));
#3355 = ORIENTED_EDGE('',*,*,#3356,.F.);
#3356 = EDGE_CURVE('',#3357,#3349,#3359,.T.);
#3357 = VERTEX_POINT('',#3358);
#3358 = CARTESIAN_POINT('',(-0.1,-4.78,0.2));
#3359 = LINE('',#3360,#3361);
#3360 = CARTESIAN_POINT('',(-0.1,-6.35,0.2));
#3361 = VECTOR('',#3362,1.);
#3362 = DIRECTION('',(-1.110223024625E-16,-1.,0.));
#3363 = ORIENTED_EDGE('',*,*,#3364,.T.);
#3364 = EDGE_CURVE('',#3357,#3365,#3367,.T.);
#3365 = VERTEX_POINT('',#3366);
#3366 = CARTESIAN_POINT('',(-0.1,-4.63,0.2));
#3367 = LINE('',#3368,#3369);
#3368 = CARTESIAN_POINT('',(-0.1,-5.53,0.2));
#3369 = VECTOR('',#3370,1.);
#3370 = DIRECTION('',(1.110223024625E-16,1.,0.));
#3371 = ORIENTED_EDGE('',*,*,#3372,.T.);
#3372 = EDGE_CURVE('',#3365,#3373,#3375,.T.);
#3373 = VERTEX_POINT('',#3374);
#3374 = CARTESIAN_POINT('',(0.1,-4.63,0.2));
#3375 = LINE('',#3376,#3377);
#3376 = CARTESIAN_POINT('',(-0.1,-4.63,0.2));
#3377 = VECTOR('',#3378,1.);
#3378 = DIRECTION('',(1.,-1.110223024625E-16,0.));
#3379 = ORIENTED_EDGE('',*,*,#3380,.T.);
#3380 = EDGE_CURVE('',#3373,#3381,#3383,.T.);
#3381 = VERTEX_POINT('',#3382);
#3382 = CARTESIAN_POINT('',(0.1,-4.78,0.2));
#3383 = LINE('',#3384,#3385);
#3384 = CARTESIAN_POINT('',(0.1,-4.63,0.2));
#3385 = VECTOR('',#3386,1.);
#3386 = DIRECTION('',(-1.110223024625E-16,-1.,0.));
#3387 = ORIENTED_EDGE('',*,*,#3388,.T.);
#3388 = EDGE_CURVE('',#3381,#3389,#3391,.T.);
#3389 = VERTEX_POINT('',#3390);
#3390 = CARTESIAN_POINT('',(0.1,-5.38,0.2));
#3391 = LINE('',#3392,#3393);
#3392 = CARTESIAN_POINT('',(0.1,-6.35,0.2));
#3393 = VECTOR('',#3394,1.);
#3394 = DIRECTION('',(-1.110223024625E-16,-1.,0.));
#3395 = ORIENTED_EDGE('',*,*,#3396,.T.);
#3396 = EDGE_CURVE('',#3389,#3341,#3397,.T.);
#3397 = LINE('',#3398,#3399);
#3398 = CARTESIAN_POINT('',(0.1,-4.63,0.2));
#3399 = VECTOR('',#3400,1.);
#3400 = DIRECTION('',(-1.110223024625E-16,-1.,0.));
#3401 = FACE_BOUND('',#3402,.F.);
#3402 = EDGE_LOOP('',(#3403,#3413,#3421,#3429,#3437,#3445,#3453,#3461));
#3403 = ORIENTED_EDGE('',*,*,#3404,.F.);
#3404 = EDGE_CURVE('',#3405,#3407,#3409,.T.);
#3405 = VERTEX_POINT('',#3406);
#3406 = CARTESIAN_POINT('',(-0.1,-2.99,0.2));
#3407 = VERTEX_POINT('',#3408);
#3408 = CARTESIAN_POINT('',(0.1,-2.99,0.2));
#3409 = LINE('',#3410,#3411);
#3410 = CARTESIAN_POINT('',(-0.1,-2.99,0.2));
#3411 = VECTOR('',#3412,1.);
#3412 = DIRECTION('',(1.,-1.110223024625E-16,0.));
#3413 = ORIENTED_EDGE('',*,*,#3414,.T.);
#3414 = EDGE_CURVE('',#3405,#3415,#3417,.T.);
#3415 = VERTEX_POINT('',#3416);
#3416 = CARTESIAN_POINT('',(-0.1,-2.84,0.2));
#3417 = LINE('',#3418,#3419);
#3418 = CARTESIAN_POINT('',(-0.1,-2.99,0.2));
#3419 = VECTOR('',#3420,1.);
#3420 = DIRECTION('',(1.110223024625E-16,1.,0.));
#3421 = ORIENTED_EDGE('',*,*,#3422,.F.);
#3422 = EDGE_CURVE('',#3423,#3415,#3425,.T.);
#3423 = VERTEX_POINT('',#3424);
#3424 = CARTESIAN_POINT('',(-0.1,-2.24,0.2));
#3425 = LINE('',#3426,#3427);
#3426 = CARTESIAN_POINT('',(-0.1,-5.08,0.2));
#3427 = VECTOR('',#3428,1.);
#3428 = DIRECTION('',(-1.110223024625E-16,-1.,0.));
#3429 = ORIENTED_EDGE('',*,*,#3430,.T.);
#3430 = EDGE_CURVE('',#3423,#3431,#3433,.T.);
#3431 = VERTEX_POINT('',#3432);
#3432 = CARTESIAN_POINT('',(-0.1,-2.09,0.2));
#3433 = LINE('',#3434,#3435);
#3434 = CARTESIAN_POINT('',(-0.1,-2.99,0.2));
#3435 = VECTOR('',#3436,1.);
#3436 = DIRECTION('',(1.110223024625E-16,1.,0.));
#3437 = ORIENTED_EDGE('',*,*,#3438,.T.);
#3438 = EDGE_CURVE('',#3431,#3439,#3441,.T.);
#3439 = VERTEX_POINT('',#3440);
#3440 = CARTESIAN_POINT('',(0.1,-2.09,0.2));
#3441 = LINE('',#3442,#3443);
#3442 = CARTESIAN_POINT('',(-0.1,-2.09,0.2));
#3443 = VECTOR('',#3444,1.);
#3444 = DIRECTION('',(1.,-1.110223024625E-16,0.));
#3445 = ORIENTED_EDGE('',*,*,#3446,.T.);
#3446 = EDGE_CURVE('',#3439,#3447,#3449,.T.);
#3447 = VERTEX_POINT('',#3448);
#3448 = CARTESIAN_POINT('',(0.1,-2.24,0.2));
#3449 = LINE('',#3450,#3451);
#3450 = CARTESIAN_POINT('',(0.1,-2.09,0.2));
#3451 = VECTOR('',#3452,1.);
#3452 = DIRECTION('',(-1.110223024625E-16,-1.,0.));
#3453 = ORIENTED_EDGE('',*,*,#3454,.T.);
#3454 = EDGE_CURVE('',#3447,#3455,#3457,.T.);
#3455 = VERTEX_POINT('',#3456);
#3456 = CARTESIAN_POINT('',(0.1,-2.84,0.2));
#3457 = LINE('',#3458,#3459);
#3458 = CARTESIAN_POINT('',(0.1,-5.08,0.2));
#3459 = VECTOR('',#3460,1.);
#3460 = DIRECTION('',(-1.110223024625E-16,-1.,0.));
#3461 = ORIENTED_EDGE('',*,*,#3462,.T.);
#3462 = EDGE_CURVE('',#3455,#3407,#3463,.T.);
#3463 = LINE('',#3464,#3465);
#3464 = CARTESIAN_POINT('',(0.1,-2.09,0.2));
#3465 = VECTOR('',#3466,1.);
#3466 = DIRECTION('',(-1.110223024625E-16,-1.,0.));
#3467 = FACE_BOUND('',#3468,.F.);
#3468 = EDGE_LOOP('',(#3469,#3479,#3487,#3495,#3503,#3511,#3519,#3527));
#3469 = ORIENTED_EDGE('',*,*,#3470,.F.);
#3470 = EDGE_CURVE('',#3471,#3473,#3475,.T.);
#3471 = VERTEX_POINT('',#3472);
#3472 = CARTESIAN_POINT('',(-0.1,-0.45,0.2));
#3473 = VERTEX_POINT('',#3474);
#3474 = CARTESIAN_POINT('',(0.1,-0.45,0.2));
#3475 = LINE('',#3476,#3477);
#3476 = CARTESIAN_POINT('',(-0.1,-0.45,0.2));
#3477 = VECTOR('',#3478,1.);
#3478 = DIRECTION('',(1.,-1.110223024625E-16,0.));
#3479 = ORIENTED_EDGE('',*,*,#3480,.T.);
#3480 = EDGE_CURVE('',#3471,#3481,#3483,.T.);
#3481 = VERTEX_POINT('',#3482);
#3482 = CARTESIAN_POINT('',(-0.1,-0.3,0.2));
#3483 = LINE('',#3484,#3485);
#3484 = CARTESIAN_POINT('',(-0.1,-0.45,0.2));
#3485 = VECTOR('',#3486,1.);
#3486 = DIRECTION('',(1.110223024625E-16,1.,0.));
#3487 = ORIENTED_EDGE('',*,*,#3488,.F.);
#3488 = EDGE_CURVE('',#3489,#3481,#3491,.T.);
#3489 = VERTEX_POINT('',#3490);
#3490 = CARTESIAN_POINT('',(-0.1,0.3,0.2));
#3491 = LINE('',#3492,#3493);
#3492 = CARTESIAN_POINT('',(-0.1,-3.81,0.2));
#3493 = VECTOR('',#3494,1.);
#3494 = DIRECTION('',(-1.110223024625E-16,-1.,0.));
#3495 = ORIENTED_EDGE('',*,*,#3496,.T.);
#3496 = EDGE_CURVE('',#3489,#3497,#3499,.T.);
#3497 = VERTEX_POINT('',#3498);
#3498 = CARTESIAN_POINT('',(-0.1,0.45,0.2));
#3499 = LINE('',#3500,#3501);
#3500 = CARTESIAN_POINT('',(-0.1,-0.45,0.2));
#3501 = VECTOR('',#3502,1.);
#3502 = DIRECTION('',(1.110223024625E-16,1.,0.));
#3503 = ORIENTED_EDGE('',*,*,#3504,.T.);
#3504 = EDGE_CURVE('',#3497,#3505,#3507,.T.);
#3505 = VERTEX_POINT('',#3506);
#3506 = CARTESIAN_POINT('',(0.1,0.45,0.2));
#3507 = LINE('',#3508,#3509);
#3508 = CARTESIAN_POINT('',(-0.1,0.45,0.2));
#3509 = VECTOR('',#3510,1.);
#3510 = DIRECTION('',(1.,-1.110223024625E-16,0.));
#3511 = ORIENTED_EDGE('',*,*,#3512,.T.);
#3512 = EDGE_CURVE('',#3505,#3513,#3515,.T.);
#3513 = VERTEX_POINT('',#3514);
#3514 = CARTESIAN_POINT('',(0.1,0.3,0.2));
#3515 = LINE('',#3516,#3517);
#3516 = CARTESIAN_POINT('',(0.1,0.45,0.2));
#3517 = VECTOR('',#3518,1.);
#3518 = DIRECTION('',(-1.110223024625E-16,-1.,0.));
#3519 = ORIENTED_EDGE('',*,*,#3520,.T.);
#3520 = EDGE_CURVE('',#3513,#3521,#3523,.T.);
#3521 = VERTEX_POINT('',#3522);
#3522 = CARTESIAN_POINT('',(0.1,-0.3,0.2));
#3523 = LINE('',#3524,#3525);
#3524 = CARTESIAN_POINT('',(0.1,-3.81,0.2));
#3525 = VECTOR('',#3526,1.);
#3526 = DIRECTION('',(-1.110223024625E-16,-1.,0.));
#3527 = ORIENTED_EDGE('',*,*,#3528,.T.);
#3528 = EDGE_CURVE('',#3521,#3473,#3529,.T.);
#3529 = LINE('',#3530,#3531);
#3530 = CARTESIAN_POINT('',(0.1,0.45,0.2));
#3531 = VECTOR('',#3532,1.);
#3532 = DIRECTION('',(-1.110223024625E-16,-1.,0.));
#3533 = PLANE('',#3534);
#3534 = AXIS2_PLACEMENT_3D('',#3535,#3536,#3537);
#3535 = CARTESIAN_POINT('',(-6.785537934727E-16,-7.62,0.2));
#3536 = DIRECTION('',(0.,0.,1.));
#3537 = DIRECTION('',(1.110223024625E-16,1.,-0.));
#3538 = ADVANCED_FACE('',(#3539),#3545,.T.);
#3539 = FACE_BOUND('',#3540,.T.);
#3540 = EDGE_LOOP('',(#3541,#3542,#3543,#3544));
#3541 = ORIENTED_EDGE('',*,*,#2659,.T.);
#3542 = ORIENTED_EDGE('',*,*,#3063,.T.);
#3543 = ORIENTED_EDGE('',*,*,#2738,.F.);
#3544 = ORIENTED_EDGE('',*,*,#2755,.F.);
#3545 = PLANE('',#3546);
#3546 = AXIS2_PLACEMENT_3D('',#3547,#3548,#3549);
#3547 = CARTESIAN_POINT('',(0.846666666667,-16.51,0.));
#3548 = DIRECTION('',(-1.,1.110223024625E-16,0.));
#3549 = DIRECTION('',(1.110223024625E-16,1.,0.));
#3550 = ADVANCED_FACE('',(#3551),#3557,.F.);
#3551 = FACE_BOUND('',#3552,.F.);
#3552 = EDGE_LOOP('',(#3553,#3554,#3555,#3556));
#3553 = ORIENTED_EDGE('',*,*,#2706,.T.);
#3554 = ORIENTED_EDGE('',*,*,#2771,.T.);
#3555 = ORIENTED_EDGE('',*,*,#2636,.F.);
#3556 = ORIENTED_EDGE('',*,*,#3032,.F.);
#3557 = PLANE('',#3558);
#3558 = AXIS2_PLACEMENT_3D('',#3559,#3560,#3561);
#3559 = CARTESIAN_POINT('',(-1.27,1.27,0.));
#3560 = DIRECTION('',(1.,-1.110223024625E-16,0.));
#3561 = DIRECTION('',(-1.110223024625E-16,-1.,0.));
#3562 = ADVANCED_FACE('',(#3563),#3588,.T.);
#3563 = FACE_BOUND('',#3564,.T.);
#3564 = EDGE_LOOP('',(#3565,#3573,#3574,#3582));
#3565 = ORIENTED_EDGE('',*,*,#3566,.F.);
#3566 = EDGE_CURVE('',#2781,#3567,#3569,.T.);
#3567 = VERTEX_POINT('',#3568);
#3568 = CARTESIAN_POINT('',(0.3,-15.54,8.2));
#3569 = LINE('',#3570,#3571);
#3570 = CARTESIAN_POINT('',(0.3,-15.54,8.2));
#3571 = VECTOR('',#3572,1.);
#3572 = DIRECTION('',(-0.57735026919,0.57735026919,-0.57735026919));
#3573 = ORIENTED_EDGE('',*,*,#2780,.T.);
#3574 = ORIENTED_EDGE('',*,*,#3575,.T.);
#3575 = EDGE_CURVE('',#2783,#3576,#3578,.T.);
#3576 = VERTEX_POINT('',#3577);
#3577 = CARTESIAN_POINT('',(0.3,-14.94,8.2));
#3578 = LINE('',#3579,#3580);
#3579 = CARTESIAN_POINT('',(0.3,-14.94,8.2));
#3580 = VECTOR('',#3581,1.);
#3581 = DIRECTION('',(-0.57735026919,-0.57735026919,-0.57735026919));
#3582 = ORIENTED_EDGE('',*,*,#3583,.F.);
#3583 = EDGE_CURVE('',#3567,#3576,#3584,.T.);
#3584 = LINE('',#3585,#3586);
#3585 = CARTESIAN_POINT('',(0.3,-15.84,8.2));
#3586 = VECTOR('',#3587,1.);
#3587 = DIRECTION('',(1.110223024625E-16,1.,0.));
#3588 = PLANE('',#3589);
#3589 = AXIS2_PLACEMENT_3D('',#3590,#3591,#3592);
#3590 = CARTESIAN_POINT('',(0.45,-15.84,8.35));
#3591 = DIRECTION('',(-0.707106781187,7.850462293414E-17,0.707106781187)
  );
#3592 = DIRECTION('',(1.110223024625E-16,1.,2.680278185005E-29));
#3593 = ADVANCED_FACE('',(#3594),#3612,.T.);
#3594 = FACE_BOUND('',#3595,.T.);
#3595 = EDGE_LOOP('',(#3596,#3597,#3598,#3606));
#3596 = ORIENTED_EDGE('',*,*,#3575,.F.);
#3597 = ORIENTED_EDGE('',*,*,#2806,.T.);
#3598 = ORIENTED_EDGE('',*,*,#3599,.T.);
#3599 = EDGE_CURVE('',#2799,#3600,#3602,.T.);
#3600 = VERTEX_POINT('',#3601);
#3601 = CARTESIAN_POINT('',(-0.3,-14.94,8.2));
#3602 = LINE('',#3603,#3604);
#3603 = CARTESIAN_POINT('',(-0.3,-14.94,8.2));
#3604 = VECTOR('',#3605,1.);
#3605 = DIRECTION('',(0.57735026919,-0.57735026919,-0.57735026919));
#3606 = ORIENTED_EDGE('',*,*,#3607,.F.);
#3607 = EDGE_CURVE('',#3576,#3600,#3608,.T.);
#3608 = LINE('',#3609,#3610);
#3609 = CARTESIAN_POINT('',(0.6,-14.94,8.2));
#3610 = VECTOR('',#3611,1.);
#3611 = DIRECTION('',(-1.,1.110223024625E-16,0.));
#3612 = PLANE('',#3613);
#3613 = AXIS2_PLACEMENT_3D('',#3614,#3615,#3616);
#3614 = CARTESIAN_POINT('',(0.6,-14.79,8.35));
#3615 = DIRECTION('',(-8.197719098449E-17,-0.707106781187,0.707106781187
    ));
#3616 = DIRECTION('',(-1.,1.13477778879E-16,-2.455476416522E-18));
#3617 = ADVANCED_FACE('',(#3618),#3636,.T.);
#3618 = FACE_BOUND('',#3619,.T.);
#3619 = EDGE_LOOP('',(#3620,#3621,#3622,#3630));
#3620 = ORIENTED_EDGE('',*,*,#3599,.F.);
#3621 = ORIENTED_EDGE('',*,*,#2798,.T.);
#3622 = ORIENTED_EDGE('',*,*,#3623,.T.);
#3623 = EDGE_CURVE('',#2791,#3624,#3626,.T.);
#3624 = VERTEX_POINT('',#3625);
#3625 = CARTESIAN_POINT('',(-0.3,-15.54,8.2));
#3626 = LINE('',#3627,#3628);
#3627 = CARTESIAN_POINT('',(-0.3,-15.54,8.2));
#3628 = VECTOR('',#3629,1.);
#3629 = DIRECTION('',(0.57735026919,0.57735026919,-0.57735026919));
#3630 = ORIENTED_EDGE('',*,*,#3631,.F.);
#3631 = EDGE_CURVE('',#3600,#3624,#3632,.T.);
#3632 = LINE('',#3633,#3634);
#3633 = CARTESIAN_POINT('',(-0.3,-14.64,8.2));
#3634 = VECTOR('',#3635,1.);
#3635 = DIRECTION('',(-1.110223024625E-16,-1.,0.));
#3636 = PLANE('',#3637);
#3637 = AXIS2_PLACEMENT_3D('',#3638,#3639,#3640);
#3638 = CARTESIAN_POINT('',(-0.45,-14.64,8.35));
#3639 = DIRECTION('',(0.707106781187,-7.503205488379E-17,0.707106781187)
  );
#3640 = DIRECTION('',(-1.08566826046E-16,-1.,2.455476416575E-18));
#3641 = ADVANCED_FACE('',(#3642),#3653,.T.);
#3642 = FACE_BOUND('',#3643,.T.);
#3643 = EDGE_LOOP('',(#3644,#3645,#3646,#3647));
#3644 = ORIENTED_EDGE('',*,*,#3623,.F.);
#3645 = ORIENTED_EDGE('',*,*,#2790,.T.);
#3646 = ORIENTED_EDGE('',*,*,#3566,.T.);
#3647 = ORIENTED_EDGE('',*,*,#3648,.F.);
#3648 = EDGE_CURVE('',#3624,#3567,#3649,.T.);
#3649 = LINE('',#3650,#3651);
#3650 = CARTESIAN_POINT('',(-0.6,-15.54,8.2));
#3651 = VECTOR('',#3652,1.);
#3652 = DIRECTION('',(1.,-1.110223024625E-16,0.));
#3653 = PLANE('',#3654);
#3654 = AXIS2_PLACEMENT_3D('',#3655,#3656,#3657);
#3655 = CARTESIAN_POINT('',(-0.6,-15.69,8.35));
#3656 = DIRECTION('',(8.197719098449E-17,0.707106781187,0.707106781187)
  );
#3657 = DIRECTION('',(1.,-1.13477778879E-16,-2.455476416522E-18));
#3658 = ADVANCED_FACE('',(#3659),#3684,.T.);
#3659 = FACE_BOUND('',#3660,.T.);
#3660 = EDGE_LOOP('',(#3661,#3669,#3670,#3678));
#3661 = ORIENTED_EDGE('',*,*,#3662,.F.);
#3662 = EDGE_CURVE('',#2815,#3663,#3665,.T.);
#3663 = VERTEX_POINT('',#3664);
#3664 = CARTESIAN_POINT('',(0.3,-13.,8.2));
#3665 = LINE('',#3666,#3667);
#3666 = CARTESIAN_POINT('',(0.3,-13.,8.2));
#3667 = VECTOR('',#3668,1.);
#3668 = DIRECTION('',(-0.57735026919,0.57735026919,-0.57735026919));
#3669 = ORIENTED_EDGE('',*,*,#2814,.T.);
#3670 = ORIENTED_EDGE('',*,*,#3671,.T.);
#3671 = EDGE_CURVE('',#2817,#3672,#3674,.T.);
#3672 = VERTEX_POINT('',#3673);
#3673 = CARTESIAN_POINT('',(0.3,-12.4,8.2));
#3674 = LINE('',#3675,#3676);
#3675 = CARTESIAN_POINT('',(0.3,-12.4,8.2));
#3676 = VECTOR('',#3677,1.);
#3677 = DIRECTION('',(-0.57735026919,-0.57735026919,-0.57735026919));
#3678 = ORIENTED_EDGE('',*,*,#3679,.F.);
#3679 = EDGE_CURVE('',#3663,#3672,#3680,.T.);
#3680 = LINE('',#3681,#3682);
#3681 = CARTESIAN_POINT('',(0.3,-13.3,8.2));
#3682 = VECTOR('',#3683,1.);
#3683 = DIRECTION('',(1.110223024625E-16,1.,0.));
#3684 = PLANE('',#3685);
#3685 = AXIS2_PLACEMENT_3D('',#3686,#3687,#3688);
#3686 = CARTESIAN_POINT('',(0.45,-13.3,8.35));
#3687 = DIRECTION('',(-0.707106781187,7.850462293414E-17,0.707106781187)
  );
#3688 = DIRECTION('',(1.110223024625E-16,1.,2.680278185005E-29));
#3689 = ADVANCED_FACE('',(#3690),#3708,.T.);
#3690 = FACE_BOUND('',#3691,.T.);
#3691 = EDGE_LOOP('',(#3692,#3693,#3694,#3702));
#3692 = ORIENTED_EDGE('',*,*,#3671,.F.);
#3693 = ORIENTED_EDGE('',*,*,#2840,.T.);
#3694 = ORIENTED_EDGE('',*,*,#3695,.T.);
#3695 = EDGE_CURVE('',#2833,#3696,#3698,.T.);
#3696 = VERTEX_POINT('',#3697);
#3697 = CARTESIAN_POINT('',(-0.3,-12.4,8.2));
#3698 = LINE('',#3699,#3700);
#3699 = CARTESIAN_POINT('',(-0.3,-12.4,8.2));
#3700 = VECTOR('',#3701,1.);
#3701 = DIRECTION('',(0.57735026919,-0.57735026919,-0.57735026919));
#3702 = ORIENTED_EDGE('',*,*,#3703,.F.);
#3703 = EDGE_CURVE('',#3672,#3696,#3704,.T.);
#3704 = LINE('',#3705,#3706);
#3705 = CARTESIAN_POINT('',(0.6,-12.4,8.2));
#3706 = VECTOR('',#3707,1.);
#3707 = DIRECTION('',(-1.,1.110223024625E-16,0.));
#3708 = PLANE('',#3709);
#3709 = AXIS2_PLACEMENT_3D('',#3710,#3711,#3712);
#3710 = CARTESIAN_POINT('',(0.6,-12.25,8.35));
#3711 = DIRECTION('',(-8.197719098449E-17,-0.707106781187,0.707106781187
    ));
#3712 = DIRECTION('',(-1.,1.13477778879E-16,-2.455476416522E-18));
#3713 = ADVANCED_FACE('',(#3714),#3732,.T.);
#3714 = FACE_BOUND('',#3715,.T.);
#3715 = EDGE_LOOP('',(#3716,#3717,#3718,#3726));
#3716 = ORIENTED_EDGE('',*,*,#3695,.F.);
#3717 = ORIENTED_EDGE('',*,*,#2832,.T.);
#3718 = ORIENTED_EDGE('',*,*,#3719,.T.);
#3719 = EDGE_CURVE('',#2825,#3720,#3722,.T.);
#3720 = VERTEX_POINT('',#3721);
#3721 = CARTESIAN_POINT('',(-0.3,-13.,8.2));
#3722 = LINE('',#3723,#3724);
#3723 = CARTESIAN_POINT('',(-0.3,-13.,8.2));
#3724 = VECTOR('',#3725,1.);
#3725 = DIRECTION('',(0.57735026919,0.57735026919,-0.57735026919));
#3726 = ORIENTED_EDGE('',*,*,#3727,.F.);
#3727 = EDGE_CURVE('',#3696,#3720,#3728,.T.);
#3728 = LINE('',#3729,#3730);
#3729 = CARTESIAN_POINT('',(-0.3,-12.1,8.2));
#3730 = VECTOR('',#3731,1.);
#3731 = DIRECTION('',(-1.110223024625E-16,-1.,0.));
#3732 = PLANE('',#3733);
#3733 = AXIS2_PLACEMENT_3D('',#3734,#3735,#3736);
#3734 = CARTESIAN_POINT('',(-0.45,-12.1,8.35));
#3735 = DIRECTION('',(0.707106781187,-7.503205488379E-17,0.707106781187)
  );
#3736 = DIRECTION('',(-1.08566826046E-16,-1.,2.455476416575E-18));
#3737 = ADVANCED_FACE('',(#3738),#3749,.T.);
#3738 = FACE_BOUND('',#3739,.T.);
#3739 = EDGE_LOOP('',(#3740,#3741,#3742,#3743));
#3740 = ORIENTED_EDGE('',*,*,#3719,.F.);
#3741 = ORIENTED_EDGE('',*,*,#2824,.T.);
#3742 = ORIENTED_EDGE('',*,*,#3662,.T.);
#3743 = ORIENTED_EDGE('',*,*,#3744,.F.);
#3744 = EDGE_CURVE('',#3720,#3663,#3745,.T.);
#3745 = LINE('',#3746,#3747);
#3746 = CARTESIAN_POINT('',(-0.6,-13.,8.2));
#3747 = VECTOR('',#3748,1.);
#3748 = DIRECTION('',(1.,-1.110223024625E-16,0.));
#3749 = PLANE('',#3750);
#3750 = AXIS2_PLACEMENT_3D('',#3751,#3752,#3753);
#3751 = CARTESIAN_POINT('',(-0.6,-13.15,8.35));
#3752 = DIRECTION('',(8.197719098449E-17,0.707106781187,0.707106781187)
  );
#3753 = DIRECTION('',(1.,-1.13477778879E-16,-2.455476416522E-18));
#3754 = ADVANCED_FACE('',(#3755),#3780,.T.);
#3755 = FACE_BOUND('',#3756,.T.);
#3756 = EDGE_LOOP('',(#3757,#3765,#3766,#3774));
#3757 = ORIENTED_EDGE('',*,*,#3758,.F.);
#3758 = EDGE_CURVE('',#2849,#3759,#3761,.T.);
#3759 = VERTEX_POINT('',#3760);
#3760 = CARTESIAN_POINT('',(0.3,-10.46,8.2));
#3761 = LINE('',#3762,#3763);
#3762 = CARTESIAN_POINT('',(0.3,-10.46,8.2));
#3763 = VECTOR('',#3764,1.);
#3764 = DIRECTION('',(-0.57735026919,0.57735026919,-0.57735026919));
#3765 = ORIENTED_EDGE('',*,*,#2848,.T.);
#3766 = ORIENTED_EDGE('',*,*,#3767,.T.);
#3767 = EDGE_CURVE('',#2851,#3768,#3770,.T.);
#3768 = VERTEX_POINT('',#3769);
#3769 = CARTESIAN_POINT('',(0.3,-9.86,8.2));
#3770 = LINE('',#3771,#3772);
#3771 = CARTESIAN_POINT('',(0.3,-9.86,8.2));
#3772 = VECTOR('',#3773,1.);
#3773 = DIRECTION('',(-0.57735026919,-0.57735026919,-0.57735026919));
#3774 = ORIENTED_EDGE('',*,*,#3775,.F.);
#3775 = EDGE_CURVE('',#3759,#3768,#3776,.T.);
#3776 = LINE('',#3777,#3778);
#3777 = CARTESIAN_POINT('',(0.3,-10.76,8.2));
#3778 = VECTOR('',#3779,1.);
#3779 = DIRECTION('',(1.110223024625E-16,1.,0.));
#3780 = PLANE('',#3781);
#3781 = AXIS2_PLACEMENT_3D('',#3782,#3783,#3784);
#3782 = CARTESIAN_POINT('',(0.45,-10.76,8.35));
#3783 = DIRECTION('',(-0.707106781187,7.850462293414E-17,0.707106781187)
  );
#3784 = DIRECTION('',(1.110223024625E-16,1.,2.680278185005E-29));
#3785 = ADVANCED_FACE('',(#3786),#3804,.T.);
#3786 = FACE_BOUND('',#3787,.T.);
#3787 = EDGE_LOOP('',(#3788,#3789,#3790,#3798));
#3788 = ORIENTED_EDGE('',*,*,#3767,.F.);
#3789 = ORIENTED_EDGE('',*,*,#2874,.T.);
#3790 = ORIENTED_EDGE('',*,*,#3791,.T.);
#3791 = EDGE_CURVE('',#2867,#3792,#3794,.T.);
#3792 = VERTEX_POINT('',#3793);
#3793 = CARTESIAN_POINT('',(-0.3,-9.86,8.2));
#3794 = LINE('',#3795,#3796);
#3795 = CARTESIAN_POINT('',(-0.3,-9.86,8.2));
#3796 = VECTOR('',#3797,1.);
#3797 = DIRECTION('',(0.57735026919,-0.57735026919,-0.57735026919));
#3798 = ORIENTED_EDGE('',*,*,#3799,.F.);
#3799 = EDGE_CURVE('',#3768,#3792,#3800,.T.);
#3800 = LINE('',#3801,#3802);
#3801 = CARTESIAN_POINT('',(0.6,-9.86,8.2));
#3802 = VECTOR('',#3803,1.);
#3803 = DIRECTION('',(-1.,1.110223024625E-16,0.));
#3804 = PLANE('',#3805);
#3805 = AXIS2_PLACEMENT_3D('',#3806,#3807,#3808);
#3806 = CARTESIAN_POINT('',(0.6,-9.71,8.35));
#3807 = DIRECTION('',(-8.197719098449E-17,-0.707106781187,0.707106781187
    ));
#3808 = DIRECTION('',(-1.,1.13477778879E-16,-2.455476416522E-18));
#3809 = ADVANCED_FACE('',(#3810),#3828,.T.);
#3810 = FACE_BOUND('',#3811,.T.);
#3811 = EDGE_LOOP('',(#3812,#3813,#3814,#3822));
#3812 = ORIENTED_EDGE('',*,*,#3791,.F.);
#3813 = ORIENTED_EDGE('',*,*,#2866,.T.);
#3814 = ORIENTED_EDGE('',*,*,#3815,.T.);
#3815 = EDGE_CURVE('',#2859,#3816,#3818,.T.);
#3816 = VERTEX_POINT('',#3817);
#3817 = CARTESIAN_POINT('',(-0.3,-10.46,8.2));
#3818 = LINE('',#3819,#3820);
#3819 = CARTESIAN_POINT('',(-0.3,-10.46,8.2));
#3820 = VECTOR('',#3821,1.);
#3821 = DIRECTION('',(0.57735026919,0.57735026919,-0.57735026919));
#3822 = ORIENTED_EDGE('',*,*,#3823,.F.);
#3823 = EDGE_CURVE('',#3792,#3816,#3824,.T.);
#3824 = LINE('',#3825,#3826);
#3825 = CARTESIAN_POINT('',(-0.3,-9.56,8.2));
#3826 = VECTOR('',#3827,1.);
#3827 = DIRECTION('',(-1.110223024625E-16,-1.,0.));
#3828 = PLANE('',#3829);
#3829 = AXIS2_PLACEMENT_3D('',#3830,#3831,#3832);
#3830 = CARTESIAN_POINT('',(-0.45,-9.56,8.35));
#3831 = DIRECTION('',(0.707106781187,-7.503205488379E-17,0.707106781187)
  );
#3832 = DIRECTION('',(-1.08566826046E-16,-1.,2.455476416575E-18));
#3833 = ADVANCED_FACE('',(#3834),#3845,.T.);
#3834 = FACE_BOUND('',#3835,.T.);
#3835 = EDGE_LOOP('',(#3836,#3837,#3838,#3839));
#3836 = ORIENTED_EDGE('',*,*,#3815,.F.);
#3837 = ORIENTED_EDGE('',*,*,#2858,.T.);
#3838 = ORIENTED_EDGE('',*,*,#3758,.T.);
#3839 = ORIENTED_EDGE('',*,*,#3840,.F.);
#3840 = EDGE_CURVE('',#3816,#3759,#3841,.T.);
#3841 = LINE('',#3842,#3843);
#3842 = CARTESIAN_POINT('',(-0.6,-10.46,8.2));
#3843 = VECTOR('',#3844,1.);
#3844 = DIRECTION('',(1.,-1.110223024625E-16,0.));
#3845 = PLANE('',#3846);
#3846 = AXIS2_PLACEMENT_3D('',#3847,#3848,#3849);
#3847 = CARTESIAN_POINT('',(-0.6,-10.61,8.35));
#3848 = DIRECTION('',(8.197719098449E-17,0.707106781187,0.707106781187)
  );
#3849 = DIRECTION('',(1.,-1.13477778879E-16,-2.455476416522E-18));
#3850 = ADVANCED_FACE('',(#3851),#3876,.T.);
#3851 = FACE_BOUND('',#3852,.T.);
#3852 = EDGE_LOOP('',(#3853,#3861,#3862,#3870));
#3853 = ORIENTED_EDGE('',*,*,#3854,.F.);
#3854 = EDGE_CURVE('',#2883,#3855,#3857,.T.);
#3855 = VERTEX_POINT('',#3856);
#3856 = CARTESIAN_POINT('',(0.3,-7.92,8.2));
#3857 = LINE('',#3858,#3859);
#3858 = CARTESIAN_POINT('',(0.3,-7.92,8.2));
#3859 = VECTOR('',#3860,1.);
#3860 = DIRECTION('',(-0.57735026919,0.57735026919,-0.57735026919));
#3861 = ORIENTED_EDGE('',*,*,#2882,.T.);
#3862 = ORIENTED_EDGE('',*,*,#3863,.T.);
#3863 = EDGE_CURVE('',#2885,#3864,#3866,.T.);
#3864 = VERTEX_POINT('',#3865);
#3865 = CARTESIAN_POINT('',(0.3,-7.32,8.2));
#3866 = LINE('',#3867,#3868);
#3867 = CARTESIAN_POINT('',(0.3,-7.32,8.2));
#3868 = VECTOR('',#3869,1.);
#3869 = DIRECTION('',(-0.57735026919,-0.57735026919,-0.57735026919));
#3870 = ORIENTED_EDGE('',*,*,#3871,.F.);
#3871 = EDGE_CURVE('',#3855,#3864,#3872,.T.);
#3872 = LINE('',#3873,#3874);
#3873 = CARTESIAN_POINT('',(0.3,-8.22,8.2));
#3874 = VECTOR('',#3875,1.);
#3875 = DIRECTION('',(1.110223024625E-16,1.,0.));
#3876 = PLANE('',#3877);
#3877 = AXIS2_PLACEMENT_3D('',#3878,#3879,#3880);
#3878 = CARTESIAN_POINT('',(0.45,-8.22,8.35));
#3879 = DIRECTION('',(-0.707106781187,7.850462293414E-17,0.707106781187)
  );
#3880 = DIRECTION('',(1.110223024625E-16,1.,2.680278185005E-29));
#3881 = ADVANCED_FACE('',(#3882),#3900,.T.);
#3882 = FACE_BOUND('',#3883,.T.);
#3883 = EDGE_LOOP('',(#3884,#3885,#3886,#3894));
#3884 = ORIENTED_EDGE('',*,*,#3863,.F.);
#3885 = ORIENTED_EDGE('',*,*,#2908,.T.);
#3886 = ORIENTED_EDGE('',*,*,#3887,.T.);
#3887 = EDGE_CURVE('',#2901,#3888,#3890,.T.);
#3888 = VERTEX_POINT('',#3889);
#3889 = CARTESIAN_POINT('',(-0.3,-7.32,8.2));
#3890 = LINE('',#3891,#3892);
#3891 = CARTESIAN_POINT('',(-0.3,-7.32,8.2));
#3892 = VECTOR('',#3893,1.);
#3893 = DIRECTION('',(0.57735026919,-0.57735026919,-0.57735026919));
#3894 = ORIENTED_EDGE('',*,*,#3895,.F.);
#3895 = EDGE_CURVE('',#3864,#3888,#3896,.T.);
#3896 = LINE('',#3897,#3898);
#3897 = CARTESIAN_POINT('',(0.6,-7.32,8.2));
#3898 = VECTOR('',#3899,1.);
#3899 = DIRECTION('',(-1.,1.110223024625E-16,0.));
#3900 = PLANE('',#3901);
#3901 = AXIS2_PLACEMENT_3D('',#3902,#3903,#3904);
#3902 = CARTESIAN_POINT('',(0.6,-7.17,8.35));
#3903 = DIRECTION('',(-8.197719098449E-17,-0.707106781187,0.707106781187
    ));
#3904 = DIRECTION('',(-1.,1.13477778879E-16,-2.455476416522E-18));
#3905 = ADVANCED_FACE('',(#3906),#3924,.T.);
#3906 = FACE_BOUND('',#3907,.T.);
#3907 = EDGE_LOOP('',(#3908,#3909,#3910,#3918));
#3908 = ORIENTED_EDGE('',*,*,#3887,.F.);
#3909 = ORIENTED_EDGE('',*,*,#2900,.T.);
#3910 = ORIENTED_EDGE('',*,*,#3911,.T.);
#3911 = EDGE_CURVE('',#2893,#3912,#3914,.T.);
#3912 = VERTEX_POINT('',#3913);
#3913 = CARTESIAN_POINT('',(-0.3,-7.92,8.2));
#3914 = LINE('',#3915,#3916);
#3915 = CARTESIAN_POINT('',(-0.3,-7.92,8.2));
#3916 = VECTOR('',#3917,1.);
#3917 = DIRECTION('',(0.57735026919,0.57735026919,-0.57735026919));
#3918 = ORIENTED_EDGE('',*,*,#3919,.F.);
#3919 = EDGE_CURVE('',#3888,#3912,#3920,.T.);
#3920 = LINE('',#3921,#3922);
#3921 = CARTESIAN_POINT('',(-0.3,-7.02,8.2));
#3922 = VECTOR('',#3923,1.);
#3923 = DIRECTION('',(-1.110223024625E-16,-1.,0.));
#3924 = PLANE('',#3925);
#3925 = AXIS2_PLACEMENT_3D('',#3926,#3927,#3928);
#3926 = CARTESIAN_POINT('',(-0.45,-7.02,8.35));
#3927 = DIRECTION('',(0.707106781187,-7.503205488379E-17,0.707106781187)
  );
#3928 = DIRECTION('',(-1.08566826046E-16,-1.,2.455476416575E-18));
#3929 = ADVANCED_FACE('',(#3930),#3941,.T.);
#3930 = FACE_BOUND('',#3931,.T.);
#3931 = EDGE_LOOP('',(#3932,#3933,#3934,#3935));
#3932 = ORIENTED_EDGE('',*,*,#3911,.F.);
#3933 = ORIENTED_EDGE('',*,*,#2892,.T.);
#3934 = ORIENTED_EDGE('',*,*,#3854,.T.);
#3935 = ORIENTED_EDGE('',*,*,#3936,.F.);
#3936 = EDGE_CURVE('',#3912,#3855,#3937,.T.);
#3937 = LINE('',#3938,#3939);
#3938 = CARTESIAN_POINT('',(-0.6,-7.92,8.2));
#3939 = VECTOR('',#3940,1.);
#3940 = DIRECTION('',(1.,-1.110223024625E-16,0.));
#3941 = PLANE('',#3942);
#3942 = AXIS2_PLACEMENT_3D('',#3943,#3944,#3945);
#3943 = CARTESIAN_POINT('',(-0.6,-8.07,8.35));
#3944 = DIRECTION('',(8.197719098449E-17,0.707106781187,0.707106781187)
  );
#3945 = DIRECTION('',(1.,-1.13477778879E-16,-2.455476416522E-18));
#3946 = ADVANCED_FACE('',(#3947),#3972,.T.);
#3947 = FACE_BOUND('',#3948,.T.);
#3948 = EDGE_LOOP('',(#3949,#3957,#3958,#3966));
#3949 = ORIENTED_EDGE('',*,*,#3950,.F.);
#3950 = EDGE_CURVE('',#2917,#3951,#3953,.T.);
#3951 = VERTEX_POINT('',#3952);
#3952 = CARTESIAN_POINT('',(0.3,-5.38,8.2));
#3953 = LINE('',#3954,#3955);
#3954 = CARTESIAN_POINT('',(0.3,-5.38,8.2));
#3955 = VECTOR('',#3956,1.);
#3956 = DIRECTION('',(-0.57735026919,0.57735026919,-0.57735026919));
#3957 = ORIENTED_EDGE('',*,*,#2916,.T.);
#3958 = ORIENTED_EDGE('',*,*,#3959,.T.);
#3959 = EDGE_CURVE('',#2919,#3960,#3962,.T.);
#3960 = VERTEX_POINT('',#3961);
#3961 = CARTESIAN_POINT('',(0.3,-4.78,8.2));
#3962 = LINE('',#3963,#3964);
#3963 = CARTESIAN_POINT('',(0.3,-4.78,8.2));
#3964 = VECTOR('',#3965,1.);
#3965 = DIRECTION('',(-0.57735026919,-0.57735026919,-0.57735026919));
#3966 = ORIENTED_EDGE('',*,*,#3967,.F.);
#3967 = EDGE_CURVE('',#3951,#3960,#3968,.T.);
#3968 = LINE('',#3969,#3970);
#3969 = CARTESIAN_POINT('',(0.3,-5.68,8.2));
#3970 = VECTOR('',#3971,1.);
#3971 = DIRECTION('',(1.110223024625E-16,1.,0.));
#3972 = PLANE('',#3973);
#3973 = AXIS2_PLACEMENT_3D('',#3974,#3975,#3976);
#3974 = CARTESIAN_POINT('',(0.45,-5.68,8.35));
#3975 = DIRECTION('',(-0.707106781187,7.850462293414E-17,0.707106781187)
  );
#3976 = DIRECTION('',(1.110223024625E-16,1.,2.680278185005E-29));
#3977 = ADVANCED_FACE('',(#3978),#3996,.T.);
#3978 = FACE_BOUND('',#3979,.T.);
#3979 = EDGE_LOOP('',(#3980,#3981,#3982,#3990));
#3980 = ORIENTED_EDGE('',*,*,#3959,.F.);
#3981 = ORIENTED_EDGE('',*,*,#2942,.T.);
#3982 = ORIENTED_EDGE('',*,*,#3983,.T.);
#3983 = EDGE_CURVE('',#2935,#3984,#3986,.T.);
#3984 = VERTEX_POINT('',#3985);
#3985 = CARTESIAN_POINT('',(-0.3,-4.78,8.2));
#3986 = LINE('',#3987,#3988);
#3987 = CARTESIAN_POINT('',(-0.3,-4.78,8.2));
#3988 = VECTOR('',#3989,1.);
#3989 = DIRECTION('',(0.57735026919,-0.57735026919,-0.57735026919));
#3990 = ORIENTED_EDGE('',*,*,#3991,.F.);
#3991 = EDGE_CURVE('',#3960,#3984,#3992,.T.);
#3992 = LINE('',#3993,#3994);
#3993 = CARTESIAN_POINT('',(0.6,-4.78,8.2));
#3994 = VECTOR('',#3995,1.);
#3995 = DIRECTION('',(-1.,1.110223024625E-16,0.));
#3996 = PLANE('',#3997);
#3997 = AXIS2_PLACEMENT_3D('',#3998,#3999,#4000);
#3998 = CARTESIAN_POINT('',(0.6,-4.63,8.35));
#3999 = DIRECTION('',(-8.197719098449E-17,-0.707106781187,0.707106781187
    ));
#4000 = DIRECTION('',(-1.,1.13477778879E-16,-2.455476416522E-18));
#4001 = ADVANCED_FACE('',(#4002),#4020,.T.);
#4002 = FACE_BOUND('',#4003,.T.);
#4003 = EDGE_LOOP('',(#4004,#4005,#4006,#4014));
#4004 = ORIENTED_EDGE('',*,*,#3983,.F.);
#4005 = ORIENTED_EDGE('',*,*,#2934,.T.);
#4006 = ORIENTED_EDGE('',*,*,#4007,.T.);
#4007 = EDGE_CURVE('',#2927,#4008,#4010,.T.);
#4008 = VERTEX_POINT('',#4009);
#4009 = CARTESIAN_POINT('',(-0.3,-5.38,8.2));
#4010 = LINE('',#4011,#4012);
#4011 = CARTESIAN_POINT('',(-0.3,-5.38,8.2));
#4012 = VECTOR('',#4013,1.);
#4013 = DIRECTION('',(0.57735026919,0.57735026919,-0.57735026919));
#4014 = ORIENTED_EDGE('',*,*,#4015,.F.);
#4015 = EDGE_CURVE('',#3984,#4008,#4016,.T.);
#4016 = LINE('',#4017,#4018);
#4017 = CARTESIAN_POINT('',(-0.3,-4.48,8.2));
#4018 = VECTOR('',#4019,1.);
#4019 = DIRECTION('',(-1.110223024625E-16,-1.,0.));
#4020 = PLANE('',#4021);
#4021 = AXIS2_PLACEMENT_3D('',#4022,#4023,#4024);
#4022 = CARTESIAN_POINT('',(-0.45,-4.48,8.35));
#4023 = DIRECTION('',(0.707106781187,-7.503205488379E-17,0.707106781187)
  );
#4024 = DIRECTION('',(-1.08566826046E-16,-1.,2.455476416575E-18));
#4025 = ADVANCED_FACE('',(#4026),#4037,.T.);
#4026 = FACE_BOUND('',#4027,.T.);
#4027 = EDGE_LOOP('',(#4028,#4029,#4030,#4031));
#4028 = ORIENTED_EDGE('',*,*,#4007,.F.);
#4029 = ORIENTED_EDGE('',*,*,#2926,.T.);
#4030 = ORIENTED_EDGE('',*,*,#3950,.T.);
#4031 = ORIENTED_EDGE('',*,*,#4032,.F.);
#4032 = EDGE_CURVE('',#4008,#3951,#4033,.T.);
#4033 = LINE('',#4034,#4035);
#4034 = CARTESIAN_POINT('',(-0.6,-5.38,8.2));
#4035 = VECTOR('',#4036,1.);
#4036 = DIRECTION('',(1.,-1.110223024625E-16,0.));
#4037 = PLANE('',#4038);
#4038 = AXIS2_PLACEMENT_3D('',#4039,#4040,#4041);
#4039 = CARTESIAN_POINT('',(-0.6,-5.53,8.35));
#4040 = DIRECTION('',(8.197719098449E-17,0.707106781187,0.707106781187)
  );
#4041 = DIRECTION('',(1.,-1.13477778879E-16,-2.455476416522E-18));
#4042 = ADVANCED_FACE('',(#4043),#4068,.T.);
#4043 = FACE_BOUND('',#4044,.T.);
#4044 = EDGE_LOOP('',(#4045,#4053,#4054,#4062));
#4045 = ORIENTED_EDGE('',*,*,#4046,.F.);
#4046 = EDGE_CURVE('',#2951,#4047,#4049,.T.);
#4047 = VERTEX_POINT('',#4048);
#4048 = CARTESIAN_POINT('',(0.3,-2.84,8.2));
#4049 = LINE('',#4050,#4051);
#4050 = CARTESIAN_POINT('',(0.3,-2.84,8.2));
#4051 = VECTOR('',#4052,1.);
#4052 = DIRECTION('',(-0.57735026919,0.57735026919,-0.57735026919));
#4053 = ORIENTED_EDGE('',*,*,#2950,.T.);
#4054 = ORIENTED_EDGE('',*,*,#4055,.T.);
#4055 = EDGE_CURVE('',#2953,#4056,#4058,.T.);
#4056 = VERTEX_POINT('',#4057);
#4057 = CARTESIAN_POINT('',(0.3,-2.24,8.2));
#4058 = LINE('',#4059,#4060);
#4059 = CARTESIAN_POINT('',(0.3,-2.24,8.2));
#4060 = VECTOR('',#4061,1.);
#4061 = DIRECTION('',(-0.57735026919,-0.57735026919,-0.57735026919));
#4062 = ORIENTED_EDGE('',*,*,#4063,.F.);
#4063 = EDGE_CURVE('',#4047,#4056,#4064,.T.);
#4064 = LINE('',#4065,#4066);
#4065 = CARTESIAN_POINT('',(0.3,-3.14,8.2));
#4066 = VECTOR('',#4067,1.);
#4067 = DIRECTION('',(1.110223024625E-16,1.,0.));
#4068 = PLANE('',#4069);
#4069 = AXIS2_PLACEMENT_3D('',#4070,#4071,#4072);
#4070 = CARTESIAN_POINT('',(0.45,-3.14,8.35));
#4071 = DIRECTION('',(-0.707106781187,7.850462293414E-17,0.707106781187)
  );
#4072 = DIRECTION('',(1.110223024625E-16,1.,2.680278185005E-29));
#4073 = ADVANCED_FACE('',(#4074),#4092,.T.);
#4074 = FACE_BOUND('',#4075,.T.);
#4075 = EDGE_LOOP('',(#4076,#4077,#4078,#4086));
#4076 = ORIENTED_EDGE('',*,*,#4055,.F.);
#4077 = ORIENTED_EDGE('',*,*,#2976,.T.);
#4078 = ORIENTED_EDGE('',*,*,#4079,.T.);
#4079 = EDGE_CURVE('',#2969,#4080,#4082,.T.);
#4080 = VERTEX_POINT('',#4081);
#4081 = CARTESIAN_POINT('',(-0.3,-2.24,8.2));
#4082 = LINE('',#4083,#4084);
#4083 = CARTESIAN_POINT('',(-0.3,-2.24,8.2));
#4084 = VECTOR('',#4085,1.);
#4085 = DIRECTION('',(0.57735026919,-0.57735026919,-0.57735026919));
#4086 = ORIENTED_EDGE('',*,*,#4087,.F.);
#4087 = EDGE_CURVE('',#4056,#4080,#4088,.T.);
#4088 = LINE('',#4089,#4090);
#4089 = CARTESIAN_POINT('',(0.6,-2.24,8.2));
#4090 = VECTOR('',#4091,1.);
#4091 = DIRECTION('',(-1.,1.110223024625E-16,0.));
#4092 = PLANE('',#4093);
#4093 = AXIS2_PLACEMENT_3D('',#4094,#4095,#4096);
#4094 = CARTESIAN_POINT('',(0.6,-2.09,8.35));
#4095 = DIRECTION('',(-8.197719098449E-17,-0.707106781187,0.707106781187
    ));
#4096 = DIRECTION('',(-1.,1.13477778879E-16,-2.455476416522E-18));
#4097 = ADVANCED_FACE('',(#4098),#4116,.T.);
#4098 = FACE_BOUND('',#4099,.T.);
#4099 = EDGE_LOOP('',(#4100,#4101,#4102,#4110));
#4100 = ORIENTED_EDGE('',*,*,#4079,.F.);
#4101 = ORIENTED_EDGE('',*,*,#2968,.T.);
#4102 = ORIENTED_EDGE('',*,*,#4103,.T.);
#4103 = EDGE_CURVE('',#2961,#4104,#4106,.T.);
#4104 = VERTEX_POINT('',#4105);
#4105 = CARTESIAN_POINT('',(-0.3,-2.84,8.2));
#4106 = LINE('',#4107,#4108);
#4107 = CARTESIAN_POINT('',(-0.3,-2.84,8.2));
#4108 = VECTOR('',#4109,1.);
#4109 = DIRECTION('',(0.57735026919,0.57735026919,-0.57735026919));
#4110 = ORIENTED_EDGE('',*,*,#4111,.F.);
#4111 = EDGE_CURVE('',#4080,#4104,#4112,.T.);
#4112 = LINE('',#4113,#4114);
#4113 = CARTESIAN_POINT('',(-0.3,-1.94,8.2));
#4114 = VECTOR('',#4115,1.);
#4115 = DIRECTION('',(-1.110223024625E-16,-1.,0.));
#4116 = PLANE('',#4117);
#4117 = AXIS2_PLACEMENT_3D('',#4118,#4119,#4120);
#4118 = CARTESIAN_POINT('',(-0.45,-1.94,8.35));
#4119 = DIRECTION('',(0.707106781187,-7.503205488379E-17,0.707106781187)
  );
#4120 = DIRECTION('',(-1.08566826046E-16,-1.,2.455476416575E-18));
#4121 = ADVANCED_FACE('',(#4122),#4133,.T.);
#4122 = FACE_BOUND('',#4123,.T.);
#4123 = EDGE_LOOP('',(#4124,#4125,#4126,#4127));
#4124 = ORIENTED_EDGE('',*,*,#4103,.F.);
#4125 = ORIENTED_EDGE('',*,*,#2960,.T.);
#4126 = ORIENTED_EDGE('',*,*,#4046,.T.);
#4127 = ORIENTED_EDGE('',*,*,#4128,.F.);
#4128 = EDGE_CURVE('',#4104,#4047,#4129,.T.);
#4129 = LINE('',#4130,#4131);
#4130 = CARTESIAN_POINT('',(-0.6,-2.84,8.2));
#4131 = VECTOR('',#4132,1.);
#4132 = DIRECTION('',(1.,-1.110223024625E-16,0.));
#4133 = PLANE('',#4134);
#4134 = AXIS2_PLACEMENT_3D('',#4135,#4136,#4137);
#4135 = CARTESIAN_POINT('',(-0.6,-2.99,8.35));
#4136 = DIRECTION('',(8.197719098449E-17,0.707106781187,0.707106781187)
  );
#4137 = DIRECTION('',(1.,-1.13477778879E-16,-2.455476416522E-18));
#4138 = ADVANCED_FACE('',(#4139),#4164,.T.);
#4139 = FACE_BOUND('',#4140,.T.);
#4140 = EDGE_LOOP('',(#4141,#4149,#4150,#4158));
#4141 = ORIENTED_EDGE('',*,*,#4142,.F.);
#4142 = EDGE_CURVE('',#2985,#4143,#4145,.T.);
#4143 = VERTEX_POINT('',#4144);
#4144 = CARTESIAN_POINT('',(0.3,-0.3,8.2));
#4145 = LINE('',#4146,#4147);
#4146 = CARTESIAN_POINT('',(0.3,-0.3,8.2));
#4147 = VECTOR('',#4148,1.);
#4148 = DIRECTION('',(-0.57735026919,0.57735026919,-0.57735026919));
#4149 = ORIENTED_EDGE('',*,*,#2984,.T.);
#4150 = ORIENTED_EDGE('',*,*,#4151,.T.);
#4151 = EDGE_CURVE('',#2987,#4152,#4154,.T.);
#4152 = VERTEX_POINT('',#4153);
#4153 = CARTESIAN_POINT('',(0.3,0.3,8.2));
#4154 = LINE('',#4155,#4156);
#4155 = CARTESIAN_POINT('',(0.3,0.3,8.2));
#4156 = VECTOR('',#4157,1.);
#4157 = DIRECTION('',(-0.57735026919,-0.57735026919,-0.57735026919));
#4158 = ORIENTED_EDGE('',*,*,#4159,.F.);
#4159 = EDGE_CURVE('',#4143,#4152,#4160,.T.);
#4160 = LINE('',#4161,#4162);
#4161 = CARTESIAN_POINT('',(0.3,-0.6,8.2));
#4162 = VECTOR('',#4163,1.);
#4163 = DIRECTION('',(1.110223024625E-16,1.,0.));
#4164 = PLANE('',#4165);
#4165 = AXIS2_PLACEMENT_3D('',#4166,#4167,#4168);
#4166 = CARTESIAN_POINT('',(0.45,-0.6,8.35));
#4167 = DIRECTION('',(-0.707106781187,7.850462293414E-17,0.707106781187)
  );
#4168 = DIRECTION('',(1.110223024625E-16,1.,2.680278185005E-29));
#4169 = ADVANCED_FACE('',(#4170),#4188,.T.);
#4170 = FACE_BOUND('',#4171,.T.);
#4171 = EDGE_LOOP('',(#4172,#4173,#4174,#4182));
#4172 = ORIENTED_EDGE('',*,*,#4151,.F.);
#4173 = ORIENTED_EDGE('',*,*,#3010,.T.);
#4174 = ORIENTED_EDGE('',*,*,#4175,.T.);
#4175 = EDGE_CURVE('',#3003,#4176,#4178,.T.);
#4176 = VERTEX_POINT('',#4177);
#4177 = CARTESIAN_POINT('',(-0.3,0.3,8.2));
#4178 = LINE('',#4179,#4180);
#4179 = CARTESIAN_POINT('',(-0.3,0.3,8.2));
#4180 = VECTOR('',#4181,1.);
#4181 = DIRECTION('',(0.57735026919,-0.57735026919,-0.57735026919));
#4182 = ORIENTED_EDGE('',*,*,#4183,.F.);
#4183 = EDGE_CURVE('',#4152,#4176,#4184,.T.);
#4184 = LINE('',#4185,#4186);
#4185 = CARTESIAN_POINT('',(0.6,0.3,8.2));
#4186 = VECTOR('',#4187,1.);
#4187 = DIRECTION('',(-1.,1.110223024625E-16,0.));
#4188 = PLANE('',#4189);
#4189 = AXIS2_PLACEMENT_3D('',#4190,#4191,#4192);
#4190 = CARTESIAN_POINT('',(0.6,0.45,8.35));
#4191 = DIRECTION('',(-8.197719098449E-17,-0.707106781187,0.707106781187
    ));
#4192 = DIRECTION('',(-1.,1.13477778879E-16,-2.455476416522E-18));
#4193 = ADVANCED_FACE('',(#4194),#4212,.T.);
#4194 = FACE_BOUND('',#4195,.T.);
#4195 = EDGE_LOOP('',(#4196,#4197,#4198,#4206));
#4196 = ORIENTED_EDGE('',*,*,#4175,.F.);
#4197 = ORIENTED_EDGE('',*,*,#3002,.T.);
#4198 = ORIENTED_EDGE('',*,*,#4199,.T.);
#4199 = EDGE_CURVE('',#2995,#4200,#4202,.T.);
#4200 = VERTEX_POINT('',#4201);
#4201 = CARTESIAN_POINT('',(-0.3,-0.3,8.2));
#4202 = LINE('',#4203,#4204);
#4203 = CARTESIAN_POINT('',(-0.3,-0.3,8.2));
#4204 = VECTOR('',#4205,1.);
#4205 = DIRECTION('',(0.57735026919,0.57735026919,-0.57735026919));
#4206 = ORIENTED_EDGE('',*,*,#4207,.F.);
#4207 = EDGE_CURVE('',#4176,#4200,#4208,.T.);
#4208 = LINE('',#4209,#4210);
#4209 = CARTESIAN_POINT('',(-0.3,0.6,8.2));
#4210 = VECTOR('',#4211,1.);
#4211 = DIRECTION('',(-1.110223024625E-16,-1.,0.));
#4212 = PLANE('',#4213);
#4213 = AXIS2_PLACEMENT_3D('',#4214,#4215,#4216);
#4214 = CARTESIAN_POINT('',(-0.45,0.6,8.35));
#4215 = DIRECTION('',(0.707106781187,-7.503205488379E-17,0.707106781187)
  );
#4216 = DIRECTION('',(-1.08566826046E-16,-1.,2.455476416575E-18));
#4217 = ADVANCED_FACE('',(#4218),#4229,.T.);
#4218 = FACE_BOUND('',#4219,.T.);
#4219 = EDGE_LOOP('',(#4220,#4221,#4222,#4223));
#4220 = ORIENTED_EDGE('',*,*,#4199,.F.);
#4221 = ORIENTED_EDGE('',*,*,#2994,.T.);
#4222 = ORIENTED_EDGE('',*,*,#4142,.T.);
#4223 = ORIENTED_EDGE('',*,*,#4224,.F.);
#4224 = EDGE_CURVE('',#4200,#4143,#4225,.T.);
#4225 = LINE('',#4226,#4227);
#4226 = CARTESIAN_POINT('',(-0.6,-0.3,8.2));
#4227 = VECTOR('',#4228,1.);
#4228 = DIRECTION('',(1.,-1.110223024625E-16,0.));
#4229 = PLANE('',#4230);
#4230 = AXIS2_PLACEMENT_3D('',#4231,#4232,#4233);
#4231 = CARTESIAN_POINT('',(-0.6,-0.45,8.35));
#4232 = DIRECTION('',(8.197719098449E-17,0.707106781187,0.707106781187)
  );
#4233 = DIRECTION('',(1.,-1.13477778879E-16,-2.455476416522E-18));
#4234 = ADVANCED_FACE('',(#4235),#4246,.T.);
#4235 = FACE_BOUND('',#4236,.T.);
#4236 = EDGE_LOOP('',(#4237,#4238,#4239,#4245));
#4237 = ORIENTED_EDGE('',*,*,#3074,.F.);
#4238 = ORIENTED_EDGE('',*,*,#3084,.T.);
#4239 = ORIENTED_EDGE('',*,*,#4240,.T.);
#4240 = EDGE_CURVE('',#3085,#3125,#4241,.T.);
#4241 = LINE('',#4242,#4243);
#4242 = CARTESIAN_POINT('',(-0.1,-15.54,0.2));
#4243 = VECTOR('',#4244,1.);
#4244 = DIRECTION('',(1.,-1.110223024625E-16,0.));
#4245 = ORIENTED_EDGE('',*,*,#3132,.T.);
#4246 = PLANE('',#4247);
#4247 = AXIS2_PLACEMENT_3D('',#4248,#4249,#4250);
#4248 = CARTESIAN_POINT('',(-0.1,-15.54,0.2));
#4249 = DIRECTION('',(0.,-0.,-1.));
#4250 = DIRECTION('',(-1.110223024625E-16,-1.,0.));
#4251 = ADVANCED_FACE('',(#4252),#4293,.F.);
#4252 = FACE_BOUND('',#4253,.F.);
#4253 = EDGE_LOOP('',(#4254,#4262,#4263,#4271,#4279,#4287));
#4254 = ORIENTED_EDGE('',*,*,#4255,.T.);
#4255 = EDGE_CURVE('',#4256,#3125,#4258,.T.);
#4256 = VERTEX_POINT('',#4257);
#4257 = CARTESIAN_POINT('',(0.1,-15.54,-2.5));
#4258 = LINE('',#4259,#4260);
#4259 = CARTESIAN_POINT('',(0.1,-15.54,-2.5));
#4260 = VECTOR('',#4261,1.);
#4261 = DIRECTION('',(0.,0.,1.));
#4262 = ORIENTED_EDGE('',*,*,#3124,.F.);
#4263 = ORIENTED_EDGE('',*,*,#4264,.T.);
#4264 = EDGE_CURVE('',#3117,#4265,#4267,.T.);
#4265 = VERTEX_POINT('',#4266);
#4266 = CARTESIAN_POINT('',(0.1,-14.94,-2.5));
#4267 = LINE('',#4268,#4269);
#4268 = CARTESIAN_POINT('',(0.1,-14.94,0.2));
#4269 = VECTOR('',#4270,1.);
#4270 = DIRECTION('',(0.,0.,-1.));
#4271 = ORIENTED_EDGE('',*,*,#4272,.T.);
#4272 = EDGE_CURVE('',#4265,#4273,#4275,.T.);
#4273 = VERTEX_POINT('',#4274);
#4274 = CARTESIAN_POINT('',(0.1,-15.09,-3.1));
#4275 = LINE('',#4276,#4277);
#4276 = CARTESIAN_POINT('',(0.1,-14.94,-2.5));
#4277 = VECTOR('',#4278,1.);
#4278 = DIRECTION('',(-2.692686352073E-17,-0.242535625036,
    -0.970142500145));
#4279 = ORIENTED_EDGE('',*,*,#4280,.T.);
#4280 = EDGE_CURVE('',#4273,#4281,#4283,.T.);
#4281 = VERTEX_POINT('',#4282);
#4282 = CARTESIAN_POINT('',(0.1,-15.39,-3.1));
#4283 = LINE('',#4284,#4285);
#4284 = CARTESIAN_POINT('',(0.1,-15.09,-3.1));
#4285 = VECTOR('',#4286,1.);
#4286 = DIRECTION('',(-1.110223024625E-16,-1.,0.));
#4287 = ORIENTED_EDGE('',*,*,#4288,.T.);
#4288 = EDGE_CURVE('',#4281,#4256,#4289,.T.);
#4289 = LINE('',#4290,#4291);
#4290 = CARTESIAN_POINT('',(0.1,-15.39,-3.1));
#4291 = VECTOR('',#4292,1.);
#4292 = DIRECTION('',(-2.692686352073E-17,-0.242535625036,0.970142500145
    ));
#4293 = PLANE('',#4294);
#4294 = AXIS2_PLACEMENT_3D('',#4295,#4296,#4297);
#4295 = CARTESIAN_POINT('',(0.1,-15.24,3.911477598424));
#4296 = DIRECTION('',(-1.,1.110223024625E-16,0.));
#4297 = DIRECTION('',(0.,0.,1.));
#4298 = ADVANCED_FACE('',(#4299),#4310,.T.);
#4299 = FACE_BOUND('',#4300,.T.);
#4300 = EDGE_LOOP('',(#4301,#4307,#4308,#4309));
#4301 = ORIENTED_EDGE('',*,*,#4302,.F.);
#4302 = EDGE_CURVE('',#3093,#3117,#4303,.T.);
#4303 = LINE('',#4304,#4305);
#4304 = CARTESIAN_POINT('',(-0.1,-14.94,0.2));
#4305 = VECTOR('',#4306,1.);
#4306 = DIRECTION('',(1.,-1.110223024625E-16,0.));
#4307 = ORIENTED_EDGE('',*,*,#3100,.T.);
#4308 = ORIENTED_EDGE('',*,*,#3108,.T.);
#4309 = ORIENTED_EDGE('',*,*,#3116,.T.);
#4310 = PLANE('',#4311);
#4311 = AXIS2_PLACEMENT_3D('',#4312,#4313,#4314);
#4312 = CARTESIAN_POINT('',(-0.1,-15.54,0.2));
#4313 = DIRECTION('',(0.,-0.,-1.));
#4314 = DIRECTION('',(-1.110223024625E-16,-1.,0.));
#4315 = ADVANCED_FACE('',(#4316),#4357,.T.);
#4316 = FACE_BOUND('',#4317,.T.);
#4317 = EDGE_LOOP('',(#4318,#4326,#4327,#4335,#4343,#4351));
#4318 = ORIENTED_EDGE('',*,*,#4319,.T.);
#4319 = EDGE_CURVE('',#4320,#3085,#4322,.T.);
#4320 = VERTEX_POINT('',#4321);
#4321 = CARTESIAN_POINT('',(-0.1,-15.54,-2.5));
#4322 = LINE('',#4323,#4324);
#4323 = CARTESIAN_POINT('',(-0.1,-15.54,-2.5));
#4324 = VECTOR('',#4325,1.);
#4325 = DIRECTION('',(0.,0.,1.));
#4326 = ORIENTED_EDGE('',*,*,#3092,.F.);
#4327 = ORIENTED_EDGE('',*,*,#4328,.T.);
#4328 = EDGE_CURVE('',#3093,#4329,#4331,.T.);
#4329 = VERTEX_POINT('',#4330);
#4330 = CARTESIAN_POINT('',(-0.1,-14.94,-2.5));
#4331 = LINE('',#4332,#4333);
#4332 = CARTESIAN_POINT('',(-0.1,-14.94,0.2));
#4333 = VECTOR('',#4334,1.);
#4334 = DIRECTION('',(0.,0.,-1.));
#4335 = ORIENTED_EDGE('',*,*,#4336,.T.);
#4336 = EDGE_CURVE('',#4329,#4337,#4339,.T.);
#4337 = VERTEX_POINT('',#4338);
#4338 = CARTESIAN_POINT('',(-0.1,-15.09,-3.1));
#4339 = LINE('',#4340,#4341);
#4340 = CARTESIAN_POINT('',(-0.1,-14.94,-2.5));
#4341 = VECTOR('',#4342,1.);
#4342 = DIRECTION('',(-2.692686352073E-17,-0.242535625036,
    -0.970142500145));
#4343 = ORIENTED_EDGE('',*,*,#4344,.F.);
#4344 = EDGE_CURVE('',#4345,#4337,#4347,.T.);
#4345 = VERTEX_POINT('',#4346);
#4346 = CARTESIAN_POINT('',(-0.1,-15.39,-3.1));
#4347 = LINE('',#4348,#4349);
#4348 = CARTESIAN_POINT('',(-0.1,-15.39,-3.1));
#4349 = VECTOR('',#4350,1.);
#4350 = DIRECTION('',(1.110223024625E-16,1.,0.));
#4351 = ORIENTED_EDGE('',*,*,#4352,.T.);
#4352 = EDGE_CURVE('',#4345,#4320,#4353,.T.);
#4353 = LINE('',#4354,#4355);
#4354 = CARTESIAN_POINT('',(-0.1,-15.39,-3.1));
#4355 = VECTOR('',#4356,1.);
#4356 = DIRECTION('',(-2.692686352073E-17,-0.242535625036,0.970142500145
    ));
#4357 = PLANE('',#4358);
#4358 = AXIS2_PLACEMENT_3D('',#4359,#4360,#4361);
#4359 = CARTESIAN_POINT('',(-0.1,-15.24,3.911477598424));
#4360 = DIRECTION('',(-1.,1.110223024625E-16,0.));
#4361 = DIRECTION('',(0.,0.,1.));
#4362 = ADVANCED_FACE('',(#4363),#4374,.T.);
#4363 = FACE_BOUND('',#4364,.T.);
#4364 = EDGE_LOOP('',(#4365,#4366,#4367,#4373));
#4365 = ORIENTED_EDGE('',*,*,#3140,.F.);
#4366 = ORIENTED_EDGE('',*,*,#3150,.T.);
#4367 = ORIENTED_EDGE('',*,*,#4368,.T.);
#4368 = EDGE_CURVE('',#3151,#3191,#4369,.T.);
#4369 = LINE('',#4370,#4371);
#4370 = CARTESIAN_POINT('',(-0.1,-13.,0.2));
#4371 = VECTOR('',#4372,1.);
#4372 = DIRECTION('',(1.,-1.110223024625E-16,0.));
#4373 = ORIENTED_EDGE('',*,*,#3198,.T.);
#4374 = PLANE('',#4375);
#4375 = AXIS2_PLACEMENT_3D('',#4376,#4377,#4378);
#4376 = CARTESIAN_POINT('',(-0.1,-13.,0.2));
#4377 = DIRECTION('',(0.,-0.,-1.));
#4378 = DIRECTION('',(-1.110223024625E-16,-1.,0.));
#4379 = ADVANCED_FACE('',(#4380),#4421,.F.);
#4380 = FACE_BOUND('',#4381,.F.);
#4381 = EDGE_LOOP('',(#4382,#4390,#4391,#4399,#4407,#4415));
#4382 = ORIENTED_EDGE('',*,*,#4383,.T.);
#4383 = EDGE_CURVE('',#4384,#3191,#4386,.T.);
#4384 = VERTEX_POINT('',#4385);
#4385 = CARTESIAN_POINT('',(0.1,-13.,-2.5));
#4386 = LINE('',#4387,#4388);
#4387 = CARTESIAN_POINT('',(0.1,-13.,-2.5));
#4388 = VECTOR('',#4389,1.);
#4389 = DIRECTION('',(0.,0.,1.));
#4390 = ORIENTED_EDGE('',*,*,#3190,.F.);
#4391 = ORIENTED_EDGE('',*,*,#4392,.T.);
#4392 = EDGE_CURVE('',#3183,#4393,#4395,.T.);
#4393 = VERTEX_POINT('',#4394);
#4394 = CARTESIAN_POINT('',(0.1,-12.4,-2.5));
#4395 = LINE('',#4396,#4397);
#4396 = CARTESIAN_POINT('',(0.1,-12.4,0.2));
#4397 = VECTOR('',#4398,1.);
#4398 = DIRECTION('',(0.,0.,-1.));
#4399 = ORIENTED_EDGE('',*,*,#4400,.T.);
#4400 = EDGE_CURVE('',#4393,#4401,#4403,.T.);
#4401 = VERTEX_POINT('',#4402);
#4402 = CARTESIAN_POINT('',(0.1,-12.55,-3.1));
#4403 = LINE('',#4404,#4405);
#4404 = CARTESIAN_POINT('',(0.1,-12.4,-2.5));
#4405 = VECTOR('',#4406,1.);
#4406 = DIRECTION('',(-2.692686352073E-17,-0.242535625036,
    -0.970142500145));
#4407 = ORIENTED_EDGE('',*,*,#4408,.T.);
#4408 = EDGE_CURVE('',#4401,#4409,#4411,.T.);
#4409 = VERTEX_POINT('',#4410);
#4410 = CARTESIAN_POINT('',(0.1,-12.85,-3.1));
#4411 = LINE('',#4412,#4413);
#4412 = CARTESIAN_POINT('',(0.1,-12.55,-3.1));
#4413 = VECTOR('',#4414,1.);
#4414 = DIRECTION('',(-1.110223024625E-16,-1.,0.));
#4415 = ORIENTED_EDGE('',*,*,#4416,.T.);
#4416 = EDGE_CURVE('',#4409,#4384,#4417,.T.);
#4417 = LINE('',#4418,#4419);
#4418 = CARTESIAN_POINT('',(0.1,-12.85,-3.1));
#4419 = VECTOR('',#4420,1.);
#4420 = DIRECTION('',(-2.692686352073E-17,-0.242535625036,0.970142500145
    ));
#4421 = PLANE('',#4422);
#4422 = AXIS2_PLACEMENT_3D('',#4423,#4424,#4425);
#4423 = CARTESIAN_POINT('',(0.1,-12.7,3.911477598424));
#4424 = DIRECTION('',(-1.,1.110223024625E-16,0.));
#4425 = DIRECTION('',(0.,0.,1.));
#4426 = ADVANCED_FACE('',(#4427),#4438,.T.);
#4427 = FACE_BOUND('',#4428,.T.);
#4428 = EDGE_LOOP('',(#4429,#4435,#4436,#4437));
#4429 = ORIENTED_EDGE('',*,*,#4430,.F.);
#4430 = EDGE_CURVE('',#3159,#3183,#4431,.T.);
#4431 = LINE('',#4432,#4433);
#4432 = CARTESIAN_POINT('',(-0.1,-12.4,0.2));
#4433 = VECTOR('',#4434,1.);
#4434 = DIRECTION('',(1.,-1.110223024625E-16,0.));
#4435 = ORIENTED_EDGE('',*,*,#3166,.T.);
#4436 = ORIENTED_EDGE('',*,*,#3174,.T.);
#4437 = ORIENTED_EDGE('',*,*,#3182,.T.);
#4438 = PLANE('',#4439);
#4439 = AXIS2_PLACEMENT_3D('',#4440,#4441,#4442);
#4440 = CARTESIAN_POINT('',(-0.1,-13.,0.2));
#4441 = DIRECTION('',(0.,-0.,-1.));
#4442 = DIRECTION('',(-1.110223024625E-16,-1.,0.));
#4443 = ADVANCED_FACE('',(#4444),#4485,.T.);
#4444 = FACE_BOUND('',#4445,.T.);
#4445 = EDGE_LOOP('',(#4446,#4454,#4455,#4463,#4471,#4479));
#4446 = ORIENTED_EDGE('',*,*,#4447,.T.);
#4447 = EDGE_CURVE('',#4448,#3151,#4450,.T.);
#4448 = VERTEX_POINT('',#4449);
#4449 = CARTESIAN_POINT('',(-0.1,-13.,-2.5));
#4450 = LINE('',#4451,#4452);
#4451 = CARTESIAN_POINT('',(-0.1,-13.,-2.5));
#4452 = VECTOR('',#4453,1.);
#4453 = DIRECTION('',(0.,0.,1.));
#4454 = ORIENTED_EDGE('',*,*,#3158,.F.);
#4455 = ORIENTED_EDGE('',*,*,#4456,.T.);
#4456 = EDGE_CURVE('',#3159,#4457,#4459,.T.);
#4457 = VERTEX_POINT('',#4458);
#4458 = CARTESIAN_POINT('',(-0.1,-12.4,-2.5));
#4459 = LINE('',#4460,#4461);
#4460 = CARTESIAN_POINT('',(-0.1,-12.4,0.2));
#4461 = VECTOR('',#4462,1.);
#4462 = DIRECTION('',(0.,0.,-1.));
#4463 = ORIENTED_EDGE('',*,*,#4464,.T.);
#4464 = EDGE_CURVE('',#4457,#4465,#4467,.T.);
#4465 = VERTEX_POINT('',#4466);
#4466 = CARTESIAN_POINT('',(-0.1,-12.55,-3.1));
#4467 = LINE('',#4468,#4469);
#4468 = CARTESIAN_POINT('',(-0.1,-12.4,-2.5));
#4469 = VECTOR('',#4470,1.);
#4470 = DIRECTION('',(-2.692686352073E-17,-0.242535625036,
    -0.970142500145));
#4471 = ORIENTED_EDGE('',*,*,#4472,.F.);
#4472 = EDGE_CURVE('',#4473,#4465,#4475,.T.);
#4473 = VERTEX_POINT('',#4474);
#4474 = CARTESIAN_POINT('',(-0.1,-12.85,-3.1));
#4475 = LINE('',#4476,#4477);
#4476 = CARTESIAN_POINT('',(-0.1,-12.85,-3.1));
#4477 = VECTOR('',#4478,1.);
#4478 = DIRECTION('',(1.110223024625E-16,1.,0.));
#4479 = ORIENTED_EDGE('',*,*,#4480,.T.);
#4480 = EDGE_CURVE('',#4473,#4448,#4481,.T.);
#4481 = LINE('',#4482,#4483);
#4482 = CARTESIAN_POINT('',(-0.1,-12.85,-3.1));
#4483 = VECTOR('',#4484,1.);
#4484 = DIRECTION('',(-2.692686352073E-17,-0.242535625036,0.970142500145
    ));
#4485 = PLANE('',#4486);
#4486 = AXIS2_PLACEMENT_3D('',#4487,#4488,#4489);
#4487 = CARTESIAN_POINT('',(-0.1,-12.7,3.911477598424));
#4488 = DIRECTION('',(-1.,1.110223024625E-16,0.));
#4489 = DIRECTION('',(0.,0.,1.));
#4490 = ADVANCED_FACE('',(#4491),#4502,.T.);
#4491 = FACE_BOUND('',#4492,.T.);
#4492 = EDGE_LOOP('',(#4493,#4494,#4495,#4501));
#4493 = ORIENTED_EDGE('',*,*,#3206,.F.);
#4494 = ORIENTED_EDGE('',*,*,#3216,.T.);
#4495 = ORIENTED_EDGE('',*,*,#4496,.T.);
#4496 = EDGE_CURVE('',#3217,#3257,#4497,.T.);
#4497 = LINE('',#4498,#4499);
#4498 = CARTESIAN_POINT('',(-0.1,-10.46,0.2));
#4499 = VECTOR('',#4500,1.);
#4500 = DIRECTION('',(1.,-1.110223024625E-16,0.));
#4501 = ORIENTED_EDGE('',*,*,#3264,.T.);
#4502 = PLANE('',#4503);
#4503 = AXIS2_PLACEMENT_3D('',#4504,#4505,#4506);
#4504 = CARTESIAN_POINT('',(-0.1,-10.46,0.2));
#4505 = DIRECTION('',(0.,-0.,-1.));
#4506 = DIRECTION('',(-1.110223024625E-16,-1.,0.));
#4507 = ADVANCED_FACE('',(#4508),#4549,.F.);
#4508 = FACE_BOUND('',#4509,.F.);
#4509 = EDGE_LOOP('',(#4510,#4518,#4519,#4527,#4535,#4543));
#4510 = ORIENTED_EDGE('',*,*,#4511,.T.);
#4511 = EDGE_CURVE('',#4512,#3257,#4514,.T.);
#4512 = VERTEX_POINT('',#4513);
#4513 = CARTESIAN_POINT('',(0.1,-10.46,-2.5));
#4514 = LINE('',#4515,#4516);
#4515 = CARTESIAN_POINT('',(0.1,-10.46,-2.5));
#4516 = VECTOR('',#4517,1.);
#4517 = DIRECTION('',(0.,0.,1.));
#4518 = ORIENTED_EDGE('',*,*,#3256,.F.);
#4519 = ORIENTED_EDGE('',*,*,#4520,.T.);
#4520 = EDGE_CURVE('',#3249,#4521,#4523,.T.);
#4521 = VERTEX_POINT('',#4522);
#4522 = CARTESIAN_POINT('',(0.1,-9.86,-2.5));
#4523 = LINE('',#4524,#4525);
#4524 = CARTESIAN_POINT('',(0.1,-9.86,0.2));
#4525 = VECTOR('',#4526,1.);
#4526 = DIRECTION('',(0.,0.,-1.));
#4527 = ORIENTED_EDGE('',*,*,#4528,.T.);
#4528 = EDGE_CURVE('',#4521,#4529,#4531,.T.);
#4529 = VERTEX_POINT('',#4530);
#4530 = CARTESIAN_POINT('',(0.1,-10.01,-3.1));
#4531 = LINE('',#4532,#4533);
#4532 = CARTESIAN_POINT('',(0.1,-9.86,-2.5));
#4533 = VECTOR('',#4534,1.);
#4534 = DIRECTION('',(-2.692686352073E-17,-0.242535625036,
    -0.970142500145));
#4535 = ORIENTED_EDGE('',*,*,#4536,.T.);
#4536 = EDGE_CURVE('',#4529,#4537,#4539,.T.);
#4537 = VERTEX_POINT('',#4538);
#4538 = CARTESIAN_POINT('',(0.1,-10.31,-3.1));
#4539 = LINE('',#4540,#4541);
#4540 = CARTESIAN_POINT('',(0.1,-10.01,-3.1));
#4541 = VECTOR('',#4542,1.);
#4542 = DIRECTION('',(-1.110223024625E-16,-1.,0.));
#4543 = ORIENTED_EDGE('',*,*,#4544,.T.);
#4544 = EDGE_CURVE('',#4537,#4512,#4545,.T.);
#4545 = LINE('',#4546,#4547);
#4546 = CARTESIAN_POINT('',(0.1,-10.31,-3.1));
#4547 = VECTOR('',#4548,1.);
#4548 = DIRECTION('',(-2.692686352073E-17,-0.242535625036,0.970142500145
    ));
#4549 = PLANE('',#4550);
#4550 = AXIS2_PLACEMENT_3D('',#4551,#4552,#4553);
#4551 = CARTESIAN_POINT('',(0.1,-10.16,3.911477598424));
#4552 = DIRECTION('',(-1.,1.110223024625E-16,0.));
#4553 = DIRECTION('',(0.,0.,1.));
#4554 = ADVANCED_FACE('',(#4555),#4566,.T.);
#4555 = FACE_BOUND('',#4556,.T.);
#4556 = EDGE_LOOP('',(#4557,#4563,#4564,#4565));
#4557 = ORIENTED_EDGE('',*,*,#4558,.F.);
#4558 = EDGE_CURVE('',#3225,#3249,#4559,.T.);
#4559 = LINE('',#4560,#4561);
#4560 = CARTESIAN_POINT('',(-0.1,-9.86,0.2));
#4561 = VECTOR('',#4562,1.);
#4562 = DIRECTION('',(1.,-1.110223024625E-16,0.));
#4563 = ORIENTED_EDGE('',*,*,#3232,.T.);
#4564 = ORIENTED_EDGE('',*,*,#3240,.T.);
#4565 = ORIENTED_EDGE('',*,*,#3248,.T.);
#4566 = PLANE('',#4567);
#4567 = AXIS2_PLACEMENT_3D('',#4568,#4569,#4570);
#4568 = CARTESIAN_POINT('',(-0.1,-10.46,0.2));
#4569 = DIRECTION('',(0.,-0.,-1.));
#4570 = DIRECTION('',(-1.110223024625E-16,-1.,0.));
#4571 = ADVANCED_FACE('',(#4572),#4613,.T.);
#4572 = FACE_BOUND('',#4573,.T.);
#4573 = EDGE_LOOP('',(#4574,#4582,#4583,#4591,#4599,#4607));
#4574 = ORIENTED_EDGE('',*,*,#4575,.T.);
#4575 = EDGE_CURVE('',#4576,#3217,#4578,.T.);
#4576 = VERTEX_POINT('',#4577);
#4577 = CARTESIAN_POINT('',(-0.1,-10.46,-2.5));
#4578 = LINE('',#4579,#4580);
#4579 = CARTESIAN_POINT('',(-0.1,-10.46,-2.5));
#4580 = VECTOR('',#4581,1.);
#4581 = DIRECTION('',(0.,0.,1.));
#4582 = ORIENTED_EDGE('',*,*,#3224,.F.);
#4583 = ORIENTED_EDGE('',*,*,#4584,.T.);
#4584 = EDGE_CURVE('',#3225,#4585,#4587,.T.);
#4585 = VERTEX_POINT('',#4586);
#4586 = CARTESIAN_POINT('',(-0.1,-9.86,-2.5));
#4587 = LINE('',#4588,#4589);
#4588 = CARTESIAN_POINT('',(-0.1,-9.86,0.2));
#4589 = VECTOR('',#4590,1.);
#4590 = DIRECTION('',(0.,0.,-1.));
#4591 = ORIENTED_EDGE('',*,*,#4592,.T.);
#4592 = EDGE_CURVE('',#4585,#4593,#4595,.T.);
#4593 = VERTEX_POINT('',#4594);
#4594 = CARTESIAN_POINT('',(-0.1,-10.01,-3.1));
#4595 = LINE('',#4596,#4597);
#4596 = CARTESIAN_POINT('',(-0.1,-9.86,-2.5));
#4597 = VECTOR('',#4598,1.);
#4598 = DIRECTION('',(-2.692686352073E-17,-0.242535625036,
    -0.970142500145));
#4599 = ORIENTED_EDGE('',*,*,#4600,.F.);
#4600 = EDGE_CURVE('',#4601,#4593,#4603,.T.);
#4601 = VERTEX_POINT('',#4602);
#4602 = CARTESIAN_POINT('',(-0.1,-10.31,-3.1));
#4603 = LINE('',#4604,#4605);
#4604 = CARTESIAN_POINT('',(-0.1,-10.31,-3.1));
#4605 = VECTOR('',#4606,1.);
#4606 = DIRECTION('',(1.110223024625E-16,1.,0.));
#4607 = ORIENTED_EDGE('',*,*,#4608,.T.);
#4608 = EDGE_CURVE('',#4601,#4576,#4609,.T.);
#4609 = LINE('',#4610,#4611);
#4610 = CARTESIAN_POINT('',(-0.1,-10.31,-3.1));
#4611 = VECTOR('',#4612,1.);
#4612 = DIRECTION('',(-2.692686352073E-17,-0.242535625036,0.970142500145
    ));
#4613 = PLANE('',#4614);
#4614 = AXIS2_PLACEMENT_3D('',#4615,#4616,#4617);
#4615 = CARTESIAN_POINT('',(-0.1,-10.16,3.911477598424));
#4616 = DIRECTION('',(-1.,1.110223024625E-16,0.));
#4617 = DIRECTION('',(0.,0.,1.));
#4618 = ADVANCED_FACE('',(#4619),#4630,.T.);
#4619 = FACE_BOUND('',#4620,.T.);
#4620 = EDGE_LOOP('',(#4621,#4622,#4623,#4629));
#4621 = ORIENTED_EDGE('',*,*,#3272,.F.);
#4622 = ORIENTED_EDGE('',*,*,#3282,.T.);
#4623 = ORIENTED_EDGE('',*,*,#4624,.T.);
#4624 = EDGE_CURVE('',#3283,#3323,#4625,.T.);
#4625 = LINE('',#4626,#4627);
#4626 = CARTESIAN_POINT('',(-0.1,-7.92,0.2));
#4627 = VECTOR('',#4628,1.);
#4628 = DIRECTION('',(1.,-1.110223024625E-16,0.));
#4629 = ORIENTED_EDGE('',*,*,#3330,.T.);
#4630 = PLANE('',#4631);
#4631 = AXIS2_PLACEMENT_3D('',#4632,#4633,#4634);
#4632 = CARTESIAN_POINT('',(-0.1,-7.92,0.2));
#4633 = DIRECTION('',(0.,-0.,-1.));
#4634 = DIRECTION('',(-1.110223024625E-16,-1.,0.));
#4635 = ADVANCED_FACE('',(#4636),#4677,.F.);
#4636 = FACE_BOUND('',#4637,.F.);
#4637 = EDGE_LOOP('',(#4638,#4646,#4647,#4655,#4663,#4671));
#4638 = ORIENTED_EDGE('',*,*,#4639,.T.);
#4639 = EDGE_CURVE('',#4640,#3323,#4642,.T.);
#4640 = VERTEX_POINT('',#4641);
#4641 = CARTESIAN_POINT('',(0.1,-7.92,-2.5));
#4642 = LINE('',#4643,#4644);
#4643 = CARTESIAN_POINT('',(0.1,-7.92,-2.5));
#4644 = VECTOR('',#4645,1.);
#4645 = DIRECTION('',(0.,0.,1.));
#4646 = ORIENTED_EDGE('',*,*,#3322,.F.);
#4647 = ORIENTED_EDGE('',*,*,#4648,.T.);
#4648 = EDGE_CURVE('',#3315,#4649,#4651,.T.);
#4649 = VERTEX_POINT('',#4650);
#4650 = CARTESIAN_POINT('',(0.1,-7.32,-2.5));
#4651 = LINE('',#4652,#4653);
#4652 = CARTESIAN_POINT('',(0.1,-7.32,0.2));
#4653 = VECTOR('',#4654,1.);
#4654 = DIRECTION('',(0.,0.,-1.));
#4655 = ORIENTED_EDGE('',*,*,#4656,.T.);
#4656 = EDGE_CURVE('',#4649,#4657,#4659,.T.);
#4657 = VERTEX_POINT('',#4658);
#4658 = CARTESIAN_POINT('',(0.1,-7.47,-3.1));
#4659 = LINE('',#4660,#4661);
#4660 = CARTESIAN_POINT('',(0.1,-7.32,-2.5));
#4661 = VECTOR('',#4662,1.);
#4662 = DIRECTION('',(-2.692686352073E-17,-0.242535625036,
    -0.970142500145));
#4663 = ORIENTED_EDGE('',*,*,#4664,.T.);
#4664 = EDGE_CURVE('',#4657,#4665,#4667,.T.);
#4665 = VERTEX_POINT('',#4666);
#4666 = CARTESIAN_POINT('',(0.1,-7.77,-3.1));
#4667 = LINE('',#4668,#4669);
#4668 = CARTESIAN_POINT('',(0.1,-7.47,-3.1));
#4669 = VECTOR('',#4670,1.);
#4670 = DIRECTION('',(-1.110223024625E-16,-1.,0.));
#4671 = ORIENTED_EDGE('',*,*,#4672,.T.);
#4672 = EDGE_CURVE('',#4665,#4640,#4673,.T.);
#4673 = LINE('',#4674,#4675);
#4674 = CARTESIAN_POINT('',(0.1,-7.77,-3.1));
#4675 = VECTOR('',#4676,1.);
#4676 = DIRECTION('',(-2.692686352073E-17,-0.242535625036,0.970142500145
    ));
#4677 = PLANE('',#4678);
#4678 = AXIS2_PLACEMENT_3D('',#4679,#4680,#4681);
#4679 = CARTESIAN_POINT('',(0.1,-7.62,3.911477598424));
#4680 = DIRECTION('',(-1.,1.110223024625E-16,0.));
#4681 = DIRECTION('',(0.,0.,1.));
#4682 = ADVANCED_FACE('',(#4683),#4694,.T.);
#4683 = FACE_BOUND('',#4684,.T.);
#4684 = EDGE_LOOP('',(#4685,#4691,#4692,#4693));
#4685 = ORIENTED_EDGE('',*,*,#4686,.F.);
#4686 = EDGE_CURVE('',#3291,#3315,#4687,.T.);
#4687 = LINE('',#4688,#4689);
#4688 = CARTESIAN_POINT('',(-0.1,-7.32,0.2));
#4689 = VECTOR('',#4690,1.);
#4690 = DIRECTION('',(1.,-1.110223024625E-16,0.));
#4691 = ORIENTED_EDGE('',*,*,#3298,.T.);
#4692 = ORIENTED_EDGE('',*,*,#3306,.T.);
#4693 = ORIENTED_EDGE('',*,*,#3314,.T.);
#4694 = PLANE('',#4695);
#4695 = AXIS2_PLACEMENT_3D('',#4696,#4697,#4698);
#4696 = CARTESIAN_POINT('',(-0.1,-7.92,0.2));
#4697 = DIRECTION('',(0.,-0.,-1.));
#4698 = DIRECTION('',(-1.110223024625E-16,-1.,0.));
#4699 = ADVANCED_FACE('',(#4700),#4741,.T.);
#4700 = FACE_BOUND('',#4701,.T.);
#4701 = EDGE_LOOP('',(#4702,#4710,#4711,#4719,#4727,#4735));
#4702 = ORIENTED_EDGE('',*,*,#4703,.T.);
#4703 = EDGE_CURVE('',#4704,#3283,#4706,.T.);
#4704 = VERTEX_POINT('',#4705);
#4705 = CARTESIAN_POINT('',(-0.1,-7.92,-2.5));
#4706 = LINE('',#4707,#4708);
#4707 = CARTESIAN_POINT('',(-0.1,-7.92,-2.5));
#4708 = VECTOR('',#4709,1.);
#4709 = DIRECTION('',(0.,0.,1.));
#4710 = ORIENTED_EDGE('',*,*,#3290,.F.);
#4711 = ORIENTED_EDGE('',*,*,#4712,.T.);
#4712 = EDGE_CURVE('',#3291,#4713,#4715,.T.);
#4713 = VERTEX_POINT('',#4714);
#4714 = CARTESIAN_POINT('',(-0.1,-7.32,-2.5));
#4715 = LINE('',#4716,#4717);
#4716 = CARTESIAN_POINT('',(-0.1,-7.32,0.2));
#4717 = VECTOR('',#4718,1.);
#4718 = DIRECTION('',(0.,0.,-1.));
#4719 = ORIENTED_EDGE('',*,*,#4720,.T.);
#4720 = EDGE_CURVE('',#4713,#4721,#4723,.T.);
#4721 = VERTEX_POINT('',#4722);
#4722 = CARTESIAN_POINT('',(-0.1,-7.47,-3.1));
#4723 = LINE('',#4724,#4725);
#4724 = CARTESIAN_POINT('',(-0.1,-7.32,-2.5));
#4725 = VECTOR('',#4726,1.);
#4726 = DIRECTION('',(-2.692686352073E-17,-0.242535625036,
    -0.970142500145));
#4727 = ORIENTED_EDGE('',*,*,#4728,.F.);
#4728 = EDGE_CURVE('',#4729,#4721,#4731,.T.);
#4729 = VERTEX_POINT('',#4730);
#4730 = CARTESIAN_POINT('',(-0.1,-7.77,-3.1));
#4731 = LINE('',#4732,#4733);
#4732 = CARTESIAN_POINT('',(-0.1,-7.77,-3.1));
#4733 = VECTOR('',#4734,1.);
#4734 = DIRECTION('',(1.110223024625E-16,1.,0.));
#4735 = ORIENTED_EDGE('',*,*,#4736,.T.);
#4736 = EDGE_CURVE('',#4729,#4704,#4737,.T.);
#4737 = LINE('',#4738,#4739);
#4738 = CARTESIAN_POINT('',(-0.1,-7.77,-3.1));
#4739 = VECTOR('',#4740,1.);
#4740 = DIRECTION('',(-2.692686352073E-17,-0.242535625036,0.970142500145
    ));
#4741 = PLANE('',#4742);
#4742 = AXIS2_PLACEMENT_3D('',#4743,#4744,#4745);
#4743 = CARTESIAN_POINT('',(-0.1,-7.62,3.911477598424));
#4744 = DIRECTION('',(-1.,1.110223024625E-16,0.));
#4745 = DIRECTION('',(0.,0.,1.));
#4746 = ADVANCED_FACE('',(#4747),#4758,.T.);
#4747 = FACE_BOUND('',#4748,.T.);
#4748 = EDGE_LOOP('',(#4749,#4750,#4751,#4757));
#4749 = ORIENTED_EDGE('',*,*,#3338,.F.);
#4750 = ORIENTED_EDGE('',*,*,#3348,.T.);
#4751 = ORIENTED_EDGE('',*,*,#4752,.T.);
#4752 = EDGE_CURVE('',#3349,#3389,#4753,.T.);
#4753 = LINE('',#4754,#4755);
#4754 = CARTESIAN_POINT('',(-0.1,-5.38,0.2));
#4755 = VECTOR('',#4756,1.);
#4756 = DIRECTION('',(1.,-1.110223024625E-16,0.));
#4757 = ORIENTED_EDGE('',*,*,#3396,.T.);
#4758 = PLANE('',#4759);
#4759 = AXIS2_PLACEMENT_3D('',#4760,#4761,#4762);
#4760 = CARTESIAN_POINT('',(-0.1,-5.38,0.2));
#4761 = DIRECTION('',(0.,-0.,-1.));
#4762 = DIRECTION('',(-1.110223024625E-16,-1.,0.));
#4763 = ADVANCED_FACE('',(#4764),#4805,.F.);
#4764 = FACE_BOUND('',#4765,.F.);
#4765 = EDGE_LOOP('',(#4766,#4774,#4775,#4783,#4791,#4799));
#4766 = ORIENTED_EDGE('',*,*,#4767,.T.);
#4767 = EDGE_CURVE('',#4768,#3389,#4770,.T.);
#4768 = VERTEX_POINT('',#4769);
#4769 = CARTESIAN_POINT('',(0.1,-5.38,-2.5));
#4770 = LINE('',#4771,#4772);
#4771 = CARTESIAN_POINT('',(0.1,-5.38,-2.5));
#4772 = VECTOR('',#4773,1.);
#4773 = DIRECTION('',(0.,0.,1.));
#4774 = ORIENTED_EDGE('',*,*,#3388,.F.);
#4775 = ORIENTED_EDGE('',*,*,#4776,.T.);
#4776 = EDGE_CURVE('',#3381,#4777,#4779,.T.);
#4777 = VERTEX_POINT('',#4778);
#4778 = CARTESIAN_POINT('',(0.1,-4.78,-2.5));
#4779 = LINE('',#4780,#4781);
#4780 = CARTESIAN_POINT('',(0.1,-4.78,0.2));
#4781 = VECTOR('',#4782,1.);
#4782 = DIRECTION('',(0.,0.,-1.));
#4783 = ORIENTED_EDGE('',*,*,#4784,.T.);
#4784 = EDGE_CURVE('',#4777,#4785,#4787,.T.);
#4785 = VERTEX_POINT('',#4786);
#4786 = CARTESIAN_POINT('',(0.1,-4.93,-3.1));
#4787 = LINE('',#4788,#4789);
#4788 = CARTESIAN_POINT('',(0.1,-4.78,-2.5));
#4789 = VECTOR('',#4790,1.);
#4790 = DIRECTION('',(-2.692686352073E-17,-0.242535625036,
    -0.970142500145));
#4791 = ORIENTED_EDGE('',*,*,#4792,.T.);
#4792 = EDGE_CURVE('',#4785,#4793,#4795,.T.);
#4793 = VERTEX_POINT('',#4794);
#4794 = CARTESIAN_POINT('',(0.1,-5.23,-3.1));
#4795 = LINE('',#4796,#4797);
#4796 = CARTESIAN_POINT('',(0.1,-4.93,-3.1));
#4797 = VECTOR('',#4798,1.);
#4798 = DIRECTION('',(-1.110223024625E-16,-1.,0.));
#4799 = ORIENTED_EDGE('',*,*,#4800,.T.);
#4800 = EDGE_CURVE('',#4793,#4768,#4801,.T.);
#4801 = LINE('',#4802,#4803);
#4802 = CARTESIAN_POINT('',(0.1,-5.23,-3.1));
#4803 = VECTOR('',#4804,1.);
#4804 = DIRECTION('',(-2.692686352073E-17,-0.242535625036,0.970142500145
    ));
#4805 = PLANE('',#4806);
#4806 = AXIS2_PLACEMENT_3D('',#4807,#4808,#4809);
#4807 = CARTESIAN_POINT('',(0.1,-5.08,3.911477598424));
#4808 = DIRECTION('',(-1.,1.110223024625E-16,0.));
#4809 = DIRECTION('',(0.,0.,1.));
#4810 = ADVANCED_FACE('',(#4811),#4822,.T.);
#4811 = FACE_BOUND('',#4812,.T.);
#4812 = EDGE_LOOP('',(#4813,#4819,#4820,#4821));
#4813 = ORIENTED_EDGE('',*,*,#4814,.F.);
#4814 = EDGE_CURVE('',#3357,#3381,#4815,.T.);
#4815 = LINE('',#4816,#4817);
#4816 = CARTESIAN_POINT('',(-0.1,-4.78,0.2));
#4817 = VECTOR('',#4818,1.);
#4818 = DIRECTION('',(1.,-1.110223024625E-16,0.));
#4819 = ORIENTED_EDGE('',*,*,#3364,.T.);
#4820 = ORIENTED_EDGE('',*,*,#3372,.T.);
#4821 = ORIENTED_EDGE('',*,*,#3380,.T.);
#4822 = PLANE('',#4823);
#4823 = AXIS2_PLACEMENT_3D('',#4824,#4825,#4826);
#4824 = CARTESIAN_POINT('',(-0.1,-5.38,0.2));
#4825 = DIRECTION('',(0.,-0.,-1.));
#4826 = DIRECTION('',(-1.110223024625E-16,-1.,0.));
#4827 = ADVANCED_FACE('',(#4828),#4869,.T.);
#4828 = FACE_BOUND('',#4829,.T.);
#4829 = EDGE_LOOP('',(#4830,#4838,#4839,#4847,#4855,#4863));
#4830 = ORIENTED_EDGE('',*,*,#4831,.T.);
#4831 = EDGE_CURVE('',#4832,#3349,#4834,.T.);
#4832 = VERTEX_POINT('',#4833);
#4833 = CARTESIAN_POINT('',(-0.1,-5.38,-2.5));
#4834 = LINE('',#4835,#4836);
#4835 = CARTESIAN_POINT('',(-0.1,-5.38,-2.5));
#4836 = VECTOR('',#4837,1.);
#4837 = DIRECTION('',(0.,0.,1.));
#4838 = ORIENTED_EDGE('',*,*,#3356,.F.);
#4839 = ORIENTED_EDGE('',*,*,#4840,.T.);
#4840 = EDGE_CURVE('',#3357,#4841,#4843,.T.);
#4841 = VERTEX_POINT('',#4842);
#4842 = CARTESIAN_POINT('',(-0.1,-4.78,-2.5));
#4843 = LINE('',#4844,#4845);
#4844 = CARTESIAN_POINT('',(-0.1,-4.78,0.2));
#4845 = VECTOR('',#4846,1.);
#4846 = DIRECTION('',(0.,0.,-1.));
#4847 = ORIENTED_EDGE('',*,*,#4848,.T.);
#4848 = EDGE_CURVE('',#4841,#4849,#4851,.T.);
#4849 = VERTEX_POINT('',#4850);
#4850 = CARTESIAN_POINT('',(-0.1,-4.93,-3.1));
#4851 = LINE('',#4852,#4853);
#4852 = CARTESIAN_POINT('',(-0.1,-4.78,-2.5));
#4853 = VECTOR('',#4854,1.);
#4854 = DIRECTION('',(-2.692686352073E-17,-0.242535625036,
    -0.970142500145));
#4855 = ORIENTED_EDGE('',*,*,#4856,.F.);
#4856 = EDGE_CURVE('',#4857,#4849,#4859,.T.);
#4857 = VERTEX_POINT('',#4858);
#4858 = CARTESIAN_POINT('',(-0.1,-5.23,-3.1));
#4859 = LINE('',#4860,#4861);
#4860 = CARTESIAN_POINT('',(-0.1,-5.23,-3.1));
#4861 = VECTOR('',#4862,1.);
#4862 = DIRECTION('',(1.110223024625E-16,1.,0.));
#4863 = ORIENTED_EDGE('',*,*,#4864,.T.);
#4864 = EDGE_CURVE('',#4857,#4832,#4865,.T.);
#4865 = LINE('',#4866,#4867);
#4866 = CARTESIAN_POINT('',(-0.1,-5.23,-3.1));
#4867 = VECTOR('',#4868,1.);
#4868 = DIRECTION('',(-2.692686352073E-17,-0.242535625036,0.970142500145
    ));
#4869 = PLANE('',#4870);
#4870 = AXIS2_PLACEMENT_3D('',#4871,#4872,#4873);
#4871 = CARTESIAN_POINT('',(-0.1,-5.08,3.911477598424));
#4872 = DIRECTION('',(-1.,1.110223024625E-16,0.));
#4873 = DIRECTION('',(0.,0.,1.));
#4874 = ADVANCED_FACE('',(#4875),#4886,.T.);
#4875 = FACE_BOUND('',#4876,.T.);
#4876 = EDGE_LOOP('',(#4877,#4878,#4879,#4885));
#4877 = ORIENTED_EDGE('',*,*,#3404,.F.);
#4878 = ORIENTED_EDGE('',*,*,#3414,.T.);
#4879 = ORIENTED_EDGE('',*,*,#4880,.T.);
#4880 = EDGE_CURVE('',#3415,#3455,#4881,.T.);
#4881 = LINE('',#4882,#4883);
#4882 = CARTESIAN_POINT('',(-0.1,-2.84,0.2));
#4883 = VECTOR('',#4884,1.);
#4884 = DIRECTION('',(1.,-1.110223024625E-16,0.));
#4885 = ORIENTED_EDGE('',*,*,#3462,.T.);
#4886 = PLANE('',#4887);
#4887 = AXIS2_PLACEMENT_3D('',#4888,#4889,#4890);
#4888 = CARTESIAN_POINT('',(-0.1,-2.84,0.2));
#4889 = DIRECTION('',(0.,-0.,-1.));
#4890 = DIRECTION('',(-1.110223024625E-16,-1.,0.));
#4891 = ADVANCED_FACE('',(#4892),#4933,.F.);
#4892 = FACE_BOUND('',#4893,.F.);
#4893 = EDGE_LOOP('',(#4894,#4902,#4903,#4911,#4919,#4927));
#4894 = ORIENTED_EDGE('',*,*,#4895,.T.);
#4895 = EDGE_CURVE('',#4896,#3455,#4898,.T.);
#4896 = VERTEX_POINT('',#4897);
#4897 = CARTESIAN_POINT('',(0.1,-2.84,-2.5));
#4898 = LINE('',#4899,#4900);
#4899 = CARTESIAN_POINT('',(0.1,-2.84,-2.5));
#4900 = VECTOR('',#4901,1.);
#4901 = DIRECTION('',(0.,0.,1.));
#4902 = ORIENTED_EDGE('',*,*,#3454,.F.);
#4903 = ORIENTED_EDGE('',*,*,#4904,.T.);
#4904 = EDGE_CURVE('',#3447,#4905,#4907,.T.);
#4905 = VERTEX_POINT('',#4906);
#4906 = CARTESIAN_POINT('',(0.1,-2.24,-2.5));
#4907 = LINE('',#4908,#4909);
#4908 = CARTESIAN_POINT('',(0.1,-2.24,0.2));
#4909 = VECTOR('',#4910,1.);
#4910 = DIRECTION('',(0.,0.,-1.));
#4911 = ORIENTED_EDGE('',*,*,#4912,.T.);
#4912 = EDGE_CURVE('',#4905,#4913,#4915,.T.);
#4913 = VERTEX_POINT('',#4914);
#4914 = CARTESIAN_POINT('',(0.1,-2.39,-3.1));
#4915 = LINE('',#4916,#4917);
#4916 = CARTESIAN_POINT('',(0.1,-2.24,-2.5));
#4917 = VECTOR('',#4918,1.);
#4918 = DIRECTION('',(-2.692686352073E-17,-0.242535625036,
    -0.970142500145));
#4919 = ORIENTED_EDGE('',*,*,#4920,.T.);
#4920 = EDGE_CURVE('',#4913,#4921,#4923,.T.);
#4921 = VERTEX_POINT('',#4922);
#4922 = CARTESIAN_POINT('',(0.1,-2.69,-3.1));
#4923 = LINE('',#4924,#4925);
#4924 = CARTESIAN_POINT('',(0.1,-2.39,-3.1));
#4925 = VECTOR('',#4926,1.);
#4926 = DIRECTION('',(-1.110223024625E-16,-1.,0.));
#4927 = ORIENTED_EDGE('',*,*,#4928,.T.);
#4928 = EDGE_CURVE('',#4921,#4896,#4929,.T.);
#4929 = LINE('',#4930,#4931);
#4930 = CARTESIAN_POINT('',(0.1,-2.69,-3.1));
#4931 = VECTOR('',#4932,1.);
#4932 = DIRECTION('',(-2.692686352073E-17,-0.242535625036,0.970142500145
    ));
#4933 = PLANE('',#4934);
#4934 = AXIS2_PLACEMENT_3D('',#4935,#4936,#4937);
#4935 = CARTESIAN_POINT('',(0.1,-2.54,3.911477598424));
#4936 = DIRECTION('',(-1.,1.110223024625E-16,0.));
#4937 = DIRECTION('',(0.,0.,1.));
#4938 = ADVANCED_FACE('',(#4939),#4950,.T.);
#4939 = FACE_BOUND('',#4940,.T.);
#4940 = EDGE_LOOP('',(#4941,#4947,#4948,#4949));
#4941 = ORIENTED_EDGE('',*,*,#4942,.F.);
#4942 = EDGE_CURVE('',#3423,#3447,#4943,.T.);
#4943 = LINE('',#4944,#4945);
#4944 = CARTESIAN_POINT('',(-0.1,-2.24,0.2));
#4945 = VECTOR('',#4946,1.);
#4946 = DIRECTION('',(1.,-1.110223024625E-16,0.));
#4947 = ORIENTED_EDGE('',*,*,#3430,.T.);
#4948 = ORIENTED_EDGE('',*,*,#3438,.T.);
#4949 = ORIENTED_EDGE('',*,*,#3446,.T.);
#4950 = PLANE('',#4951);
#4951 = AXIS2_PLACEMENT_3D('',#4952,#4953,#4954);
#4952 = CARTESIAN_POINT('',(-0.1,-2.84,0.2));
#4953 = DIRECTION('',(0.,-0.,-1.));
#4954 = DIRECTION('',(-1.110223024625E-16,-1.,0.));
#4955 = ADVANCED_FACE('',(#4956),#4997,.T.);
#4956 = FACE_BOUND('',#4957,.T.);
#4957 = EDGE_LOOP('',(#4958,#4966,#4967,#4975,#4983,#4991));
#4958 = ORIENTED_EDGE('',*,*,#4959,.T.);
#4959 = EDGE_CURVE('',#4960,#3415,#4962,.T.);
#4960 = VERTEX_POINT('',#4961);
#4961 = CARTESIAN_POINT('',(-0.1,-2.84,-2.5));
#4962 = LINE('',#4963,#4964);
#4963 = CARTESIAN_POINT('',(-0.1,-2.84,-2.5));
#4964 = VECTOR('',#4965,1.);
#4965 = DIRECTION('',(0.,0.,1.));
#4966 = ORIENTED_EDGE('',*,*,#3422,.F.);
#4967 = ORIENTED_EDGE('',*,*,#4968,.T.);
#4968 = EDGE_CURVE('',#3423,#4969,#4971,.T.);
#4969 = VERTEX_POINT('',#4970);
#4970 = CARTESIAN_POINT('',(-0.1,-2.24,-2.5));
#4971 = LINE('',#4972,#4973);
#4972 = CARTESIAN_POINT('',(-0.1,-2.24,0.2));
#4973 = VECTOR('',#4974,1.);
#4974 = DIRECTION('',(0.,0.,-1.));
#4975 = ORIENTED_EDGE('',*,*,#4976,.T.);
#4976 = EDGE_CURVE('',#4969,#4977,#4979,.T.);
#4977 = VERTEX_POINT('',#4978);
#4978 = CARTESIAN_POINT('',(-0.1,-2.39,-3.1));
#4979 = LINE('',#4980,#4981);
#4980 = CARTESIAN_POINT('',(-0.1,-2.24,-2.5));
#4981 = VECTOR('',#4982,1.);
#4982 = DIRECTION('',(-2.692686352073E-17,-0.242535625036,
    -0.970142500145));
#4983 = ORIENTED_EDGE('',*,*,#4984,.F.);
#4984 = EDGE_CURVE('',#4985,#4977,#4987,.T.);
#4985 = VERTEX_POINT('',#4986);
#4986 = CARTESIAN_POINT('',(-0.1,-2.69,-3.1));
#4987 = LINE('',#4988,#4989);
#4988 = CARTESIAN_POINT('',(-0.1,-2.69,-3.1));
#4989 = VECTOR('',#4990,1.);
#4990 = DIRECTION('',(1.110223024625E-16,1.,0.));
#4991 = ORIENTED_EDGE('',*,*,#4992,.T.);
#4992 = EDGE_CURVE('',#4985,#4960,#4993,.T.);
#4993 = LINE('',#4994,#4995);
#4994 = CARTESIAN_POINT('',(-0.1,-2.69,-3.1));
#4995 = VECTOR('',#4996,1.);
#4996 = DIRECTION('',(-2.692686352073E-17,-0.242535625036,0.970142500145
    ));
#4997 = PLANE('',#4998);
#4998 = AXIS2_PLACEMENT_3D('',#4999,#5000,#5001);
#4999 = CARTESIAN_POINT('',(-0.1,-2.54,3.911477598424));
#5000 = DIRECTION('',(-1.,1.110223024625E-16,0.));
#5001 = DIRECTION('',(0.,0.,1.));
#5002 = ADVANCED_FACE('',(#5003),#5014,.T.);
#5003 = FACE_BOUND('',#5004,.T.);
#5004 = EDGE_LOOP('',(#5005,#5006,#5007,#5013));
#5005 = ORIENTED_EDGE('',*,*,#3470,.F.);
#5006 = ORIENTED_EDGE('',*,*,#3480,.T.);
#5007 = ORIENTED_EDGE('',*,*,#5008,.T.);
#5008 = EDGE_CURVE('',#3481,#3521,#5009,.T.);
#5009 = LINE('',#5010,#5011);
#5010 = CARTESIAN_POINT('',(-0.1,-0.3,0.2));
#5011 = VECTOR('',#5012,1.);
#5012 = DIRECTION('',(1.,-1.110223024625E-16,0.));
#5013 = ORIENTED_EDGE('',*,*,#3528,.T.);
#5014 = PLANE('',#5015);
#5015 = AXIS2_PLACEMENT_3D('',#5016,#5017,#5018);
#5016 = CARTESIAN_POINT('',(-0.1,-0.3,0.2));
#5017 = DIRECTION('',(0.,-0.,-1.));
#5018 = DIRECTION('',(-1.110223024625E-16,-1.,0.));
#5019 = ADVANCED_FACE('',(#5020),#5061,.F.);
#5020 = FACE_BOUND('',#5021,.F.);
#5021 = EDGE_LOOP('',(#5022,#5030,#5031,#5039,#5047,#5055));
#5022 = ORIENTED_EDGE('',*,*,#5023,.T.);
#5023 = EDGE_CURVE('',#5024,#3521,#5026,.T.);
#5024 = VERTEX_POINT('',#5025);
#5025 = CARTESIAN_POINT('',(0.1,-0.3,-2.5));
#5026 = LINE('',#5027,#5028);
#5027 = CARTESIAN_POINT('',(0.1,-0.3,-2.5));
#5028 = VECTOR('',#5029,1.);
#5029 = DIRECTION('',(0.,0.,1.));
#5030 = ORIENTED_EDGE('',*,*,#3520,.F.);
#5031 = ORIENTED_EDGE('',*,*,#5032,.T.);
#5032 = EDGE_CURVE('',#3513,#5033,#5035,.T.);
#5033 = VERTEX_POINT('',#5034);
#5034 = CARTESIAN_POINT('',(0.1,0.3,-2.5));
#5035 = LINE('',#5036,#5037);
#5036 = CARTESIAN_POINT('',(0.1,0.3,0.2));
#5037 = VECTOR('',#5038,1.);
#5038 = DIRECTION('',(0.,0.,-1.));
#5039 = ORIENTED_EDGE('',*,*,#5040,.T.);
#5040 = EDGE_CURVE('',#5033,#5041,#5043,.T.);
#5041 = VERTEX_POINT('',#5042);
#5042 = CARTESIAN_POINT('',(0.1,0.15,-3.1));
#5043 = LINE('',#5044,#5045);
#5044 = CARTESIAN_POINT('',(0.1,0.3,-2.5));
#5045 = VECTOR('',#5046,1.);
#5046 = DIRECTION('',(-2.692686352073E-17,-0.242535625036,
    -0.970142500145));
#5047 = ORIENTED_EDGE('',*,*,#5048,.T.);
#5048 = EDGE_CURVE('',#5041,#5049,#5051,.T.);
#5049 = VERTEX_POINT('',#5050);
#5050 = CARTESIAN_POINT('',(0.1,-0.15,-3.1));
#5051 = LINE('',#5052,#5053);
#5052 = CARTESIAN_POINT('',(0.1,0.15,-3.1));
#5053 = VECTOR('',#5054,1.);
#5054 = DIRECTION('',(-1.110223024625E-16,-1.,0.));
#5055 = ORIENTED_EDGE('',*,*,#5056,.T.);
#5056 = EDGE_CURVE('',#5049,#5024,#5057,.T.);
#5057 = LINE('',#5058,#5059);
#5058 = CARTESIAN_POINT('',(0.1,-0.15,-3.1));
#5059 = VECTOR('',#5060,1.);
#5060 = DIRECTION('',(-2.692686352073E-17,-0.242535625036,0.970142500145
    ));
#5061 = PLANE('',#5062);
#5062 = AXIS2_PLACEMENT_3D('',#5063,#5064,#5065);
#5063 = CARTESIAN_POINT('',(0.1,-1.110223024625E-17,3.911477598424));
#5064 = DIRECTION('',(-1.,1.110223024625E-16,0.));
#5065 = DIRECTION('',(0.,0.,1.));
#5066 = ADVANCED_FACE('',(#5067),#5078,.T.);
#5067 = FACE_BOUND('',#5068,.T.);
#5068 = EDGE_LOOP('',(#5069,#5075,#5076,#5077));
#5069 = ORIENTED_EDGE('',*,*,#5070,.F.);
#5070 = EDGE_CURVE('',#3489,#3513,#5071,.T.);
#5071 = LINE('',#5072,#5073);
#5072 = CARTESIAN_POINT('',(-0.1,0.3,0.2));
#5073 = VECTOR('',#5074,1.);
#5074 = DIRECTION('',(1.,-1.110223024625E-16,0.));
#5075 = ORIENTED_EDGE('',*,*,#3496,.T.);
#5076 = ORIENTED_EDGE('',*,*,#3504,.T.);
#5077 = ORIENTED_EDGE('',*,*,#3512,.T.);
#5078 = PLANE('',#5079);
#5079 = AXIS2_PLACEMENT_3D('',#5080,#5081,#5082);
#5080 = CARTESIAN_POINT('',(-0.1,-0.3,0.2));
#5081 = DIRECTION('',(0.,-0.,-1.));
#5082 = DIRECTION('',(-1.110223024625E-16,-1.,0.));
#5083 = ADVANCED_FACE('',(#5084),#5125,.T.);
#5084 = FACE_BOUND('',#5085,.T.);
#5085 = EDGE_LOOP('',(#5086,#5094,#5095,#5103,#5111,#5119));
#5086 = ORIENTED_EDGE('',*,*,#5087,.T.);
#5087 = EDGE_CURVE('',#5088,#3481,#5090,.T.);
#5088 = VERTEX_POINT('',#5089);
#5089 = CARTESIAN_POINT('',(-0.1,-0.3,-2.5));
#5090 = LINE('',#5091,#5092);
#5091 = CARTESIAN_POINT('',(-0.1,-0.3,-2.5));
#5092 = VECTOR('',#5093,1.);
#5093 = DIRECTION('',(0.,0.,1.));
#5094 = ORIENTED_EDGE('',*,*,#3488,.F.);
#5095 = ORIENTED_EDGE('',*,*,#5096,.T.);
#5096 = EDGE_CURVE('',#3489,#5097,#5099,.T.);
#5097 = VERTEX_POINT('',#5098);
#5098 = CARTESIAN_POINT('',(-0.1,0.3,-2.5));
#5099 = LINE('',#5100,#5101);
#5100 = CARTESIAN_POINT('',(-0.1,0.3,0.2));
#5101 = VECTOR('',#5102,1.);
#5102 = DIRECTION('',(0.,0.,-1.));
#5103 = ORIENTED_EDGE('',*,*,#5104,.T.);
#5104 = EDGE_CURVE('',#5097,#5105,#5107,.T.);
#5105 = VERTEX_POINT('',#5106);
#5106 = CARTESIAN_POINT('',(-0.1,0.15,-3.1));
#5107 = LINE('',#5108,#5109);
#5108 = CARTESIAN_POINT('',(-0.1,0.3,-2.5));
#5109 = VECTOR('',#5110,1.);
#5110 = DIRECTION('',(-2.692686352073E-17,-0.242535625036,
    -0.970142500145));
#5111 = ORIENTED_EDGE('',*,*,#5112,.F.);
#5112 = EDGE_CURVE('',#5113,#5105,#5115,.T.);
#5113 = VERTEX_POINT('',#5114);
#5114 = CARTESIAN_POINT('',(-0.1,-0.15,-3.1));
#5115 = LINE('',#5116,#5117);
#5116 = CARTESIAN_POINT('',(-0.1,-0.15,-3.1));
#5117 = VECTOR('',#5118,1.);
#5118 = DIRECTION('',(1.110223024625E-16,1.,0.));
#5119 = ORIENTED_EDGE('',*,*,#5120,.T.);
#5120 = EDGE_CURVE('',#5113,#5088,#5121,.T.);
#5121 = LINE('',#5122,#5123);
#5122 = CARTESIAN_POINT('',(-0.1,-0.15,-3.1));
#5123 = VECTOR('',#5124,1.);
#5124 = DIRECTION('',(-2.692686352073E-17,-0.242535625036,0.970142500145
    ));
#5125 = PLANE('',#5126);
#5126 = AXIS2_PLACEMENT_3D('',#5127,#5128,#5129);
#5127 = CARTESIAN_POINT('',(-0.1,1.110223024625E-17,3.911477598424));
#5128 = DIRECTION('',(-1.,1.110223024625E-16,0.));
#5129 = DIRECTION('',(0.,0.,1.));
#5130 = ADVANCED_FACE('',(#5131),#5156,.F.);
#5131 = FACE_BOUND('',#5132,.F.);
#5132 = EDGE_LOOP('',(#5133,#5141,#5149,#5155));
#5133 = ORIENTED_EDGE('',*,*,#5134,.T.);
#5134 = EDGE_CURVE('',#3567,#5135,#5137,.T.);
#5135 = VERTEX_POINT('',#5136);
#5136 = CARTESIAN_POINT('',(0.3,-15.54,0.9));
#5137 = LINE('',#5138,#5139);
#5138 = CARTESIAN_POINT('',(0.3,-15.54,8.2));
#5139 = VECTOR('',#5140,1.);
#5140 = DIRECTION('',(0.,-0.,-1.));
#5141 = ORIENTED_EDGE('',*,*,#5142,.T.);
#5142 = EDGE_CURVE('',#5135,#5143,#5145,.T.);
#5143 = VERTEX_POINT('',#5144);
#5144 = CARTESIAN_POINT('',(0.3,-14.94,0.9));
#5145 = LINE('',#5146,#5147);
#5146 = CARTESIAN_POINT('',(0.3,-15.54,0.9));
#5147 = VECTOR('',#5148,1.);
#5148 = DIRECTION('',(1.110223024625E-16,1.,0.));
#5149 = ORIENTED_EDGE('',*,*,#5150,.F.);
#5150 = EDGE_CURVE('',#3576,#5143,#5151,.T.);
#5151 = LINE('',#5152,#5153);
#5152 = CARTESIAN_POINT('',(0.3,-14.94,8.2));
#5153 = VECTOR('',#5154,1.);
#5154 = DIRECTION('',(0.,-0.,-1.));
#5155 = ORIENTED_EDGE('',*,*,#3583,.F.);
#5156 = PLANE('',#5157);
#5157 = AXIS2_PLACEMENT_3D('',#5158,#5159,#5160);
#5158 = CARTESIAN_POINT('',(0.3,-15.54,8.2));
#5159 = DIRECTION('',(1.,-1.110223024625E-16,0.));
#5160 = DIRECTION('',(1.110223024625E-16,1.,0.));
#5161 = ADVANCED_FACE('',(#5162),#5212,.F.);
#5162 = FACE_BOUND('',#5163,.F.);
#5163 = EDGE_LOOP('',(#5164,#5165,#5166,#5174,#5182,#5190,#5198,#5206));
#5164 = ORIENTED_EDGE('',*,*,#3607,.F.);
#5165 = ORIENTED_EDGE('',*,*,#5150,.T.);
#5166 = ORIENTED_EDGE('',*,*,#5167,.T.);
#5167 = EDGE_CURVE('',#5143,#5168,#5170,.T.);
#5168 = VERTEX_POINT('',#5169);
#5169 = CARTESIAN_POINT('',(0.1,-14.94,0.9));
#5170 = LINE('',#5171,#5172);
#5171 = CARTESIAN_POINT('',(0.3,-14.94,0.9));
#5172 = VECTOR('',#5173,1.);
#5173 = DIRECTION('',(-1.,1.110223024625E-16,0.));
#5174 = ORIENTED_EDGE('',*,*,#5175,.T.);
#5175 = EDGE_CURVE('',#5168,#5176,#5178,.T.);
#5176 = VERTEX_POINT('',#5177);
#5177 = CARTESIAN_POINT('',(0.1,-14.94,7.4));
#5178 = LINE('',#5179,#5180);
#5179 = CARTESIAN_POINT('',(0.1,-14.94,6.055738799212));
#5180 = VECTOR('',#5181,1.);
#5181 = DIRECTION('',(0.,-0.,1.));
#5182 = ORIENTED_EDGE('',*,*,#5183,.F.);
#5183 = EDGE_CURVE('',#5184,#5176,#5186,.T.);
#5184 = VERTEX_POINT('',#5185);
#5185 = CARTESIAN_POINT('',(-0.1,-14.94,7.4));
#5186 = LINE('',#5187,#5188);
#5187 = CARTESIAN_POINT('',(-0.1,-14.94,7.4));
#5188 = VECTOR('',#5189,1.);
#5189 = DIRECTION('',(1.,-1.110223024625E-16,0.));
#5190 = ORIENTED_EDGE('',*,*,#5191,.F.);
#5191 = EDGE_CURVE('',#5192,#5184,#5194,.T.);
#5192 = VERTEX_POINT('',#5193);
#5193 = CARTESIAN_POINT('',(-0.1,-14.94,0.9));
#5194 = LINE('',#5195,#5196);
#5195 = CARTESIAN_POINT('',(-0.1,-14.94,6.055738799212));
#5196 = VECTOR('',#5197,1.);
#5197 = DIRECTION('',(0.,-0.,1.));
#5198 = ORIENTED_EDGE('',*,*,#5199,.T.);
#5199 = EDGE_CURVE('',#5192,#5200,#5202,.T.);
#5200 = VERTEX_POINT('',#5201);
#5201 = CARTESIAN_POINT('',(-0.3,-14.94,0.9));
#5202 = LINE('',#5203,#5204);
#5203 = CARTESIAN_POINT('',(0.3,-14.94,0.9));
#5204 = VECTOR('',#5205,1.);
#5205 = DIRECTION('',(-1.,1.110223024625E-16,0.));
#5206 = ORIENTED_EDGE('',*,*,#5207,.F.);
#5207 = EDGE_CURVE('',#3600,#5200,#5208,.T.);
#5208 = LINE('',#5209,#5210);
#5209 = CARTESIAN_POINT('',(-0.3,-14.94,8.2));
#5210 = VECTOR('',#5211,1.);
#5211 = DIRECTION('',(0.,-0.,-1.));
#5212 = PLANE('',#5213);
#5213 = AXIS2_PLACEMENT_3D('',#5214,#5215,#5216);
#5214 = CARTESIAN_POINT('',(0.3,-14.94,8.2));
#5215 = DIRECTION('',(1.110223024625E-16,1.,0.));
#5216 = DIRECTION('',(-1.,1.110223024625E-16,0.));
#5217 = ADVANCED_FACE('',(#5218),#5236,.F.);
#5218 = FACE_BOUND('',#5219,.F.);
#5219 = EDGE_LOOP('',(#5220,#5221,#5229,#5235));
#5220 = ORIENTED_EDGE('',*,*,#5207,.T.);
#5221 = ORIENTED_EDGE('',*,*,#5222,.T.);
#5222 = EDGE_CURVE('',#5200,#5223,#5225,.T.);
#5223 = VERTEX_POINT('',#5224);
#5224 = CARTESIAN_POINT('',(-0.3,-15.54,0.9));
#5225 = LINE('',#5226,#5227);
#5226 = CARTESIAN_POINT('',(-0.3,-14.94,0.9));
#5227 = VECTOR('',#5228,1.);
#5228 = DIRECTION('',(-1.110223024625E-16,-1.,0.));
#5229 = ORIENTED_EDGE('',*,*,#5230,.F.);
#5230 = EDGE_CURVE('',#3624,#5223,#5231,.T.);
#5231 = LINE('',#5232,#5233);
#5232 = CARTESIAN_POINT('',(-0.3,-15.54,8.2));
#5233 = VECTOR('',#5234,1.);
#5234 = DIRECTION('',(0.,-0.,-1.));
#5235 = ORIENTED_EDGE('',*,*,#3631,.F.);
#5236 = PLANE('',#5237);
#5237 = AXIS2_PLACEMENT_3D('',#5238,#5239,#5240);
#5238 = CARTESIAN_POINT('',(-0.3,-14.94,8.2));
#5239 = DIRECTION('',(-1.,1.110223024625E-16,0.));
#5240 = DIRECTION('',(-1.110223024625E-16,-1.,0.));
#5241 = ADVANCED_FACE('',(#5242),#5285,.F.);
#5242 = FACE_BOUND('',#5243,.F.);
#5243 = EDGE_LOOP('',(#5244,#5245,#5246,#5254,#5262,#5270,#5278,#5284));
#5244 = ORIENTED_EDGE('',*,*,#3648,.F.);
#5245 = ORIENTED_EDGE('',*,*,#5230,.T.);
#5246 = ORIENTED_EDGE('',*,*,#5247,.T.);
#5247 = EDGE_CURVE('',#5223,#5248,#5250,.T.);
#5248 = VERTEX_POINT('',#5249);
#5249 = CARTESIAN_POINT('',(-0.1,-15.54,0.9));
#5250 = LINE('',#5251,#5252);
#5251 = CARTESIAN_POINT('',(-0.3,-15.54,0.9));
#5252 = VECTOR('',#5253,1.);
#5253 = DIRECTION('',(1.,-1.110223024625E-16,0.));
#5254 = ORIENTED_EDGE('',*,*,#5255,.F.);
#5255 = EDGE_CURVE('',#5256,#5248,#5258,.T.);
#5256 = VERTEX_POINT('',#5257);
#5257 = CARTESIAN_POINT('',(-0.1,-15.54,7.4));
#5258 = LINE('',#5259,#5260);
#5259 = CARTESIAN_POINT('',(-0.1,-15.54,6.055738799212));
#5260 = VECTOR('',#5261,1.);
#5261 = DIRECTION('',(-0.,0.,-1.));
#5262 = ORIENTED_EDGE('',*,*,#5263,.T.);
#5263 = EDGE_CURVE('',#5256,#5264,#5266,.T.);
#5264 = VERTEX_POINT('',#5265);
#5265 = CARTESIAN_POINT('',(0.1,-15.54,7.4));
#5266 = LINE('',#5267,#5268);
#5267 = CARTESIAN_POINT('',(-0.1,-15.54,7.4));
#5268 = VECTOR('',#5269,1.);
#5269 = DIRECTION('',(1.,-1.110223024625E-16,0.));
#5270 = ORIENTED_EDGE('',*,*,#5271,.T.);
#5271 = EDGE_CURVE('',#5264,#5272,#5274,.T.);
#5272 = VERTEX_POINT('',#5273);
#5273 = CARTESIAN_POINT('',(0.1,-15.54,0.9));
#5274 = LINE('',#5275,#5276);
#5275 = CARTESIAN_POINT('',(0.1,-15.54,6.055738799212));
#5276 = VECTOR('',#5277,1.);
#5277 = DIRECTION('',(-0.,0.,-1.));
#5278 = ORIENTED_EDGE('',*,*,#5279,.T.);
#5279 = EDGE_CURVE('',#5272,#5135,#5280,.T.);
#5280 = LINE('',#5281,#5282);
#5281 = CARTESIAN_POINT('',(-0.3,-15.54,0.9));
#5282 = VECTOR('',#5283,1.);
#5283 = DIRECTION('',(1.,-1.110223024625E-16,0.));
#5284 = ORIENTED_EDGE('',*,*,#5134,.F.);
#5285 = PLANE('',#5286);
#5286 = AXIS2_PLACEMENT_3D('',#5287,#5288,#5289);
#5287 = CARTESIAN_POINT('',(-0.3,-15.54,8.2));
#5288 = DIRECTION('',(-1.110223024625E-16,-1.,0.));
#5289 = DIRECTION('',(1.,-1.110223024625E-16,0.));
#5290 = ADVANCED_FACE('',(#5291),#5316,.F.);
#5291 = FACE_BOUND('',#5292,.F.);
#5292 = EDGE_LOOP('',(#5293,#5301,#5309,#5315));
#5293 = ORIENTED_EDGE('',*,*,#5294,.T.);
#5294 = EDGE_CURVE('',#3663,#5295,#5297,.T.);
#5295 = VERTEX_POINT('',#5296);
#5296 = CARTESIAN_POINT('',(0.3,-13.,0.9));
#5297 = LINE('',#5298,#5299);
#5298 = CARTESIAN_POINT('',(0.3,-13.,8.2));
#5299 = VECTOR('',#5300,1.);
#5300 = DIRECTION('',(0.,-0.,-1.));
#5301 = ORIENTED_EDGE('',*,*,#5302,.T.);
#5302 = EDGE_CURVE('',#5295,#5303,#5305,.T.);
#5303 = VERTEX_POINT('',#5304);
#5304 = CARTESIAN_POINT('',(0.3,-12.4,0.9));
#5305 = LINE('',#5306,#5307);
#5306 = CARTESIAN_POINT('',(0.3,-13.,0.9));
#5307 = VECTOR('',#5308,1.);
#5308 = DIRECTION('',(1.110223024625E-16,1.,0.));
#5309 = ORIENTED_EDGE('',*,*,#5310,.F.);
#5310 = EDGE_CURVE('',#3672,#5303,#5311,.T.);
#5311 = LINE('',#5312,#5313);
#5312 = CARTESIAN_POINT('',(0.3,-12.4,8.2));
#5313 = VECTOR('',#5314,1.);
#5314 = DIRECTION('',(0.,-0.,-1.));
#5315 = ORIENTED_EDGE('',*,*,#3679,.F.);
#5316 = PLANE('',#5317);
#5317 = AXIS2_PLACEMENT_3D('',#5318,#5319,#5320);
#5318 = CARTESIAN_POINT('',(0.3,-13.,8.2));
#5319 = DIRECTION('',(1.,-1.110223024625E-16,0.));
#5320 = DIRECTION('',(1.110223024625E-16,1.,0.));
#5321 = ADVANCED_FACE('',(#5322),#5372,.F.);
#5322 = FACE_BOUND('',#5323,.F.);
#5323 = EDGE_LOOP('',(#5324,#5325,#5326,#5334,#5342,#5350,#5358,#5366));
#5324 = ORIENTED_EDGE('',*,*,#3703,.F.);
#5325 = ORIENTED_EDGE('',*,*,#5310,.T.);
#5326 = ORIENTED_EDGE('',*,*,#5327,.T.);
#5327 = EDGE_CURVE('',#5303,#5328,#5330,.T.);
#5328 = VERTEX_POINT('',#5329);
#5329 = CARTESIAN_POINT('',(0.1,-12.4,0.9));
#5330 = LINE('',#5331,#5332);
#5331 = CARTESIAN_POINT('',(0.3,-12.4,0.9));
#5332 = VECTOR('',#5333,1.);
#5333 = DIRECTION('',(-1.,1.110223024625E-16,0.));
#5334 = ORIENTED_EDGE('',*,*,#5335,.T.);
#5335 = EDGE_CURVE('',#5328,#5336,#5338,.T.);
#5336 = VERTEX_POINT('',#5337);
#5337 = CARTESIAN_POINT('',(0.1,-12.4,7.4));
#5338 = LINE('',#5339,#5340);
#5339 = CARTESIAN_POINT('',(0.1,-12.4,6.055738799212));
#5340 = VECTOR('',#5341,1.);
#5341 = DIRECTION('',(0.,-0.,1.));
#5342 = ORIENTED_EDGE('',*,*,#5343,.F.);
#5343 = EDGE_CURVE('',#5344,#5336,#5346,.T.);
#5344 = VERTEX_POINT('',#5345);
#5345 = CARTESIAN_POINT('',(-0.1,-12.4,7.4));
#5346 = LINE('',#5347,#5348);
#5347 = CARTESIAN_POINT('',(-0.1,-12.4,7.4));
#5348 = VECTOR('',#5349,1.);
#5349 = DIRECTION('',(1.,-1.110223024625E-16,0.));
#5350 = ORIENTED_EDGE('',*,*,#5351,.F.);
#5351 = EDGE_CURVE('',#5352,#5344,#5354,.T.);
#5352 = VERTEX_POINT('',#5353);
#5353 = CARTESIAN_POINT('',(-0.1,-12.4,0.9));
#5354 = LINE('',#5355,#5356);
#5355 = CARTESIAN_POINT('',(-0.1,-12.4,6.055738799212));
#5356 = VECTOR('',#5357,1.);
#5357 = DIRECTION('',(0.,-0.,1.));
#5358 = ORIENTED_EDGE('',*,*,#5359,.T.);
#5359 = EDGE_CURVE('',#5352,#5360,#5362,.T.);
#5360 = VERTEX_POINT('',#5361);
#5361 = CARTESIAN_POINT('',(-0.3,-12.4,0.9));
#5362 = LINE('',#5363,#5364);
#5363 = CARTESIAN_POINT('',(0.3,-12.4,0.9));
#5364 = VECTOR('',#5365,1.);
#5365 = DIRECTION('',(-1.,1.110223024625E-16,0.));
#5366 = ORIENTED_EDGE('',*,*,#5367,.F.);
#5367 = EDGE_CURVE('',#3696,#5360,#5368,.T.);
#5368 = LINE('',#5369,#5370);
#5369 = CARTESIAN_POINT('',(-0.3,-12.4,8.2));
#5370 = VECTOR('',#5371,1.);
#5371 = DIRECTION('',(0.,-0.,-1.));
#5372 = PLANE('',#5373);
#5373 = AXIS2_PLACEMENT_3D('',#5374,#5375,#5376);
#5374 = CARTESIAN_POINT('',(0.3,-12.4,8.2));
#5375 = DIRECTION('',(1.110223024625E-16,1.,0.));
#5376 = DIRECTION('',(-1.,1.110223024625E-16,0.));
#5377 = ADVANCED_FACE('',(#5378),#5396,.F.);
#5378 = FACE_BOUND('',#5379,.F.);
#5379 = EDGE_LOOP('',(#5380,#5381,#5389,#5395));
#5380 = ORIENTED_EDGE('',*,*,#5367,.T.);
#5381 = ORIENTED_EDGE('',*,*,#5382,.T.);
#5382 = EDGE_CURVE('',#5360,#5383,#5385,.T.);
#5383 = VERTEX_POINT('',#5384);
#5384 = CARTESIAN_POINT('',(-0.3,-13.,0.9));
#5385 = LINE('',#5386,#5387);
#5386 = CARTESIAN_POINT('',(-0.3,-12.4,0.9));
#5387 = VECTOR('',#5388,1.);
#5388 = DIRECTION('',(-1.110223024625E-16,-1.,0.));
#5389 = ORIENTED_EDGE('',*,*,#5390,.F.);
#5390 = EDGE_CURVE('',#3720,#5383,#5391,.T.);
#5391 = LINE('',#5392,#5393);
#5392 = CARTESIAN_POINT('',(-0.3,-13.,8.2));
#5393 = VECTOR('',#5394,1.);
#5394 = DIRECTION('',(0.,-0.,-1.));
#5395 = ORIENTED_EDGE('',*,*,#3727,.F.);
#5396 = PLANE('',#5397);
#5397 = AXIS2_PLACEMENT_3D('',#5398,#5399,#5400);
#5398 = CARTESIAN_POINT('',(-0.3,-12.4,8.2));
#5399 = DIRECTION('',(-1.,1.110223024625E-16,0.));
#5400 = DIRECTION('',(-1.110223024625E-16,-1.,0.));
#5401 = ADVANCED_FACE('',(#5402),#5445,.F.);
#5402 = FACE_BOUND('',#5403,.F.);
#5403 = EDGE_LOOP('',(#5404,#5405,#5406,#5414,#5422,#5430,#5438,#5444));
#5404 = ORIENTED_EDGE('',*,*,#3744,.F.);
#5405 = ORIENTED_EDGE('',*,*,#5390,.T.);
#5406 = ORIENTED_EDGE('',*,*,#5407,.T.);
#5407 = EDGE_CURVE('',#5383,#5408,#5410,.T.);
#5408 = VERTEX_POINT('',#5409);
#5409 = CARTESIAN_POINT('',(-0.1,-13.,0.9));
#5410 = LINE('',#5411,#5412);
#5411 = CARTESIAN_POINT('',(-0.3,-13.,0.9));
#5412 = VECTOR('',#5413,1.);
#5413 = DIRECTION('',(1.,-1.110223024625E-16,0.));
#5414 = ORIENTED_EDGE('',*,*,#5415,.F.);
#5415 = EDGE_CURVE('',#5416,#5408,#5418,.T.);
#5416 = VERTEX_POINT('',#5417);
#5417 = CARTESIAN_POINT('',(-0.1,-13.,7.4));
#5418 = LINE('',#5419,#5420);
#5419 = CARTESIAN_POINT('',(-0.1,-13.,6.055738799212));
#5420 = VECTOR('',#5421,1.);
#5421 = DIRECTION('',(-0.,0.,-1.));
#5422 = ORIENTED_EDGE('',*,*,#5423,.T.);
#5423 = EDGE_CURVE('',#5416,#5424,#5426,.T.);
#5424 = VERTEX_POINT('',#5425);
#5425 = CARTESIAN_POINT('',(0.1,-13.,7.4));
#5426 = LINE('',#5427,#5428);
#5427 = CARTESIAN_POINT('',(-0.1,-13.,7.4));
#5428 = VECTOR('',#5429,1.);
#5429 = DIRECTION('',(1.,-1.110223024625E-16,0.));
#5430 = ORIENTED_EDGE('',*,*,#5431,.T.);
#5431 = EDGE_CURVE('',#5424,#5432,#5434,.T.);
#5432 = VERTEX_POINT('',#5433);
#5433 = CARTESIAN_POINT('',(0.1,-13.,0.9));
#5434 = LINE('',#5435,#5436);
#5435 = CARTESIAN_POINT('',(0.1,-13.,6.055738799212));
#5436 = VECTOR('',#5437,1.);
#5437 = DIRECTION('',(-0.,0.,-1.));
#5438 = ORIENTED_EDGE('',*,*,#5439,.T.);
#5439 = EDGE_CURVE('',#5432,#5295,#5440,.T.);
#5440 = LINE('',#5441,#5442);
#5441 = CARTESIAN_POINT('',(-0.3,-13.,0.9));
#5442 = VECTOR('',#5443,1.);
#5443 = DIRECTION('',(1.,-1.110223024625E-16,0.));
#5444 = ORIENTED_EDGE('',*,*,#5294,.F.);
#5445 = PLANE('',#5446);
#5446 = AXIS2_PLACEMENT_3D('',#5447,#5448,#5449);
#5447 = CARTESIAN_POINT('',(-0.3,-13.,8.2));
#5448 = DIRECTION('',(-1.110223024625E-16,-1.,0.));
#5449 = DIRECTION('',(1.,-1.110223024625E-16,0.));
#5450 = ADVANCED_FACE('',(#5451),#5476,.F.);
#5451 = FACE_BOUND('',#5452,.F.);
#5452 = EDGE_LOOP('',(#5453,#5461,#5469,#5475));
#5453 = ORIENTED_EDGE('',*,*,#5454,.T.);
#5454 = EDGE_CURVE('',#3759,#5455,#5457,.T.);
#5455 = VERTEX_POINT('',#5456);
#5456 = CARTESIAN_POINT('',(0.3,-10.46,0.9));
#5457 = LINE('',#5458,#5459);
#5458 = CARTESIAN_POINT('',(0.3,-10.46,8.2));
#5459 = VECTOR('',#5460,1.);
#5460 = DIRECTION('',(0.,-0.,-1.));
#5461 = ORIENTED_EDGE('',*,*,#5462,.T.);
#5462 = EDGE_CURVE('',#5455,#5463,#5465,.T.);
#5463 = VERTEX_POINT('',#5464);
#5464 = CARTESIAN_POINT('',(0.3,-9.86,0.9));
#5465 = LINE('',#5466,#5467);
#5466 = CARTESIAN_POINT('',(0.3,-10.46,0.9));
#5467 = VECTOR('',#5468,1.);
#5468 = DIRECTION('',(1.110223024625E-16,1.,0.));
#5469 = ORIENTED_EDGE('',*,*,#5470,.F.);
#5470 = EDGE_CURVE('',#3768,#5463,#5471,.T.);
#5471 = LINE('',#5472,#5473);
#5472 = CARTESIAN_POINT('',(0.3,-9.86,8.2));
#5473 = VECTOR('',#5474,1.);
#5474 = DIRECTION('',(0.,-0.,-1.));
#5475 = ORIENTED_EDGE('',*,*,#3775,.F.);
#5476 = PLANE('',#5477);
#5477 = AXIS2_PLACEMENT_3D('',#5478,#5479,#5480);
#5478 = CARTESIAN_POINT('',(0.3,-10.46,8.2));
#5479 = DIRECTION('',(1.,-1.110223024625E-16,0.));
#5480 = DIRECTION('',(1.110223024625E-16,1.,0.));
#5481 = ADVANCED_FACE('',(#5482),#5532,.F.);
#5482 = FACE_BOUND('',#5483,.F.);
#5483 = EDGE_LOOP('',(#5484,#5485,#5486,#5494,#5502,#5510,#5518,#5526));
#5484 = ORIENTED_EDGE('',*,*,#3799,.F.);
#5485 = ORIENTED_EDGE('',*,*,#5470,.T.);
#5486 = ORIENTED_EDGE('',*,*,#5487,.T.);
#5487 = EDGE_CURVE('',#5463,#5488,#5490,.T.);
#5488 = VERTEX_POINT('',#5489);
#5489 = CARTESIAN_POINT('',(0.1,-9.86,0.9));
#5490 = LINE('',#5491,#5492);
#5491 = CARTESIAN_POINT('',(0.3,-9.86,0.9));
#5492 = VECTOR('',#5493,1.);
#5493 = DIRECTION('',(-1.,1.110223024625E-16,0.));
#5494 = ORIENTED_EDGE('',*,*,#5495,.T.);
#5495 = EDGE_CURVE('',#5488,#5496,#5498,.T.);
#5496 = VERTEX_POINT('',#5497);
#5497 = CARTESIAN_POINT('',(0.1,-9.86,7.4));
#5498 = LINE('',#5499,#5500);
#5499 = CARTESIAN_POINT('',(0.1,-9.86,6.055738799212));
#5500 = VECTOR('',#5501,1.);
#5501 = DIRECTION('',(0.,-0.,1.));
#5502 = ORIENTED_EDGE('',*,*,#5503,.F.);
#5503 = EDGE_CURVE('',#5504,#5496,#5506,.T.);
#5504 = VERTEX_POINT('',#5505);
#5505 = CARTESIAN_POINT('',(-0.1,-9.86,7.4));
#5506 = LINE('',#5507,#5508);
#5507 = CARTESIAN_POINT('',(-0.1,-9.86,7.4));
#5508 = VECTOR('',#5509,1.);
#5509 = DIRECTION('',(1.,-1.110223024625E-16,0.));
#5510 = ORIENTED_EDGE('',*,*,#5511,.F.);
#5511 = EDGE_CURVE('',#5512,#5504,#5514,.T.);
#5512 = VERTEX_POINT('',#5513);
#5513 = CARTESIAN_POINT('',(-0.1,-9.86,0.9));
#5514 = LINE('',#5515,#5516);
#5515 = CARTESIAN_POINT('',(-0.1,-9.86,6.055738799212));
#5516 = VECTOR('',#5517,1.);
#5517 = DIRECTION('',(0.,-0.,1.));
#5518 = ORIENTED_EDGE('',*,*,#5519,.T.);
#5519 = EDGE_CURVE('',#5512,#5520,#5522,.T.);
#5520 = VERTEX_POINT('',#5521);
#5521 = CARTESIAN_POINT('',(-0.3,-9.86,0.9));
#5522 = LINE('',#5523,#5524);
#5523 = CARTESIAN_POINT('',(0.3,-9.86,0.9));
#5524 = VECTOR('',#5525,1.);
#5525 = DIRECTION('',(-1.,1.110223024625E-16,0.));
#5526 = ORIENTED_EDGE('',*,*,#5527,.F.);
#5527 = EDGE_CURVE('',#3792,#5520,#5528,.T.);
#5528 = LINE('',#5529,#5530);
#5529 = CARTESIAN_POINT('',(-0.3,-9.86,8.2));
#5530 = VECTOR('',#5531,1.);
#5531 = DIRECTION('',(0.,-0.,-1.));
#5532 = PLANE('',#5533);
#5533 = AXIS2_PLACEMENT_3D('',#5534,#5535,#5536);
#5534 = CARTESIAN_POINT('',(0.3,-9.86,8.2));
#5535 = DIRECTION('',(1.110223024625E-16,1.,0.));
#5536 = DIRECTION('',(-1.,1.110223024625E-16,0.));
#5537 = ADVANCED_FACE('',(#5538),#5556,.F.);
#5538 = FACE_BOUND('',#5539,.F.);
#5539 = EDGE_LOOP('',(#5540,#5541,#5549,#5555));
#5540 = ORIENTED_EDGE('',*,*,#5527,.T.);
#5541 = ORIENTED_EDGE('',*,*,#5542,.T.);
#5542 = EDGE_CURVE('',#5520,#5543,#5545,.T.);
#5543 = VERTEX_POINT('',#5544);
#5544 = CARTESIAN_POINT('',(-0.3,-10.46,0.9));
#5545 = LINE('',#5546,#5547);
#5546 = CARTESIAN_POINT('',(-0.3,-9.86,0.9));
#5547 = VECTOR('',#5548,1.);
#5548 = DIRECTION('',(-1.110223024625E-16,-1.,0.));
#5549 = ORIENTED_EDGE('',*,*,#5550,.F.);
#5550 = EDGE_CURVE('',#3816,#5543,#5551,.T.);
#5551 = LINE('',#5552,#5553);
#5552 = CARTESIAN_POINT('',(-0.3,-10.46,8.2));
#5553 = VECTOR('',#5554,1.);
#5554 = DIRECTION('',(0.,-0.,-1.));
#5555 = ORIENTED_EDGE('',*,*,#3823,.F.);
#5556 = PLANE('',#5557);
#5557 = AXIS2_PLACEMENT_3D('',#5558,#5559,#5560);
#5558 = CARTESIAN_POINT('',(-0.3,-9.86,8.2));
#5559 = DIRECTION('',(-1.,1.110223024625E-16,0.));
#5560 = DIRECTION('',(-1.110223024625E-16,-1.,0.));
#5561 = ADVANCED_FACE('',(#5562),#5605,.F.);
#5562 = FACE_BOUND('',#5563,.F.);
#5563 = EDGE_LOOP('',(#5564,#5565,#5566,#5574,#5582,#5590,#5598,#5604));
#5564 = ORIENTED_EDGE('',*,*,#3840,.F.);
#5565 = ORIENTED_EDGE('',*,*,#5550,.T.);
#5566 = ORIENTED_EDGE('',*,*,#5567,.T.);
#5567 = EDGE_CURVE('',#5543,#5568,#5570,.T.);
#5568 = VERTEX_POINT('',#5569);
#5569 = CARTESIAN_POINT('',(-0.1,-10.46,0.9));
#5570 = LINE('',#5571,#5572);
#5571 = CARTESIAN_POINT('',(-0.3,-10.46,0.9));
#5572 = VECTOR('',#5573,1.);
#5573 = DIRECTION('',(1.,-1.110223024625E-16,0.));
#5574 = ORIENTED_EDGE('',*,*,#5575,.F.);
#5575 = EDGE_CURVE('',#5576,#5568,#5578,.T.);
#5576 = VERTEX_POINT('',#5577);
#5577 = CARTESIAN_POINT('',(-0.1,-10.46,7.4));
#5578 = LINE('',#5579,#5580);
#5579 = CARTESIAN_POINT('',(-0.1,-10.46,6.055738799212));
#5580 = VECTOR('',#5581,1.);
#5581 = DIRECTION('',(-0.,0.,-1.));
#5582 = ORIENTED_EDGE('',*,*,#5583,.T.);
#5583 = EDGE_CURVE('',#5576,#5584,#5586,.T.);
#5584 = VERTEX_POINT('',#5585);
#5585 = CARTESIAN_POINT('',(0.1,-10.46,7.4));
#5586 = LINE('',#5587,#5588);
#5587 = CARTESIAN_POINT('',(-0.1,-10.46,7.4));
#5588 = VECTOR('',#5589,1.);
#5589 = DIRECTION('',(1.,-1.110223024625E-16,0.));
#5590 = ORIENTED_EDGE('',*,*,#5591,.T.);
#5591 = EDGE_CURVE('',#5584,#5592,#5594,.T.);
#5592 = VERTEX_POINT('',#5593);
#5593 = CARTESIAN_POINT('',(0.1,-10.46,0.9));
#5594 = LINE('',#5595,#5596);
#5595 = CARTESIAN_POINT('',(0.1,-10.46,6.055738799212));
#5596 = VECTOR('',#5597,1.);
#5597 = DIRECTION('',(-0.,0.,-1.));
#5598 = ORIENTED_EDGE('',*,*,#5599,.T.);
#5599 = EDGE_CURVE('',#5592,#5455,#5600,.T.);
#5600 = LINE('',#5601,#5602);
#5601 = CARTESIAN_POINT('',(-0.3,-10.46,0.9));
#5602 = VECTOR('',#5603,1.);
#5603 = DIRECTION('',(1.,-1.110223024625E-16,0.));
#5604 = ORIENTED_EDGE('',*,*,#5454,.F.);
#5605 = PLANE('',#5606);
#5606 = AXIS2_PLACEMENT_3D('',#5607,#5608,#5609);
#5607 = CARTESIAN_POINT('',(-0.3,-10.46,8.2));
#5608 = DIRECTION('',(-1.110223024625E-16,-1.,0.));
#5609 = DIRECTION('',(1.,-1.110223024625E-16,0.));
#5610 = ADVANCED_FACE('',(#5611),#5636,.F.);
#5611 = FACE_BOUND('',#5612,.F.);
#5612 = EDGE_LOOP('',(#5613,#5621,#5629,#5635));
#5613 = ORIENTED_EDGE('',*,*,#5614,.T.);
#5614 = EDGE_CURVE('',#3855,#5615,#5617,.T.);
#5615 = VERTEX_POINT('',#5616);
#5616 = CARTESIAN_POINT('',(0.3,-7.92,0.9));
#5617 = LINE('',#5618,#5619);
#5618 = CARTESIAN_POINT('',(0.3,-7.92,8.2));
#5619 = VECTOR('',#5620,1.);
#5620 = DIRECTION('',(0.,-0.,-1.));
#5621 = ORIENTED_EDGE('',*,*,#5622,.T.);
#5622 = EDGE_CURVE('',#5615,#5623,#5625,.T.);
#5623 = VERTEX_POINT('',#5624);
#5624 = CARTESIAN_POINT('',(0.3,-7.32,0.9));
#5625 = LINE('',#5626,#5627);
#5626 = CARTESIAN_POINT('',(0.3,-7.92,0.9));
#5627 = VECTOR('',#5628,1.);
#5628 = DIRECTION('',(1.110223024625E-16,1.,0.));
#5629 = ORIENTED_EDGE('',*,*,#5630,.F.);
#5630 = EDGE_CURVE('',#3864,#5623,#5631,.T.);
#5631 = LINE('',#5632,#5633);
#5632 = CARTESIAN_POINT('',(0.3,-7.32,8.2));
#5633 = VECTOR('',#5634,1.);
#5634 = DIRECTION('',(0.,-0.,-1.));
#5635 = ORIENTED_EDGE('',*,*,#3871,.F.);
#5636 = PLANE('',#5637);
#5637 = AXIS2_PLACEMENT_3D('',#5638,#5639,#5640);
#5638 = CARTESIAN_POINT('',(0.3,-7.92,8.2));
#5639 = DIRECTION('',(1.,-1.110223024625E-16,0.));
#5640 = DIRECTION('',(1.110223024625E-16,1.,0.));
#5641 = ADVANCED_FACE('',(#5642),#5692,.F.);
#5642 = FACE_BOUND('',#5643,.F.);
#5643 = EDGE_LOOP('',(#5644,#5645,#5646,#5654,#5662,#5670,#5678,#5686));
#5644 = ORIENTED_EDGE('',*,*,#3895,.F.);
#5645 = ORIENTED_EDGE('',*,*,#5630,.T.);
#5646 = ORIENTED_EDGE('',*,*,#5647,.T.);
#5647 = EDGE_CURVE('',#5623,#5648,#5650,.T.);
#5648 = VERTEX_POINT('',#5649);
#5649 = CARTESIAN_POINT('',(0.1,-7.32,0.9));
#5650 = LINE('',#5651,#5652);
#5651 = CARTESIAN_POINT('',(0.3,-7.32,0.9));
#5652 = VECTOR('',#5653,1.);
#5653 = DIRECTION('',(-1.,1.110223024625E-16,0.));
#5654 = ORIENTED_EDGE('',*,*,#5655,.T.);
#5655 = EDGE_CURVE('',#5648,#5656,#5658,.T.);
#5656 = VERTEX_POINT('',#5657);
#5657 = CARTESIAN_POINT('',(0.1,-7.32,7.4));
#5658 = LINE('',#5659,#5660);
#5659 = CARTESIAN_POINT('',(0.1,-7.32,6.055738799212));
#5660 = VECTOR('',#5661,1.);
#5661 = DIRECTION('',(0.,-0.,1.));
#5662 = ORIENTED_EDGE('',*,*,#5663,.F.);
#5663 = EDGE_CURVE('',#5664,#5656,#5666,.T.);
#5664 = VERTEX_POINT('',#5665);
#5665 = CARTESIAN_POINT('',(-0.1,-7.32,7.4));
#5666 = LINE('',#5667,#5668);
#5667 = CARTESIAN_POINT('',(-0.1,-7.32,7.4));
#5668 = VECTOR('',#5669,1.);
#5669 = DIRECTION('',(1.,-1.110223024625E-16,0.));
#5670 = ORIENTED_EDGE('',*,*,#5671,.F.);
#5671 = EDGE_CURVE('',#5672,#5664,#5674,.T.);
#5672 = VERTEX_POINT('',#5673);
#5673 = CARTESIAN_POINT('',(-0.1,-7.32,0.9));
#5674 = LINE('',#5675,#5676);
#5675 = CARTESIAN_POINT('',(-0.1,-7.32,6.055738799212));
#5676 = VECTOR('',#5677,1.);
#5677 = DIRECTION('',(0.,-0.,1.));
#5678 = ORIENTED_EDGE('',*,*,#5679,.T.);
#5679 = EDGE_CURVE('',#5672,#5680,#5682,.T.);
#5680 = VERTEX_POINT('',#5681);
#5681 = CARTESIAN_POINT('',(-0.3,-7.32,0.9));
#5682 = LINE('',#5683,#5684);
#5683 = CARTESIAN_POINT('',(0.3,-7.32,0.9));
#5684 = VECTOR('',#5685,1.);
#5685 = DIRECTION('',(-1.,1.110223024625E-16,0.));
#5686 = ORIENTED_EDGE('',*,*,#5687,.F.);
#5687 = EDGE_CURVE('',#3888,#5680,#5688,.T.);
#5688 = LINE('',#5689,#5690);
#5689 = CARTESIAN_POINT('',(-0.3,-7.32,8.2));
#5690 = VECTOR('',#5691,1.);
#5691 = DIRECTION('',(0.,-0.,-1.));
#5692 = PLANE('',#5693);
#5693 = AXIS2_PLACEMENT_3D('',#5694,#5695,#5696);
#5694 = CARTESIAN_POINT('',(0.3,-7.32,8.2));
#5695 = DIRECTION('',(1.110223024625E-16,1.,0.));
#5696 = DIRECTION('',(-1.,1.110223024625E-16,0.));
#5697 = ADVANCED_FACE('',(#5698),#5716,.F.);
#5698 = FACE_BOUND('',#5699,.F.);
#5699 = EDGE_LOOP('',(#5700,#5701,#5709,#5715));
#5700 = ORIENTED_EDGE('',*,*,#5687,.T.);
#5701 = ORIENTED_EDGE('',*,*,#5702,.T.);
#5702 = EDGE_CURVE('',#5680,#5703,#5705,.T.);
#5703 = VERTEX_POINT('',#5704);
#5704 = CARTESIAN_POINT('',(-0.3,-7.92,0.9));
#5705 = LINE('',#5706,#5707);
#5706 = CARTESIAN_POINT('',(-0.3,-7.32,0.9));
#5707 = VECTOR('',#5708,1.);
#5708 = DIRECTION('',(-1.110223024625E-16,-1.,0.));
#5709 = ORIENTED_EDGE('',*,*,#5710,.F.);
#5710 = EDGE_CURVE('',#3912,#5703,#5711,.T.);
#5711 = LINE('',#5712,#5713);
#5712 = CARTESIAN_POINT('',(-0.3,-7.92,8.2));
#5713 = VECTOR('',#5714,1.);
#5714 = DIRECTION('',(0.,-0.,-1.));
#5715 = ORIENTED_EDGE('',*,*,#3919,.F.);
#5716 = PLANE('',#5717);
#5717 = AXIS2_PLACEMENT_3D('',#5718,#5719,#5720);
#5718 = CARTESIAN_POINT('',(-0.3,-7.32,8.2));
#5719 = DIRECTION('',(-1.,1.110223024625E-16,0.));
#5720 = DIRECTION('',(-1.110223024625E-16,-1.,0.));
#5721 = ADVANCED_FACE('',(#5722),#5765,.F.);
#5722 = FACE_BOUND('',#5723,.F.);
#5723 = EDGE_LOOP('',(#5724,#5725,#5726,#5734,#5742,#5750,#5758,#5764));
#5724 = ORIENTED_EDGE('',*,*,#3936,.F.);
#5725 = ORIENTED_EDGE('',*,*,#5710,.T.);
#5726 = ORIENTED_EDGE('',*,*,#5727,.T.);
#5727 = EDGE_CURVE('',#5703,#5728,#5730,.T.);
#5728 = VERTEX_POINT('',#5729);
#5729 = CARTESIAN_POINT('',(-0.1,-7.92,0.9));
#5730 = LINE('',#5731,#5732);
#5731 = CARTESIAN_POINT('',(-0.3,-7.92,0.9));
#5732 = VECTOR('',#5733,1.);
#5733 = DIRECTION('',(1.,-1.110223024625E-16,0.));
#5734 = ORIENTED_EDGE('',*,*,#5735,.F.);
#5735 = EDGE_CURVE('',#5736,#5728,#5738,.T.);
#5736 = VERTEX_POINT('',#5737);
#5737 = CARTESIAN_POINT('',(-0.1,-7.92,7.4));
#5738 = LINE('',#5739,#5740);
#5739 = CARTESIAN_POINT('',(-0.1,-7.92,6.055738799212));
#5740 = VECTOR('',#5741,1.);
#5741 = DIRECTION('',(-0.,0.,-1.));
#5742 = ORIENTED_EDGE('',*,*,#5743,.T.);
#5743 = EDGE_CURVE('',#5736,#5744,#5746,.T.);
#5744 = VERTEX_POINT('',#5745);
#5745 = CARTESIAN_POINT('',(0.1,-7.92,7.4));
#5746 = LINE('',#5747,#5748);
#5747 = CARTESIAN_POINT('',(-0.1,-7.92,7.4));
#5748 = VECTOR('',#5749,1.);
#5749 = DIRECTION('',(1.,-1.110223024625E-16,0.));
#5750 = ORIENTED_EDGE('',*,*,#5751,.T.);
#5751 = EDGE_CURVE('',#5744,#5752,#5754,.T.);
#5752 = VERTEX_POINT('',#5753);
#5753 = CARTESIAN_POINT('',(0.1,-7.92,0.9));
#5754 = LINE('',#5755,#5756);
#5755 = CARTESIAN_POINT('',(0.1,-7.92,6.055738799212));
#5756 = VECTOR('',#5757,1.);
#5757 = DIRECTION('',(-0.,0.,-1.));
#5758 = ORIENTED_EDGE('',*,*,#5759,.T.);
#5759 = EDGE_CURVE('',#5752,#5615,#5760,.T.);
#5760 = LINE('',#5761,#5762);
#5761 = CARTESIAN_POINT('',(-0.3,-7.92,0.9));
#5762 = VECTOR('',#5763,1.);
#5763 = DIRECTION('',(1.,-1.110223024625E-16,0.));
#5764 = ORIENTED_EDGE('',*,*,#5614,.F.);
#5765 = PLANE('',#5766);
#5766 = AXIS2_PLACEMENT_3D('',#5767,#5768,#5769);
#5767 = CARTESIAN_POINT('',(-0.3,-7.92,8.2));
#5768 = DIRECTION('',(-1.110223024625E-16,-1.,0.));
#5769 = DIRECTION('',(1.,-1.110223024625E-16,0.));
#5770 = ADVANCED_FACE('',(#5771),#5796,.F.);
#5771 = FACE_BOUND('',#5772,.F.);
#5772 = EDGE_LOOP('',(#5773,#5781,#5789,#5795));
#5773 = ORIENTED_EDGE('',*,*,#5774,.T.);
#5774 = EDGE_CURVE('',#3951,#5775,#5777,.T.);
#5775 = VERTEX_POINT('',#5776);
#5776 = CARTESIAN_POINT('',(0.3,-5.38,0.9));
#5777 = LINE('',#5778,#5779);
#5778 = CARTESIAN_POINT('',(0.3,-5.38,8.2));
#5779 = VECTOR('',#5780,1.);
#5780 = DIRECTION('',(0.,-0.,-1.));
#5781 = ORIENTED_EDGE('',*,*,#5782,.T.);
#5782 = EDGE_CURVE('',#5775,#5783,#5785,.T.);
#5783 = VERTEX_POINT('',#5784);
#5784 = CARTESIAN_POINT('',(0.3,-4.78,0.9));
#5785 = LINE('',#5786,#5787);
#5786 = CARTESIAN_POINT('',(0.3,-5.38,0.9));
#5787 = VECTOR('',#5788,1.);
#5788 = DIRECTION('',(1.110223024625E-16,1.,0.));
#5789 = ORIENTED_EDGE('',*,*,#5790,.F.);
#5790 = EDGE_CURVE('',#3960,#5783,#5791,.T.);
#5791 = LINE('',#5792,#5793);
#5792 = CARTESIAN_POINT('',(0.3,-4.78,8.2));
#5793 = VECTOR('',#5794,1.);
#5794 = DIRECTION('',(0.,-0.,-1.));
#5795 = ORIENTED_EDGE('',*,*,#3967,.F.);
#5796 = PLANE('',#5797);
#5797 = AXIS2_PLACEMENT_3D('',#5798,#5799,#5800);
#5798 = CARTESIAN_POINT('',(0.3,-5.38,8.2));
#5799 = DIRECTION('',(1.,-1.110223024625E-16,0.));
#5800 = DIRECTION('',(1.110223024625E-16,1.,0.));
#5801 = ADVANCED_FACE('',(#5802),#5852,.F.);
#5802 = FACE_BOUND('',#5803,.F.);
#5803 = EDGE_LOOP('',(#5804,#5805,#5806,#5814,#5822,#5830,#5838,#5846));
#5804 = ORIENTED_EDGE('',*,*,#3991,.F.);
#5805 = ORIENTED_EDGE('',*,*,#5790,.T.);
#5806 = ORIENTED_EDGE('',*,*,#5807,.T.);
#5807 = EDGE_CURVE('',#5783,#5808,#5810,.T.);
#5808 = VERTEX_POINT('',#5809);
#5809 = CARTESIAN_POINT('',(0.1,-4.78,0.9));
#5810 = LINE('',#5811,#5812);
#5811 = CARTESIAN_POINT('',(0.3,-4.78,0.9));
#5812 = VECTOR('',#5813,1.);
#5813 = DIRECTION('',(-1.,1.110223024625E-16,0.));
#5814 = ORIENTED_EDGE('',*,*,#5815,.T.);
#5815 = EDGE_CURVE('',#5808,#5816,#5818,.T.);
#5816 = VERTEX_POINT('',#5817);
#5817 = CARTESIAN_POINT('',(0.1,-4.78,7.4));
#5818 = LINE('',#5819,#5820);
#5819 = CARTESIAN_POINT('',(0.1,-4.78,6.055738799212));
#5820 = VECTOR('',#5821,1.);
#5821 = DIRECTION('',(0.,-0.,1.));
#5822 = ORIENTED_EDGE('',*,*,#5823,.F.);
#5823 = EDGE_CURVE('',#5824,#5816,#5826,.T.);
#5824 = VERTEX_POINT('',#5825);
#5825 = CARTESIAN_POINT('',(-0.1,-4.78,7.4));
#5826 = LINE('',#5827,#5828);
#5827 = CARTESIAN_POINT('',(-0.1,-4.78,7.4));
#5828 = VECTOR('',#5829,1.);
#5829 = DIRECTION('',(1.,-1.110223024625E-16,0.));
#5830 = ORIENTED_EDGE('',*,*,#5831,.F.);
#5831 = EDGE_CURVE('',#5832,#5824,#5834,.T.);
#5832 = VERTEX_POINT('',#5833);
#5833 = CARTESIAN_POINT('',(-0.1,-4.78,0.9));
#5834 = LINE('',#5835,#5836);
#5835 = CARTESIAN_POINT('',(-0.1,-4.78,6.055738799212));
#5836 = VECTOR('',#5837,1.);
#5837 = DIRECTION('',(0.,-0.,1.));
#5838 = ORIENTED_EDGE('',*,*,#5839,.T.);
#5839 = EDGE_CURVE('',#5832,#5840,#5842,.T.);
#5840 = VERTEX_POINT('',#5841);
#5841 = CARTESIAN_POINT('',(-0.3,-4.78,0.9));
#5842 = LINE('',#5843,#5844);
#5843 = CARTESIAN_POINT('',(0.3,-4.78,0.9));
#5844 = VECTOR('',#5845,1.);
#5845 = DIRECTION('',(-1.,1.110223024625E-16,0.));
#5846 = ORIENTED_EDGE('',*,*,#5847,.F.);
#5847 = EDGE_CURVE('',#3984,#5840,#5848,.T.);
#5848 = LINE('',#5849,#5850);
#5849 = CARTESIAN_POINT('',(-0.3,-4.78,8.2));
#5850 = VECTOR('',#5851,1.);
#5851 = DIRECTION('',(0.,-0.,-1.));
#5852 = PLANE('',#5853);
#5853 = AXIS2_PLACEMENT_3D('',#5854,#5855,#5856);
#5854 = CARTESIAN_POINT('',(0.3,-4.78,8.2));
#5855 = DIRECTION('',(1.110223024625E-16,1.,0.));
#5856 = DIRECTION('',(-1.,1.110223024625E-16,0.));
#5857 = ADVANCED_FACE('',(#5858),#5876,.F.);
#5858 = FACE_BOUND('',#5859,.F.);
#5859 = EDGE_LOOP('',(#5860,#5861,#5869,#5875));
#5860 = ORIENTED_EDGE('',*,*,#5847,.T.);
#5861 = ORIENTED_EDGE('',*,*,#5862,.T.);
#5862 = EDGE_CURVE('',#5840,#5863,#5865,.T.);
#5863 = VERTEX_POINT('',#5864);
#5864 = CARTESIAN_POINT('',(-0.3,-5.38,0.9));
#5865 = LINE('',#5866,#5867);
#5866 = CARTESIAN_POINT('',(-0.3,-4.78,0.9));
#5867 = VECTOR('',#5868,1.);
#5868 = DIRECTION('',(-1.110223024625E-16,-1.,0.));
#5869 = ORIENTED_EDGE('',*,*,#5870,.F.);
#5870 = EDGE_CURVE('',#4008,#5863,#5871,.T.);
#5871 = LINE('',#5872,#5873);
#5872 = CARTESIAN_POINT('',(-0.3,-5.38,8.2));
#5873 = VECTOR('',#5874,1.);
#5874 = DIRECTION('',(0.,-0.,-1.));
#5875 = ORIENTED_EDGE('',*,*,#4015,.F.);
#5876 = PLANE('',#5877);
#5877 = AXIS2_PLACEMENT_3D('',#5878,#5879,#5880);
#5878 = CARTESIAN_POINT('',(-0.3,-4.78,8.2));
#5879 = DIRECTION('',(-1.,1.110223024625E-16,0.));
#5880 = DIRECTION('',(-1.110223024625E-16,-1.,0.));
#5881 = ADVANCED_FACE('',(#5882),#5925,.F.);
#5882 = FACE_BOUND('',#5883,.F.);
#5883 = EDGE_LOOP('',(#5884,#5885,#5886,#5894,#5902,#5910,#5918,#5924));
#5884 = ORIENTED_EDGE('',*,*,#4032,.F.);
#5885 = ORIENTED_EDGE('',*,*,#5870,.T.);
#5886 = ORIENTED_EDGE('',*,*,#5887,.T.);
#5887 = EDGE_CURVE('',#5863,#5888,#5890,.T.);
#5888 = VERTEX_POINT('',#5889);
#5889 = CARTESIAN_POINT('',(-0.1,-5.38,0.9));
#5890 = LINE('',#5891,#5892);
#5891 = CARTESIAN_POINT('',(-0.3,-5.38,0.9));
#5892 = VECTOR('',#5893,1.);
#5893 = DIRECTION('',(1.,-1.110223024625E-16,0.));
#5894 = ORIENTED_EDGE('',*,*,#5895,.F.);
#5895 = EDGE_CURVE('',#5896,#5888,#5898,.T.);
#5896 = VERTEX_POINT('',#5897);
#5897 = CARTESIAN_POINT('',(-0.1,-5.38,7.4));
#5898 = LINE('',#5899,#5900);
#5899 = CARTESIAN_POINT('',(-0.1,-5.38,6.055738799212));
#5900 = VECTOR('',#5901,1.);
#5901 = DIRECTION('',(-0.,0.,-1.));
#5902 = ORIENTED_EDGE('',*,*,#5903,.T.);
#5903 = EDGE_CURVE('',#5896,#5904,#5906,.T.);
#5904 = VERTEX_POINT('',#5905);
#5905 = CARTESIAN_POINT('',(0.1,-5.38,7.4));
#5906 = LINE('',#5907,#5908);
#5907 = CARTESIAN_POINT('',(-0.1,-5.38,7.4));
#5908 = VECTOR('',#5909,1.);
#5909 = DIRECTION('',(1.,-1.110223024625E-16,0.));
#5910 = ORIENTED_EDGE('',*,*,#5911,.T.);
#5911 = EDGE_CURVE('',#5904,#5912,#5914,.T.);
#5912 = VERTEX_POINT('',#5913);
#5913 = CARTESIAN_POINT('',(0.1,-5.38,0.9));
#5914 = LINE('',#5915,#5916);
#5915 = CARTESIAN_POINT('',(0.1,-5.38,6.055738799212));
#5916 = VECTOR('',#5917,1.);
#5917 = DIRECTION('',(-0.,0.,-1.));
#5918 = ORIENTED_EDGE('',*,*,#5919,.T.);
#5919 = EDGE_CURVE('',#5912,#5775,#5920,.T.);
#5920 = LINE('',#5921,#5922);
#5921 = CARTESIAN_POINT('',(-0.3,-5.38,0.9));
#5922 = VECTOR('',#5923,1.);
#5923 = DIRECTION('',(1.,-1.110223024625E-16,0.));
#5924 = ORIENTED_EDGE('',*,*,#5774,.F.);
#5925 = PLANE('',#5926);
#5926 = AXIS2_PLACEMENT_3D('',#5927,#5928,#5929);
#5927 = CARTESIAN_POINT('',(-0.3,-5.38,8.2));
#5928 = DIRECTION('',(-1.110223024625E-16,-1.,0.));
#5929 = DIRECTION('',(1.,-1.110223024625E-16,0.));
#5930 = ADVANCED_FACE('',(#5931),#5956,.F.);
#5931 = FACE_BOUND('',#5932,.F.);
#5932 = EDGE_LOOP('',(#5933,#5941,#5949,#5955));
#5933 = ORIENTED_EDGE('',*,*,#5934,.T.);
#5934 = EDGE_CURVE('',#4047,#5935,#5937,.T.);
#5935 = VERTEX_POINT('',#5936);
#5936 = CARTESIAN_POINT('',(0.3,-2.84,0.9));
#5937 = LINE('',#5938,#5939);
#5938 = CARTESIAN_POINT('',(0.3,-2.84,8.2));
#5939 = VECTOR('',#5940,1.);
#5940 = DIRECTION('',(0.,-0.,-1.));
#5941 = ORIENTED_EDGE('',*,*,#5942,.T.);
#5942 = EDGE_CURVE('',#5935,#5943,#5945,.T.);
#5943 = VERTEX_POINT('',#5944);
#5944 = CARTESIAN_POINT('',(0.3,-2.24,0.9));
#5945 = LINE('',#5946,#5947);
#5946 = CARTESIAN_POINT('',(0.3,-2.84,0.9));
#5947 = VECTOR('',#5948,1.);
#5948 = DIRECTION('',(1.110223024625E-16,1.,0.));
#5949 = ORIENTED_EDGE('',*,*,#5950,.F.);
#5950 = EDGE_CURVE('',#4056,#5943,#5951,.T.);
#5951 = LINE('',#5952,#5953);
#5952 = CARTESIAN_POINT('',(0.3,-2.24,8.2));
#5953 = VECTOR('',#5954,1.);
#5954 = DIRECTION('',(0.,-0.,-1.));
#5955 = ORIENTED_EDGE('',*,*,#4063,.F.);
#5956 = PLANE('',#5957);
#5957 = AXIS2_PLACEMENT_3D('',#5958,#5959,#5960);
#5958 = CARTESIAN_POINT('',(0.3,-2.84,8.2));
#5959 = DIRECTION('',(1.,-1.110223024625E-16,0.));
#5960 = DIRECTION('',(1.110223024625E-16,1.,0.));
#5961 = ADVANCED_FACE('',(#5962),#6012,.F.);
#5962 = FACE_BOUND('',#5963,.F.);
#5963 = EDGE_LOOP('',(#5964,#5965,#5966,#5974,#5982,#5990,#5998,#6006));
#5964 = ORIENTED_EDGE('',*,*,#4087,.F.);
#5965 = ORIENTED_EDGE('',*,*,#5950,.T.);
#5966 = ORIENTED_EDGE('',*,*,#5967,.T.);
#5967 = EDGE_CURVE('',#5943,#5968,#5970,.T.);
#5968 = VERTEX_POINT('',#5969);
#5969 = CARTESIAN_POINT('',(0.1,-2.24,0.9));
#5970 = LINE('',#5971,#5972);
#5971 = CARTESIAN_POINT('',(0.3,-2.24,0.9));
#5972 = VECTOR('',#5973,1.);
#5973 = DIRECTION('',(-1.,1.110223024625E-16,0.));
#5974 = ORIENTED_EDGE('',*,*,#5975,.T.);
#5975 = EDGE_CURVE('',#5968,#5976,#5978,.T.);
#5976 = VERTEX_POINT('',#5977);
#5977 = CARTESIAN_POINT('',(0.1,-2.24,7.4));
#5978 = LINE('',#5979,#5980);
#5979 = CARTESIAN_POINT('',(0.1,-2.24,6.055738799212));
#5980 = VECTOR('',#5981,1.);
#5981 = DIRECTION('',(0.,-0.,1.));
#5982 = ORIENTED_EDGE('',*,*,#5983,.F.);
#5983 = EDGE_CURVE('',#5984,#5976,#5986,.T.);
#5984 = VERTEX_POINT('',#5985);
#5985 = CARTESIAN_POINT('',(-0.1,-2.24,7.4));
#5986 = LINE('',#5987,#5988);
#5987 = CARTESIAN_POINT('',(-0.1,-2.24,7.4));
#5988 = VECTOR('',#5989,1.);
#5989 = DIRECTION('',(1.,-1.110223024625E-16,0.));
#5990 = ORIENTED_EDGE('',*,*,#5991,.F.);
#5991 = EDGE_CURVE('',#5992,#5984,#5994,.T.);
#5992 = VERTEX_POINT('',#5993);
#5993 = CARTESIAN_POINT('',(-0.1,-2.24,0.9));
#5994 = LINE('',#5995,#5996);
#5995 = CARTESIAN_POINT('',(-0.1,-2.24,6.055738799212));
#5996 = VECTOR('',#5997,1.);
#5997 = DIRECTION('',(0.,-0.,1.));
#5998 = ORIENTED_EDGE('',*,*,#5999,.T.);
#5999 = EDGE_CURVE('',#5992,#6000,#6002,.T.);
#6000 = VERTEX_POINT('',#6001);
#6001 = CARTESIAN_POINT('',(-0.3,-2.24,0.9));
#6002 = LINE('',#6003,#6004);
#6003 = CARTESIAN_POINT('',(0.3,-2.24,0.9));
#6004 = VECTOR('',#6005,1.);
#6005 = DIRECTION('',(-1.,1.110223024625E-16,0.));
#6006 = ORIENTED_EDGE('',*,*,#6007,.F.);
#6007 = EDGE_CURVE('',#4080,#6000,#6008,.T.);
#6008 = LINE('',#6009,#6010);
#6009 = CARTESIAN_POINT('',(-0.3,-2.24,8.2));
#6010 = VECTOR('',#6011,1.);
#6011 = DIRECTION('',(0.,-0.,-1.));
#6012 = PLANE('',#6013);
#6013 = AXIS2_PLACEMENT_3D('',#6014,#6015,#6016);
#6014 = CARTESIAN_POINT('',(0.3,-2.24,8.2));
#6015 = DIRECTION('',(1.110223024625E-16,1.,0.));
#6016 = DIRECTION('',(-1.,1.110223024625E-16,0.));
#6017 = ADVANCED_FACE('',(#6018),#6036,.F.);
#6018 = FACE_BOUND('',#6019,.F.);
#6019 = EDGE_LOOP('',(#6020,#6021,#6029,#6035));
#6020 = ORIENTED_EDGE('',*,*,#6007,.T.);
#6021 = ORIENTED_EDGE('',*,*,#6022,.T.);
#6022 = EDGE_CURVE('',#6000,#6023,#6025,.T.);
#6023 = VERTEX_POINT('',#6024);
#6024 = CARTESIAN_POINT('',(-0.3,-2.84,0.9));
#6025 = LINE('',#6026,#6027);
#6026 = CARTESIAN_POINT('',(-0.3,-2.24,0.9));
#6027 = VECTOR('',#6028,1.);
#6028 = DIRECTION('',(-1.110223024625E-16,-1.,0.));
#6029 = ORIENTED_EDGE('',*,*,#6030,.F.);
#6030 = EDGE_CURVE('',#4104,#6023,#6031,.T.);
#6031 = LINE('',#6032,#6033);
#6032 = CARTESIAN_POINT('',(-0.3,-2.84,8.2));
#6033 = VECTOR('',#6034,1.);
#6034 = DIRECTION('',(0.,-0.,-1.));
#6035 = ORIENTED_EDGE('',*,*,#4111,.F.);
#6036 = PLANE('',#6037);
#6037 = AXIS2_PLACEMENT_3D('',#6038,#6039,#6040);
#6038 = CARTESIAN_POINT('',(-0.3,-2.24,8.2));
#6039 = DIRECTION('',(-1.,1.110223024625E-16,0.));
#6040 = DIRECTION('',(-1.110223024625E-16,-1.,0.));
#6041 = ADVANCED_FACE('',(#6042),#6085,.F.);
#6042 = FACE_BOUND('',#6043,.F.);
#6043 = EDGE_LOOP('',(#6044,#6045,#6046,#6054,#6062,#6070,#6078,#6084));
#6044 = ORIENTED_EDGE('',*,*,#4128,.F.);
#6045 = ORIENTED_EDGE('',*,*,#6030,.T.);
#6046 = ORIENTED_EDGE('',*,*,#6047,.T.);
#6047 = EDGE_CURVE('',#6023,#6048,#6050,.T.);
#6048 = VERTEX_POINT('',#6049);
#6049 = CARTESIAN_POINT('',(-0.1,-2.84,0.9));
#6050 = LINE('',#6051,#6052);
#6051 = CARTESIAN_POINT('',(-0.3,-2.84,0.9));
#6052 = VECTOR('',#6053,1.);
#6053 = DIRECTION('',(1.,-1.110223024625E-16,0.));
#6054 = ORIENTED_EDGE('',*,*,#6055,.F.);
#6055 = EDGE_CURVE('',#6056,#6048,#6058,.T.);
#6056 = VERTEX_POINT('',#6057);
#6057 = CARTESIAN_POINT('',(-0.1,-2.84,7.4));
#6058 = LINE('',#6059,#6060);
#6059 = CARTESIAN_POINT('',(-0.1,-2.84,6.055738799212));
#6060 = VECTOR('',#6061,1.);
#6061 = DIRECTION('',(-0.,0.,-1.));
#6062 = ORIENTED_EDGE('',*,*,#6063,.T.);
#6063 = EDGE_CURVE('',#6056,#6064,#6066,.T.);
#6064 = VERTEX_POINT('',#6065);
#6065 = CARTESIAN_POINT('',(0.1,-2.84,7.4));
#6066 = LINE('',#6067,#6068);
#6067 = CARTESIAN_POINT('',(-0.1,-2.84,7.4));
#6068 = VECTOR('',#6069,1.);
#6069 = DIRECTION('',(1.,-1.110223024625E-16,0.));
#6070 = ORIENTED_EDGE('',*,*,#6071,.T.);
#6071 = EDGE_CURVE('',#6064,#6072,#6074,.T.);
#6072 = VERTEX_POINT('',#6073);
#6073 = CARTESIAN_POINT('',(0.1,-2.84,0.9));
#6074 = LINE('',#6075,#6076);
#6075 = CARTESIAN_POINT('',(0.1,-2.84,6.055738799212));
#6076 = VECTOR('',#6077,1.);
#6077 = DIRECTION('',(-0.,0.,-1.));
#6078 = ORIENTED_EDGE('',*,*,#6079,.T.);
#6079 = EDGE_CURVE('',#6072,#5935,#6080,.T.);
#6080 = LINE('',#6081,#6082);
#6081 = CARTESIAN_POINT('',(-0.3,-2.84,0.9));
#6082 = VECTOR('',#6083,1.);
#6083 = DIRECTION('',(1.,-1.110223024625E-16,0.));
#6084 = ORIENTED_EDGE('',*,*,#5934,.F.);
#6085 = PLANE('',#6086);
#6086 = AXIS2_PLACEMENT_3D('',#6087,#6088,#6089);
#6087 = CARTESIAN_POINT('',(-0.3,-2.84,8.2));
#6088 = DIRECTION('',(-1.110223024625E-16,-1.,0.));
#6089 = DIRECTION('',(1.,-1.110223024625E-16,0.));
#6090 = ADVANCED_FACE('',(#6091),#6116,.F.);
#6091 = FACE_BOUND('',#6092,.F.);
#6092 = EDGE_LOOP('',(#6093,#6101,#6109,#6115));
#6093 = ORIENTED_EDGE('',*,*,#6094,.T.);
#6094 = EDGE_CURVE('',#4143,#6095,#6097,.T.);
#6095 = VERTEX_POINT('',#6096);
#6096 = CARTESIAN_POINT('',(0.3,-0.3,0.9));
#6097 = LINE('',#6098,#6099);
#6098 = CARTESIAN_POINT('',(0.3,-0.3,8.2));
#6099 = VECTOR('',#6100,1.);
#6100 = DIRECTION('',(0.,-0.,-1.));
#6101 = ORIENTED_EDGE('',*,*,#6102,.T.);
#6102 = EDGE_CURVE('',#6095,#6103,#6105,.T.);
#6103 = VERTEX_POINT('',#6104);
#6104 = CARTESIAN_POINT('',(0.3,0.3,0.9));
#6105 = LINE('',#6106,#6107);
#6106 = CARTESIAN_POINT('',(0.3,-0.3,0.9));
#6107 = VECTOR('',#6108,1.);
#6108 = DIRECTION('',(1.110223024625E-16,1.,0.));
#6109 = ORIENTED_EDGE('',*,*,#6110,.F.);
#6110 = EDGE_CURVE('',#4152,#6103,#6111,.T.);
#6111 = LINE('',#6112,#6113);
#6112 = CARTESIAN_POINT('',(0.3,0.3,8.2));
#6113 = VECTOR('',#6114,1.);
#6114 = DIRECTION('',(0.,-0.,-1.));
#6115 = ORIENTED_EDGE('',*,*,#4159,.F.);
#6116 = PLANE('',#6117);
#6117 = AXIS2_PLACEMENT_3D('',#6118,#6119,#6120);
#6118 = CARTESIAN_POINT('',(0.3,-0.3,8.2));
#6119 = DIRECTION('',(1.,-1.110223024625E-16,0.));
#6120 = DIRECTION('',(1.110223024625E-16,1.,0.));
#6121 = ADVANCED_FACE('',(#6122),#6172,.F.);
#6122 = FACE_BOUND('',#6123,.F.);
#6123 = EDGE_LOOP('',(#6124,#6125,#6126,#6134,#6142,#6150,#6158,#6166));
#6124 = ORIENTED_EDGE('',*,*,#4183,.F.);
#6125 = ORIENTED_EDGE('',*,*,#6110,.T.);
#6126 = ORIENTED_EDGE('',*,*,#6127,.T.);
#6127 = EDGE_CURVE('',#6103,#6128,#6130,.T.);
#6128 = VERTEX_POINT('',#6129);
#6129 = CARTESIAN_POINT('',(0.1,0.3,0.9));
#6130 = LINE('',#6131,#6132);
#6131 = CARTESIAN_POINT('',(0.3,0.3,0.9));
#6132 = VECTOR('',#6133,1.);
#6133 = DIRECTION('',(-1.,1.110223024625E-16,0.));
#6134 = ORIENTED_EDGE('',*,*,#6135,.T.);
#6135 = EDGE_CURVE('',#6128,#6136,#6138,.T.);
#6136 = VERTEX_POINT('',#6137);
#6137 = CARTESIAN_POINT('',(0.1,0.3,7.4));
#6138 = LINE('',#6139,#6140);
#6139 = CARTESIAN_POINT('',(0.1,0.3,6.055738799212));
#6140 = VECTOR('',#6141,1.);
#6141 = DIRECTION('',(0.,-0.,1.));
#6142 = ORIENTED_EDGE('',*,*,#6143,.F.);
#6143 = EDGE_CURVE('',#6144,#6136,#6146,.T.);
#6144 = VERTEX_POINT('',#6145);
#6145 = CARTESIAN_POINT('',(-0.1,0.3,7.4));
#6146 = LINE('',#6147,#6148);
#6147 = CARTESIAN_POINT('',(-0.1,0.3,7.4));
#6148 = VECTOR('',#6149,1.);
#6149 = DIRECTION('',(1.,-1.110223024625E-16,0.));
#6150 = ORIENTED_EDGE('',*,*,#6151,.F.);
#6151 = EDGE_CURVE('',#6152,#6144,#6154,.T.);
#6152 = VERTEX_POINT('',#6153);
#6153 = CARTESIAN_POINT('',(-0.1,0.3,0.9));
#6154 = LINE('',#6155,#6156);
#6155 = CARTESIAN_POINT('',(-0.1,0.3,6.055738799212));
#6156 = VECTOR('',#6157,1.);
#6157 = DIRECTION('',(0.,-0.,1.));
#6158 = ORIENTED_EDGE('',*,*,#6159,.T.);
#6159 = EDGE_CURVE('',#6152,#6160,#6162,.T.);
#6160 = VERTEX_POINT('',#6161);
#6161 = CARTESIAN_POINT('',(-0.3,0.3,0.9));
#6162 = LINE('',#6163,#6164);
#6163 = CARTESIAN_POINT('',(0.3,0.3,0.9));
#6164 = VECTOR('',#6165,1.);
#6165 = DIRECTION('',(-1.,1.110223024625E-16,0.));
#6166 = ORIENTED_EDGE('',*,*,#6167,.F.);
#6167 = EDGE_CURVE('',#4176,#6160,#6168,.T.);
#6168 = LINE('',#6169,#6170);
#6169 = CARTESIAN_POINT('',(-0.3,0.3,8.2));
#6170 = VECTOR('',#6171,1.);
#6171 = DIRECTION('',(0.,-0.,-1.));
#6172 = PLANE('',#6173);
#6173 = AXIS2_PLACEMENT_3D('',#6174,#6175,#6176);
#6174 = CARTESIAN_POINT('',(0.3,0.3,8.2));
#6175 = DIRECTION('',(1.110223024625E-16,1.,0.));
#6176 = DIRECTION('',(-1.,1.110223024625E-16,0.));
#6177 = ADVANCED_FACE('',(#6178),#6196,.F.);
#6178 = FACE_BOUND('',#6179,.F.);
#6179 = EDGE_LOOP('',(#6180,#6181,#6189,#6195));
#6180 = ORIENTED_EDGE('',*,*,#6167,.T.);
#6181 = ORIENTED_EDGE('',*,*,#6182,.T.);
#6182 = EDGE_CURVE('',#6160,#6183,#6185,.T.);
#6183 = VERTEX_POINT('',#6184);
#6184 = CARTESIAN_POINT('',(-0.3,-0.3,0.9));
#6185 = LINE('',#6186,#6187);
#6186 = CARTESIAN_POINT('',(-0.3,0.3,0.9));
#6187 = VECTOR('',#6188,1.);
#6188 = DIRECTION('',(-1.110223024625E-16,-1.,0.));
#6189 = ORIENTED_EDGE('',*,*,#6190,.F.);
#6190 = EDGE_CURVE('',#4200,#6183,#6191,.T.);
#6191 = LINE('',#6192,#6193);
#6192 = CARTESIAN_POINT('',(-0.3,-0.3,8.2));
#6193 = VECTOR('',#6194,1.);
#6194 = DIRECTION('',(0.,-0.,-1.));
#6195 = ORIENTED_EDGE('',*,*,#4207,.F.);
#6196 = PLANE('',#6197);
#6197 = AXIS2_PLACEMENT_3D('',#6198,#6199,#6200);
#6198 = CARTESIAN_POINT('',(-0.3,0.3,8.2));
#6199 = DIRECTION('',(-1.,1.110223024625E-16,0.));
#6200 = DIRECTION('',(-1.110223024625E-16,-1.,0.));
#6201 = ADVANCED_FACE('',(#6202),#6245,.F.);
#6202 = FACE_BOUND('',#6203,.F.);
#6203 = EDGE_LOOP('',(#6204,#6205,#6206,#6214,#6222,#6230,#6238,#6244));
#6204 = ORIENTED_EDGE('',*,*,#4224,.F.);
#6205 = ORIENTED_EDGE('',*,*,#6190,.T.);
#6206 = ORIENTED_EDGE('',*,*,#6207,.T.);
#6207 = EDGE_CURVE('',#6183,#6208,#6210,.T.);
#6208 = VERTEX_POINT('',#6209);
#6209 = CARTESIAN_POINT('',(-0.1,-0.3,0.9));
#6210 = LINE('',#6211,#6212);
#6211 = CARTESIAN_POINT('',(-0.3,-0.3,0.9));
#6212 = VECTOR('',#6213,1.);
#6213 = DIRECTION('',(1.,-1.110223024625E-16,0.));
#6214 = ORIENTED_EDGE('',*,*,#6215,.F.);
#6215 = EDGE_CURVE('',#6216,#6208,#6218,.T.);
#6216 = VERTEX_POINT('',#6217);
#6217 = CARTESIAN_POINT('',(-0.1,-0.3,7.4));
#6218 = LINE('',#6219,#6220);
#6219 = CARTESIAN_POINT('',(-0.1,-0.3,6.055738799212));
#6220 = VECTOR('',#6221,1.);
#6221 = DIRECTION('',(-0.,0.,-1.));
#6222 = ORIENTED_EDGE('',*,*,#6223,.T.);
#6223 = EDGE_CURVE('',#6216,#6224,#6226,.T.);
#6224 = VERTEX_POINT('',#6225);
#6225 = CARTESIAN_POINT('',(0.1,-0.3,7.4));
#6226 = LINE('',#6227,#6228);
#6227 = CARTESIAN_POINT('',(-0.1,-0.3,7.4));
#6228 = VECTOR('',#6229,1.);
#6229 = DIRECTION('',(1.,-1.110223024625E-16,0.));
#6230 = ORIENTED_EDGE('',*,*,#6231,.T.);
#6231 = EDGE_CURVE('',#6224,#6232,#6234,.T.);
#6232 = VERTEX_POINT('',#6233);
#6233 = CARTESIAN_POINT('',(0.1,-0.3,0.9));
#6234 = LINE('',#6235,#6236);
#6235 = CARTESIAN_POINT('',(0.1,-0.3,6.055738799212));
#6236 = VECTOR('',#6237,1.);
#6237 = DIRECTION('',(-0.,0.,-1.));
#6238 = ORIENTED_EDGE('',*,*,#6239,.T.);
#6239 = EDGE_CURVE('',#6232,#6095,#6240,.T.);
#6240 = LINE('',#6241,#6242);
#6241 = CARTESIAN_POINT('',(-0.3,-0.3,0.9));
#6242 = VECTOR('',#6243,1.);
#6243 = DIRECTION('',(1.,-1.110223024625E-16,0.));
#6244 = ORIENTED_EDGE('',*,*,#6094,.F.);
#6245 = PLANE('',#6246);
#6246 = AXIS2_PLACEMENT_3D('',#6247,#6248,#6249);
#6247 = CARTESIAN_POINT('',(-0.3,-0.3,8.2));
#6248 = DIRECTION('',(-1.110223024625E-16,-1.,0.));
#6249 = DIRECTION('',(1.,-1.110223024625E-16,0.));
#6250 = ADVANCED_FACE('',(#6251),#6262,.T.);
#6251 = FACE_BOUND('',#6252,.T.);
#6252 = EDGE_LOOP('',(#6253,#6259,#6260,#6261));
#6253 = ORIENTED_EDGE('',*,*,#6254,.T.);
#6254 = EDGE_CURVE('',#4320,#4256,#6255,.T.);
#6255 = LINE('',#6256,#6257);
#6256 = CARTESIAN_POINT('',(-0.1,-15.54,-2.5));
#6257 = VECTOR('',#6258,1.);
#6258 = DIRECTION('',(1.,-1.110223024625E-16,0.));
#6259 = ORIENTED_EDGE('',*,*,#4255,.T.);
#6260 = ORIENTED_EDGE('',*,*,#4240,.F.);
#6261 = ORIENTED_EDGE('',*,*,#4319,.F.);
#6262 = PLANE('',#6263);
#6263 = AXIS2_PLACEMENT_3D('',#6264,#6265,#6266);
#6264 = CARTESIAN_POINT('',(-0.1,-15.54,-2.5));
#6265 = DIRECTION('',(-1.110223024625E-16,-1.,0.));
#6266 = DIRECTION('',(0.,0.,1.));
#6267 = ADVANCED_FACE('',(#6268),#6279,.T.);
#6268 = FACE_BOUND('',#6269,.T.);
#6269 = EDGE_LOOP('',(#6270,#6276,#6277,#6278));
#6270 = ORIENTED_EDGE('',*,*,#6271,.T.);
#6271 = EDGE_CURVE('',#4345,#4281,#6272,.T.);
#6272 = LINE('',#6273,#6274);
#6273 = CARTESIAN_POINT('',(-0.1,-15.39,-3.1));
#6274 = VECTOR('',#6275,1.);
#6275 = DIRECTION('',(1.,-1.110223024625E-16,0.));
#6276 = ORIENTED_EDGE('',*,*,#4288,.T.);
#6277 = ORIENTED_EDGE('',*,*,#6254,.F.);
#6278 = ORIENTED_EDGE('',*,*,#4352,.F.);
#6279 = PLANE('',#6280);
#6280 = AXIS2_PLACEMENT_3D('',#6281,#6282,#6283);
#6281 = CARTESIAN_POINT('',(-0.1,-15.39,-3.1));
#6282 = DIRECTION('',(-1.077074540829E-16,-0.970142500145,
    -0.242535625036));
#6283 = DIRECTION('',(-2.692686352073E-17,-0.242535625036,0.970142500145
    ));
#6284 = ADVANCED_FACE('',(#6285),#6296,.T.);
#6285 = FACE_BOUND('',#6286,.T.);
#6286 = EDGE_LOOP('',(#6287,#6293,#6294,#6295));
#6287 = ORIENTED_EDGE('',*,*,#6288,.T.);
#6288 = EDGE_CURVE('',#4337,#4273,#6289,.T.);
#6289 = LINE('',#6290,#6291);
#6290 = CARTESIAN_POINT('',(-0.1,-15.09,-3.1));
#6291 = VECTOR('',#6292,1.);
#6292 = DIRECTION('',(1.,-1.110223024625E-16,0.));
#6293 = ORIENTED_EDGE('',*,*,#4280,.T.);
#6294 = ORIENTED_EDGE('',*,*,#6271,.F.);
#6295 = ORIENTED_EDGE('',*,*,#4344,.T.);
#6296 = PLANE('',#6297);
#6297 = AXIS2_PLACEMENT_3D('',#6298,#6299,#6300);
#6298 = CARTESIAN_POINT('',(-0.1,-15.09,-3.1));
#6299 = DIRECTION('',(0.,-0.,-1.));
#6300 = DIRECTION('',(-1.110223024625E-16,-1.,0.));
#6301 = ADVANCED_FACE('',(#6302),#6313,.T.);
#6302 = FACE_BOUND('',#6303,.T.);
#6303 = EDGE_LOOP('',(#6304,#6310,#6311,#6312));
#6304 = ORIENTED_EDGE('',*,*,#6305,.T.);
#6305 = EDGE_CURVE('',#4329,#4265,#6306,.T.);
#6306 = LINE('',#6307,#6308);
#6307 = CARTESIAN_POINT('',(-0.1,-14.94,-2.5));
#6308 = VECTOR('',#6309,1.);
#6309 = DIRECTION('',(1.,-1.110223024625E-16,0.));
#6310 = ORIENTED_EDGE('',*,*,#4272,.T.);
#6311 = ORIENTED_EDGE('',*,*,#6288,.F.);
#6312 = ORIENTED_EDGE('',*,*,#4336,.F.);
#6313 = PLANE('',#6314);
#6314 = AXIS2_PLACEMENT_3D('',#6315,#6316,#6317);
#6315 = CARTESIAN_POINT('',(-0.1,-14.94,-2.5));
#6316 = DIRECTION('',(1.077074540829E-16,0.970142500145,-0.242535625036)
  );
#6317 = DIRECTION('',(-2.692686352073E-17,-0.242535625036,
    -0.970142500145));
#6318 = ADVANCED_FACE('',(#6319),#6325,.T.);
#6319 = FACE_BOUND('',#6320,.T.);
#6320 = EDGE_LOOP('',(#6321,#6322,#6323,#6324));
#6321 = ORIENTED_EDGE('',*,*,#4302,.T.);
#6322 = ORIENTED_EDGE('',*,*,#4264,.T.);
#6323 = ORIENTED_EDGE('',*,*,#6305,.F.);
#6324 = ORIENTED_EDGE('',*,*,#4328,.F.);
#6325 = PLANE('',#6326);
#6326 = AXIS2_PLACEMENT_3D('',#6327,#6328,#6329);
#6327 = CARTESIAN_POINT('',(-0.1,-14.94,0.2));
#6328 = DIRECTION('',(1.110223024625E-16,1.,0.));
#6329 = DIRECTION('',(0.,0.,-1.));
#6330 = ADVANCED_FACE('',(#6331),#6342,.T.);
#6331 = FACE_BOUND('',#6332,.T.);
#6332 = EDGE_LOOP('',(#6333,#6339,#6340,#6341));
#6333 = ORIENTED_EDGE('',*,*,#6334,.T.);
#6334 = EDGE_CURVE('',#4448,#4384,#6335,.T.);
#6335 = LINE('',#6336,#6337);
#6336 = CARTESIAN_POINT('',(-0.1,-13.,-2.5));
#6337 = VECTOR('',#6338,1.);
#6338 = DIRECTION('',(1.,-1.110223024625E-16,0.));
#6339 = ORIENTED_EDGE('',*,*,#4383,.T.);
#6340 = ORIENTED_EDGE('',*,*,#4368,.F.);
#6341 = ORIENTED_EDGE('',*,*,#4447,.F.);
#6342 = PLANE('',#6343);
#6343 = AXIS2_PLACEMENT_3D('',#6344,#6345,#6346);
#6344 = CARTESIAN_POINT('',(-0.1,-13.,-2.5));
#6345 = DIRECTION('',(-1.110223024625E-16,-1.,0.));
#6346 = DIRECTION('',(0.,0.,1.));
#6347 = ADVANCED_FACE('',(#6348),#6359,.T.);
#6348 = FACE_BOUND('',#6349,.T.);
#6349 = EDGE_LOOP('',(#6350,#6356,#6357,#6358));
#6350 = ORIENTED_EDGE('',*,*,#6351,.T.);
#6351 = EDGE_CURVE('',#4473,#4409,#6352,.T.);
#6352 = LINE('',#6353,#6354);
#6353 = CARTESIAN_POINT('',(-0.1,-12.85,-3.1));
#6354 = VECTOR('',#6355,1.);
#6355 = DIRECTION('',(1.,-1.110223024625E-16,0.));
#6356 = ORIENTED_EDGE('',*,*,#4416,.T.);
#6357 = ORIENTED_EDGE('',*,*,#6334,.F.);
#6358 = ORIENTED_EDGE('',*,*,#4480,.F.);
#6359 = PLANE('',#6360);
#6360 = AXIS2_PLACEMENT_3D('',#6361,#6362,#6363);
#6361 = CARTESIAN_POINT('',(-0.1,-12.85,-3.1));
#6362 = DIRECTION('',(-1.077074540829E-16,-0.970142500145,
    -0.242535625036));
#6363 = DIRECTION('',(-2.692686352073E-17,-0.242535625036,0.970142500145
    ));
#6364 = ADVANCED_FACE('',(#6365),#6376,.T.);
#6365 = FACE_BOUND('',#6366,.T.);
#6366 = EDGE_LOOP('',(#6367,#6373,#6374,#6375));
#6367 = ORIENTED_EDGE('',*,*,#6368,.T.);
#6368 = EDGE_CURVE('',#4465,#4401,#6369,.T.);
#6369 = LINE('',#6370,#6371);
#6370 = CARTESIAN_POINT('',(-0.1,-12.55,-3.1));
#6371 = VECTOR('',#6372,1.);
#6372 = DIRECTION('',(1.,-1.110223024625E-16,0.));
#6373 = ORIENTED_EDGE('',*,*,#4408,.T.);
#6374 = ORIENTED_EDGE('',*,*,#6351,.F.);
#6375 = ORIENTED_EDGE('',*,*,#4472,.T.);
#6376 = PLANE('',#6377);
#6377 = AXIS2_PLACEMENT_3D('',#6378,#6379,#6380);
#6378 = CARTESIAN_POINT('',(-0.1,-12.55,-3.1));
#6379 = DIRECTION('',(0.,-0.,-1.));
#6380 = DIRECTION('',(-1.110223024625E-16,-1.,0.));
#6381 = ADVANCED_FACE('',(#6382),#6393,.T.);
#6382 = FACE_BOUND('',#6383,.T.);
#6383 = EDGE_LOOP('',(#6384,#6390,#6391,#6392));
#6384 = ORIENTED_EDGE('',*,*,#6385,.T.);
#6385 = EDGE_CURVE('',#4457,#4393,#6386,.T.);
#6386 = LINE('',#6387,#6388);
#6387 = CARTESIAN_POINT('',(-0.1,-12.4,-2.5));
#6388 = VECTOR('',#6389,1.);
#6389 = DIRECTION('',(1.,-1.110223024625E-16,0.));
#6390 = ORIENTED_EDGE('',*,*,#4400,.T.);
#6391 = ORIENTED_EDGE('',*,*,#6368,.F.);
#6392 = ORIENTED_EDGE('',*,*,#4464,.F.);
#6393 = PLANE('',#6394);
#6394 = AXIS2_PLACEMENT_3D('',#6395,#6396,#6397);
#6395 = CARTESIAN_POINT('',(-0.1,-12.4,-2.5));
#6396 = DIRECTION('',(1.077074540829E-16,0.970142500145,-0.242535625036)
  );
#6397 = DIRECTION('',(-2.692686352073E-17,-0.242535625036,
    -0.970142500145));
#6398 = ADVANCED_FACE('',(#6399),#6405,.T.);
#6399 = FACE_BOUND('',#6400,.T.);
#6400 = EDGE_LOOP('',(#6401,#6402,#6403,#6404));
#6401 = ORIENTED_EDGE('',*,*,#4430,.T.);
#6402 = ORIENTED_EDGE('',*,*,#4392,.T.);
#6403 = ORIENTED_EDGE('',*,*,#6385,.F.);
#6404 = ORIENTED_EDGE('',*,*,#4456,.F.);
#6405 = PLANE('',#6406);
#6406 = AXIS2_PLACEMENT_3D('',#6407,#6408,#6409);
#6407 = CARTESIAN_POINT('',(-0.1,-12.4,0.2));
#6408 = DIRECTION('',(1.110223024625E-16,1.,0.));
#6409 = DIRECTION('',(0.,0.,-1.));
#6410 = ADVANCED_FACE('',(#6411),#6422,.T.);
#6411 = FACE_BOUND('',#6412,.T.);
#6412 = EDGE_LOOP('',(#6413,#6419,#6420,#6421));
#6413 = ORIENTED_EDGE('',*,*,#6414,.T.);
#6414 = EDGE_CURVE('',#4576,#4512,#6415,.T.);
#6415 = LINE('',#6416,#6417);
#6416 = CARTESIAN_POINT('',(-0.1,-10.46,-2.5));
#6417 = VECTOR('',#6418,1.);
#6418 = DIRECTION('',(1.,-1.110223024625E-16,0.));
#6419 = ORIENTED_EDGE('',*,*,#4511,.T.);
#6420 = ORIENTED_EDGE('',*,*,#4496,.F.);
#6421 = ORIENTED_EDGE('',*,*,#4575,.F.);
#6422 = PLANE('',#6423);
#6423 = AXIS2_PLACEMENT_3D('',#6424,#6425,#6426);
#6424 = CARTESIAN_POINT('',(-0.1,-10.46,-2.5));
#6425 = DIRECTION('',(-1.110223024625E-16,-1.,0.));
#6426 = DIRECTION('',(0.,0.,1.));
#6427 = ADVANCED_FACE('',(#6428),#6439,.T.);
#6428 = FACE_BOUND('',#6429,.T.);
#6429 = EDGE_LOOP('',(#6430,#6436,#6437,#6438));
#6430 = ORIENTED_EDGE('',*,*,#6431,.T.);
#6431 = EDGE_CURVE('',#4601,#4537,#6432,.T.);
#6432 = LINE('',#6433,#6434);
#6433 = CARTESIAN_POINT('',(-0.1,-10.31,-3.1));
#6434 = VECTOR('',#6435,1.);
#6435 = DIRECTION('',(1.,-1.110223024625E-16,0.));
#6436 = ORIENTED_EDGE('',*,*,#4544,.T.);
#6437 = ORIENTED_EDGE('',*,*,#6414,.F.);
#6438 = ORIENTED_EDGE('',*,*,#4608,.F.);
#6439 = PLANE('',#6440);
#6440 = AXIS2_PLACEMENT_3D('',#6441,#6442,#6443);
#6441 = CARTESIAN_POINT('',(-0.1,-10.31,-3.1));
#6442 = DIRECTION('',(-1.077074540829E-16,-0.970142500145,
    -0.242535625036));
#6443 = DIRECTION('',(-2.692686352073E-17,-0.242535625036,0.970142500145
    ));
#6444 = ADVANCED_FACE('',(#6445),#6456,.T.);
#6445 = FACE_BOUND('',#6446,.T.);
#6446 = EDGE_LOOP('',(#6447,#6453,#6454,#6455));
#6447 = ORIENTED_EDGE('',*,*,#6448,.T.);
#6448 = EDGE_CURVE('',#4593,#4529,#6449,.T.);
#6449 = LINE('',#6450,#6451);
#6450 = CARTESIAN_POINT('',(-0.1,-10.01,-3.1));
#6451 = VECTOR('',#6452,1.);
#6452 = DIRECTION('',(1.,-1.110223024625E-16,0.));
#6453 = ORIENTED_EDGE('',*,*,#4536,.T.);
#6454 = ORIENTED_EDGE('',*,*,#6431,.F.);
#6455 = ORIENTED_EDGE('',*,*,#4600,.T.);
#6456 = PLANE('',#6457);
#6457 = AXIS2_PLACEMENT_3D('',#6458,#6459,#6460);
#6458 = CARTESIAN_POINT('',(-0.1,-10.01,-3.1));
#6459 = DIRECTION('',(0.,-0.,-1.));
#6460 = DIRECTION('',(-1.110223024625E-16,-1.,0.));
#6461 = ADVANCED_FACE('',(#6462),#6473,.T.);
#6462 = FACE_BOUND('',#6463,.T.);
#6463 = EDGE_LOOP('',(#6464,#6470,#6471,#6472));
#6464 = ORIENTED_EDGE('',*,*,#6465,.T.);
#6465 = EDGE_CURVE('',#4585,#4521,#6466,.T.);
#6466 = LINE('',#6467,#6468);
#6467 = CARTESIAN_POINT('',(-0.1,-9.86,-2.5));
#6468 = VECTOR('',#6469,1.);
#6469 = DIRECTION('',(1.,-1.110223024625E-16,0.));
#6470 = ORIENTED_EDGE('',*,*,#4528,.T.);
#6471 = ORIENTED_EDGE('',*,*,#6448,.F.);
#6472 = ORIENTED_EDGE('',*,*,#4592,.F.);
#6473 = PLANE('',#6474);
#6474 = AXIS2_PLACEMENT_3D('',#6475,#6476,#6477);
#6475 = CARTESIAN_POINT('',(-0.1,-9.86,-2.5));
#6476 = DIRECTION('',(1.077074540829E-16,0.970142500145,-0.242535625036)
  );
#6477 = DIRECTION('',(-2.692686352073E-17,-0.242535625036,
    -0.970142500145));
#6478 = ADVANCED_FACE('',(#6479),#6485,.T.);
#6479 = FACE_BOUND('',#6480,.T.);
#6480 = EDGE_LOOP('',(#6481,#6482,#6483,#6484));
#6481 = ORIENTED_EDGE('',*,*,#4558,.T.);
#6482 = ORIENTED_EDGE('',*,*,#4520,.T.);
#6483 = ORIENTED_EDGE('',*,*,#6465,.F.);
#6484 = ORIENTED_EDGE('',*,*,#4584,.F.);
#6485 = PLANE('',#6486);
#6486 = AXIS2_PLACEMENT_3D('',#6487,#6488,#6489);
#6487 = CARTESIAN_POINT('',(-0.1,-9.86,0.2));
#6488 = DIRECTION('',(1.110223024625E-16,1.,0.));
#6489 = DIRECTION('',(0.,0.,-1.));
#6490 = ADVANCED_FACE('',(#6491),#6502,.T.);
#6491 = FACE_BOUND('',#6492,.T.);
#6492 = EDGE_LOOP('',(#6493,#6499,#6500,#6501));
#6493 = ORIENTED_EDGE('',*,*,#6494,.T.);
#6494 = EDGE_CURVE('',#4704,#4640,#6495,.T.);
#6495 = LINE('',#6496,#6497);
#6496 = CARTESIAN_POINT('',(-0.1,-7.92,-2.5));
#6497 = VECTOR('',#6498,1.);
#6498 = DIRECTION('',(1.,-1.110223024625E-16,0.));
#6499 = ORIENTED_EDGE('',*,*,#4639,.T.);
#6500 = ORIENTED_EDGE('',*,*,#4624,.F.);
#6501 = ORIENTED_EDGE('',*,*,#4703,.F.);
#6502 = PLANE('',#6503);
#6503 = AXIS2_PLACEMENT_3D('',#6504,#6505,#6506);
#6504 = CARTESIAN_POINT('',(-0.1,-7.92,-2.5));
#6505 = DIRECTION('',(-1.110223024625E-16,-1.,0.));
#6506 = DIRECTION('',(0.,0.,1.));
#6507 = ADVANCED_FACE('',(#6508),#6519,.T.);
#6508 = FACE_BOUND('',#6509,.T.);
#6509 = EDGE_LOOP('',(#6510,#6516,#6517,#6518));
#6510 = ORIENTED_EDGE('',*,*,#6511,.T.);
#6511 = EDGE_CURVE('',#4729,#4665,#6512,.T.);
#6512 = LINE('',#6513,#6514);
#6513 = CARTESIAN_POINT('',(-0.1,-7.77,-3.1));
#6514 = VECTOR('',#6515,1.);
#6515 = DIRECTION('',(1.,-1.110223024625E-16,0.));
#6516 = ORIENTED_EDGE('',*,*,#4672,.T.);
#6517 = ORIENTED_EDGE('',*,*,#6494,.F.);
#6518 = ORIENTED_EDGE('',*,*,#4736,.F.);
#6519 = PLANE('',#6520);
#6520 = AXIS2_PLACEMENT_3D('',#6521,#6522,#6523);
#6521 = CARTESIAN_POINT('',(-0.1,-7.77,-3.1));
#6522 = DIRECTION('',(-1.077074540829E-16,-0.970142500145,
    -0.242535625036));
#6523 = DIRECTION('',(-2.692686352073E-17,-0.242535625036,0.970142500145
    ));
#6524 = ADVANCED_FACE('',(#6525),#6536,.T.);
#6525 = FACE_BOUND('',#6526,.T.);
#6526 = EDGE_LOOP('',(#6527,#6533,#6534,#6535));
#6527 = ORIENTED_EDGE('',*,*,#6528,.T.);
#6528 = EDGE_CURVE('',#4721,#4657,#6529,.T.);
#6529 = LINE('',#6530,#6531);
#6530 = CARTESIAN_POINT('',(-0.1,-7.47,-3.1));
#6531 = VECTOR('',#6532,1.);
#6532 = DIRECTION('',(1.,-1.110223024625E-16,0.));
#6533 = ORIENTED_EDGE('',*,*,#4664,.T.);
#6534 = ORIENTED_EDGE('',*,*,#6511,.F.);
#6535 = ORIENTED_EDGE('',*,*,#4728,.T.);
#6536 = PLANE('',#6537);
#6537 = AXIS2_PLACEMENT_3D('',#6538,#6539,#6540);
#6538 = CARTESIAN_POINT('',(-0.1,-7.47,-3.1));
#6539 = DIRECTION('',(0.,-0.,-1.));
#6540 = DIRECTION('',(-1.110223024625E-16,-1.,0.));
#6541 = ADVANCED_FACE('',(#6542),#6553,.T.);
#6542 = FACE_BOUND('',#6543,.T.);
#6543 = EDGE_LOOP('',(#6544,#6550,#6551,#6552));
#6544 = ORIENTED_EDGE('',*,*,#6545,.T.);
#6545 = EDGE_CURVE('',#4713,#4649,#6546,.T.);
#6546 = LINE('',#6547,#6548);
#6547 = CARTESIAN_POINT('',(-0.1,-7.32,-2.5));
#6548 = VECTOR('',#6549,1.);
#6549 = DIRECTION('',(1.,-1.110223024625E-16,0.));
#6550 = ORIENTED_EDGE('',*,*,#4656,.T.);
#6551 = ORIENTED_EDGE('',*,*,#6528,.F.);
#6552 = ORIENTED_EDGE('',*,*,#4720,.F.);
#6553 = PLANE('',#6554);
#6554 = AXIS2_PLACEMENT_3D('',#6555,#6556,#6557);
#6555 = CARTESIAN_POINT('',(-0.1,-7.32,-2.5));
#6556 = DIRECTION('',(1.077074540829E-16,0.970142500145,-0.242535625036)
  );
#6557 = DIRECTION('',(-2.692686352073E-17,-0.242535625036,
    -0.970142500145));
#6558 = ADVANCED_FACE('',(#6559),#6565,.T.);
#6559 = FACE_BOUND('',#6560,.T.);
#6560 = EDGE_LOOP('',(#6561,#6562,#6563,#6564));
#6561 = ORIENTED_EDGE('',*,*,#4686,.T.);
#6562 = ORIENTED_EDGE('',*,*,#4648,.T.);
#6563 = ORIENTED_EDGE('',*,*,#6545,.F.);
#6564 = ORIENTED_EDGE('',*,*,#4712,.F.);
#6565 = PLANE('',#6566);
#6566 = AXIS2_PLACEMENT_3D('',#6567,#6568,#6569);
#6567 = CARTESIAN_POINT('',(-0.1,-7.32,0.2));
#6568 = DIRECTION('',(1.110223024625E-16,1.,0.));
#6569 = DIRECTION('',(0.,0.,-1.));
#6570 = ADVANCED_FACE('',(#6571),#6582,.T.);
#6571 = FACE_BOUND('',#6572,.T.);
#6572 = EDGE_LOOP('',(#6573,#6579,#6580,#6581));
#6573 = ORIENTED_EDGE('',*,*,#6574,.T.);
#6574 = EDGE_CURVE('',#4832,#4768,#6575,.T.);
#6575 = LINE('',#6576,#6577);
#6576 = CARTESIAN_POINT('',(-0.1,-5.38,-2.5));
#6577 = VECTOR('',#6578,1.);
#6578 = DIRECTION('',(1.,-1.110223024625E-16,0.));
#6579 = ORIENTED_EDGE('',*,*,#4767,.T.);
#6580 = ORIENTED_EDGE('',*,*,#4752,.F.);
#6581 = ORIENTED_EDGE('',*,*,#4831,.F.);
#6582 = PLANE('',#6583);
#6583 = AXIS2_PLACEMENT_3D('',#6584,#6585,#6586);
#6584 = CARTESIAN_POINT('',(-0.1,-5.38,-2.5));
#6585 = DIRECTION('',(-1.110223024625E-16,-1.,0.));
#6586 = DIRECTION('',(0.,0.,1.));
#6587 = ADVANCED_FACE('',(#6588),#6599,.T.);
#6588 = FACE_BOUND('',#6589,.T.);
#6589 = EDGE_LOOP('',(#6590,#6596,#6597,#6598));
#6590 = ORIENTED_EDGE('',*,*,#6591,.T.);
#6591 = EDGE_CURVE('',#4857,#4793,#6592,.T.);
#6592 = LINE('',#6593,#6594);
#6593 = CARTESIAN_POINT('',(-0.1,-5.23,-3.1));
#6594 = VECTOR('',#6595,1.);
#6595 = DIRECTION('',(1.,-1.110223024625E-16,0.));
#6596 = ORIENTED_EDGE('',*,*,#4800,.T.);
#6597 = ORIENTED_EDGE('',*,*,#6574,.F.);
#6598 = ORIENTED_EDGE('',*,*,#4864,.F.);
#6599 = PLANE('',#6600);
#6600 = AXIS2_PLACEMENT_3D('',#6601,#6602,#6603);
#6601 = CARTESIAN_POINT('',(-0.1,-5.23,-3.1));
#6602 = DIRECTION('',(-1.077074540829E-16,-0.970142500145,
    -0.242535625036));
#6603 = DIRECTION('',(-2.692686352073E-17,-0.242535625036,0.970142500145
    ));
#6604 = ADVANCED_FACE('',(#6605),#6616,.T.);
#6605 = FACE_BOUND('',#6606,.T.);
#6606 = EDGE_LOOP('',(#6607,#6613,#6614,#6615));
#6607 = ORIENTED_EDGE('',*,*,#6608,.T.);
#6608 = EDGE_CURVE('',#4849,#4785,#6609,.T.);
#6609 = LINE('',#6610,#6611);
#6610 = CARTESIAN_POINT('',(-0.1,-4.93,-3.1));
#6611 = VECTOR('',#6612,1.);
#6612 = DIRECTION('',(1.,-1.110223024625E-16,0.));
#6613 = ORIENTED_EDGE('',*,*,#4792,.T.);
#6614 = ORIENTED_EDGE('',*,*,#6591,.F.);
#6615 = ORIENTED_EDGE('',*,*,#4856,.T.);
#6616 = PLANE('',#6617);
#6617 = AXIS2_PLACEMENT_3D('',#6618,#6619,#6620);
#6618 = CARTESIAN_POINT('',(-0.1,-4.93,-3.1));
#6619 = DIRECTION('',(0.,-0.,-1.));
#6620 = DIRECTION('',(-1.110223024625E-16,-1.,0.));
#6621 = ADVANCED_FACE('',(#6622),#6633,.T.);
#6622 = FACE_BOUND('',#6623,.T.);
#6623 = EDGE_LOOP('',(#6624,#6630,#6631,#6632));
#6624 = ORIENTED_EDGE('',*,*,#6625,.T.);
#6625 = EDGE_CURVE('',#4841,#4777,#6626,.T.);
#6626 = LINE('',#6627,#6628);
#6627 = CARTESIAN_POINT('',(-0.1,-4.78,-2.5));
#6628 = VECTOR('',#6629,1.);
#6629 = DIRECTION('',(1.,-1.110223024625E-16,0.));
#6630 = ORIENTED_EDGE('',*,*,#4784,.T.);
#6631 = ORIENTED_EDGE('',*,*,#6608,.F.);
#6632 = ORIENTED_EDGE('',*,*,#4848,.F.);
#6633 = PLANE('',#6634);
#6634 = AXIS2_PLACEMENT_3D('',#6635,#6636,#6637);
#6635 = CARTESIAN_POINT('',(-0.1,-4.78,-2.5));
#6636 = DIRECTION('',(1.077074540829E-16,0.970142500145,-0.242535625036)
  );
#6637 = DIRECTION('',(-2.692686352073E-17,-0.242535625036,
    -0.970142500145));
#6638 = ADVANCED_FACE('',(#6639),#6645,.T.);
#6639 = FACE_BOUND('',#6640,.T.);
#6640 = EDGE_LOOP('',(#6641,#6642,#6643,#6644));
#6641 = ORIENTED_EDGE('',*,*,#4814,.T.);
#6642 = ORIENTED_EDGE('',*,*,#4776,.T.);
#6643 = ORIENTED_EDGE('',*,*,#6625,.F.);
#6644 = ORIENTED_EDGE('',*,*,#4840,.F.);
#6645 = PLANE('',#6646);
#6646 = AXIS2_PLACEMENT_3D('',#6647,#6648,#6649);
#6647 = CARTESIAN_POINT('',(-0.1,-4.78,0.2));
#6648 = DIRECTION('',(1.110223024625E-16,1.,0.));
#6649 = DIRECTION('',(0.,0.,-1.));
#6650 = ADVANCED_FACE('',(#6651),#6662,.T.);
#6651 = FACE_BOUND('',#6652,.T.);
#6652 = EDGE_LOOP('',(#6653,#6659,#6660,#6661));
#6653 = ORIENTED_EDGE('',*,*,#6654,.T.);
#6654 = EDGE_CURVE('',#4960,#4896,#6655,.T.);
#6655 = LINE('',#6656,#6657);
#6656 = CARTESIAN_POINT('',(-0.1,-2.84,-2.5));
#6657 = VECTOR('',#6658,1.);
#6658 = DIRECTION('',(1.,-1.110223024625E-16,0.));
#6659 = ORIENTED_EDGE('',*,*,#4895,.T.);
#6660 = ORIENTED_EDGE('',*,*,#4880,.F.);
#6661 = ORIENTED_EDGE('',*,*,#4959,.F.);
#6662 = PLANE('',#6663);
#6663 = AXIS2_PLACEMENT_3D('',#6664,#6665,#6666);
#6664 = CARTESIAN_POINT('',(-0.1,-2.84,-2.5));
#6665 = DIRECTION('',(-1.110223024625E-16,-1.,0.));
#6666 = DIRECTION('',(0.,0.,1.));
#6667 = ADVANCED_FACE('',(#6668),#6679,.T.);
#6668 = FACE_BOUND('',#6669,.T.);
#6669 = EDGE_LOOP('',(#6670,#6676,#6677,#6678));
#6670 = ORIENTED_EDGE('',*,*,#6671,.T.);
#6671 = EDGE_CURVE('',#4985,#4921,#6672,.T.);
#6672 = LINE('',#6673,#6674);
#6673 = CARTESIAN_POINT('',(-0.1,-2.69,-3.1));
#6674 = VECTOR('',#6675,1.);
#6675 = DIRECTION('',(1.,-1.110223024625E-16,0.));
#6676 = ORIENTED_EDGE('',*,*,#4928,.T.);
#6677 = ORIENTED_EDGE('',*,*,#6654,.F.);
#6678 = ORIENTED_EDGE('',*,*,#4992,.F.);
#6679 = PLANE('',#6680);
#6680 = AXIS2_PLACEMENT_3D('',#6681,#6682,#6683);
#6681 = CARTESIAN_POINT('',(-0.1,-2.69,-3.1));
#6682 = DIRECTION('',(-1.077074540829E-16,-0.970142500145,
    -0.242535625036));
#6683 = DIRECTION('',(-2.692686352073E-17,-0.242535625036,0.970142500145
    ));
#6684 = ADVANCED_FACE('',(#6685),#6696,.T.);
#6685 = FACE_BOUND('',#6686,.T.);
#6686 = EDGE_LOOP('',(#6687,#6693,#6694,#6695));
#6687 = ORIENTED_EDGE('',*,*,#6688,.T.);
#6688 = EDGE_CURVE('',#4977,#4913,#6689,.T.);
#6689 = LINE('',#6690,#6691);
#6690 = CARTESIAN_POINT('',(-0.1,-2.39,-3.1));
#6691 = VECTOR('',#6692,1.);
#6692 = DIRECTION('',(1.,-1.110223024625E-16,0.));
#6693 = ORIENTED_EDGE('',*,*,#4920,.T.);
#6694 = ORIENTED_EDGE('',*,*,#6671,.F.);
#6695 = ORIENTED_EDGE('',*,*,#4984,.T.);
#6696 = PLANE('',#6697);
#6697 = AXIS2_PLACEMENT_3D('',#6698,#6699,#6700);
#6698 = CARTESIAN_POINT('',(-0.1,-2.39,-3.1));
#6699 = DIRECTION('',(0.,-0.,-1.));
#6700 = DIRECTION('',(-1.110223024625E-16,-1.,0.));
#6701 = ADVANCED_FACE('',(#6702),#6713,.T.);
#6702 = FACE_BOUND('',#6703,.T.);
#6703 = EDGE_LOOP('',(#6704,#6710,#6711,#6712));
#6704 = ORIENTED_EDGE('',*,*,#6705,.T.);
#6705 = EDGE_CURVE('',#4969,#4905,#6706,.T.);
#6706 = LINE('',#6707,#6708);
#6707 = CARTESIAN_POINT('',(-0.1,-2.24,-2.5));
#6708 = VECTOR('',#6709,1.);
#6709 = DIRECTION('',(1.,-1.110223024625E-16,0.));
#6710 = ORIENTED_EDGE('',*,*,#4912,.T.);
#6711 = ORIENTED_EDGE('',*,*,#6688,.F.);
#6712 = ORIENTED_EDGE('',*,*,#4976,.F.);
#6713 = PLANE('',#6714);
#6714 = AXIS2_PLACEMENT_3D('',#6715,#6716,#6717);
#6715 = CARTESIAN_POINT('',(-0.1,-2.24,-2.5));
#6716 = DIRECTION('',(1.077074540829E-16,0.970142500145,-0.242535625036)
  );
#6717 = DIRECTION('',(-2.692686352073E-17,-0.242535625036,
    -0.970142500145));
#6718 = ADVANCED_FACE('',(#6719),#6725,.T.);
#6719 = FACE_BOUND('',#6720,.T.);
#6720 = EDGE_LOOP('',(#6721,#6722,#6723,#6724));
#6721 = ORIENTED_EDGE('',*,*,#4942,.T.);
#6722 = ORIENTED_EDGE('',*,*,#4904,.T.);
#6723 = ORIENTED_EDGE('',*,*,#6705,.F.);
#6724 = ORIENTED_EDGE('',*,*,#4968,.F.);
#6725 = PLANE('',#6726);
#6726 = AXIS2_PLACEMENT_3D('',#6727,#6728,#6729);
#6727 = CARTESIAN_POINT('',(-0.1,-2.24,0.2));
#6728 = DIRECTION('',(1.110223024625E-16,1.,0.));
#6729 = DIRECTION('',(0.,0.,-1.));
#6730 = ADVANCED_FACE('',(#6731),#6742,.T.);
#6731 = FACE_BOUND('',#6732,.T.);
#6732 = EDGE_LOOP('',(#6733,#6739,#6740,#6741));
#6733 = ORIENTED_EDGE('',*,*,#6734,.T.);
#6734 = EDGE_CURVE('',#5088,#5024,#6735,.T.);
#6735 = LINE('',#6736,#6737);
#6736 = CARTESIAN_POINT('',(-0.1,-0.3,-2.5));
#6737 = VECTOR('',#6738,1.);
#6738 = DIRECTION('',(1.,-1.110223024625E-16,0.));
#6739 = ORIENTED_EDGE('',*,*,#5023,.T.);
#6740 = ORIENTED_EDGE('',*,*,#5008,.F.);
#6741 = ORIENTED_EDGE('',*,*,#5087,.F.);
#6742 = PLANE('',#6743);
#6743 = AXIS2_PLACEMENT_3D('',#6744,#6745,#6746);
#6744 = CARTESIAN_POINT('',(-0.1,-0.3,-2.5));
#6745 = DIRECTION('',(-1.110223024625E-16,-1.,0.));
#6746 = DIRECTION('',(0.,0.,1.));
#6747 = ADVANCED_FACE('',(#6748),#6759,.T.);
#6748 = FACE_BOUND('',#6749,.T.);
#6749 = EDGE_LOOP('',(#6750,#6756,#6757,#6758));
#6750 = ORIENTED_EDGE('',*,*,#6751,.T.);
#6751 = EDGE_CURVE('',#5113,#5049,#6752,.T.);
#6752 = LINE('',#6753,#6754);
#6753 = CARTESIAN_POINT('',(-0.1,-0.15,-3.1));
#6754 = VECTOR('',#6755,1.);
#6755 = DIRECTION('',(1.,-1.110223024625E-16,0.));
#6756 = ORIENTED_EDGE('',*,*,#5056,.T.);
#6757 = ORIENTED_EDGE('',*,*,#6734,.F.);
#6758 = ORIENTED_EDGE('',*,*,#5120,.F.);
#6759 = PLANE('',#6760);
#6760 = AXIS2_PLACEMENT_3D('',#6761,#6762,#6763);
#6761 = CARTESIAN_POINT('',(-0.1,-0.15,-3.1));
#6762 = DIRECTION('',(-1.077074540829E-16,-0.970142500145,
    -0.242535625036));
#6763 = DIRECTION('',(-2.692686352073E-17,-0.242535625036,0.970142500145
    ));
#6764 = ADVANCED_FACE('',(#6765),#6776,.T.);
#6765 = FACE_BOUND('',#6766,.T.);
#6766 = EDGE_LOOP('',(#6767,#6773,#6774,#6775));
#6767 = ORIENTED_EDGE('',*,*,#6768,.T.);
#6768 = EDGE_CURVE('',#5105,#5041,#6769,.T.);
#6769 = LINE('',#6770,#6771);
#6770 = CARTESIAN_POINT('',(-0.1,0.15,-3.1));
#6771 = VECTOR('',#6772,1.);
#6772 = DIRECTION('',(1.,-1.110223024625E-16,0.));
#6773 = ORIENTED_EDGE('',*,*,#5048,.T.);
#6774 = ORIENTED_EDGE('',*,*,#6751,.F.);
#6775 = ORIENTED_EDGE('',*,*,#5112,.T.);
#6776 = PLANE('',#6777);
#6777 = AXIS2_PLACEMENT_3D('',#6778,#6779,#6780);
#6778 = CARTESIAN_POINT('',(-0.1,0.15,-3.1));
#6779 = DIRECTION('',(0.,-0.,-1.));
#6780 = DIRECTION('',(-1.110223024625E-16,-1.,0.));
#6781 = ADVANCED_FACE('',(#6782),#6793,.T.);
#6782 = FACE_BOUND('',#6783,.T.);
#6783 = EDGE_LOOP('',(#6784,#6790,#6791,#6792));
#6784 = ORIENTED_EDGE('',*,*,#6785,.T.);
#6785 = EDGE_CURVE('',#5097,#5033,#6786,.T.);
#6786 = LINE('',#6787,#6788);
#6787 = CARTESIAN_POINT('',(-0.1,0.3,-2.5));
#6788 = VECTOR('',#6789,1.);
#6789 = DIRECTION('',(1.,-1.110223024625E-16,0.));
#6790 = ORIENTED_EDGE('',*,*,#5040,.T.);
#6791 = ORIENTED_EDGE('',*,*,#6768,.F.);
#6792 = ORIENTED_EDGE('',*,*,#5104,.F.);
#6793 = PLANE('',#6794);
#6794 = AXIS2_PLACEMENT_3D('',#6795,#6796,#6797);
#6795 = CARTESIAN_POINT('',(-0.1,0.3,-2.5));
#6796 = DIRECTION('',(1.077074540829E-16,0.970142500145,-0.242535625036)
  );
#6797 = DIRECTION('',(-2.692686352073E-17,-0.242535625036,
    -0.970142500145));
#6798 = ADVANCED_FACE('',(#6799),#6805,.T.);
#6799 = FACE_BOUND('',#6800,.T.);
#6800 = EDGE_LOOP('',(#6801,#6802,#6803,#6804));
#6801 = ORIENTED_EDGE('',*,*,#5070,.T.);
#6802 = ORIENTED_EDGE('',*,*,#5032,.T.);
#6803 = ORIENTED_EDGE('',*,*,#6785,.F.);
#6804 = ORIENTED_EDGE('',*,*,#5096,.F.);
#6805 = PLANE('',#6806);
#6806 = AXIS2_PLACEMENT_3D('',#6807,#6808,#6809);
#6807 = CARTESIAN_POINT('',(-0.1,0.3,0.2));
#6808 = DIRECTION('',(1.110223024625E-16,1.,0.));
#6809 = DIRECTION('',(0.,0.,-1.));
#6810 = ADVANCED_FACE('',(#6811),#6822,.T.);
#6811 = FACE_BOUND('',#6812,.T.);
#6812 = EDGE_LOOP('',(#6813,#6814,#6815,#6816));
#6813 = ORIENTED_EDGE('',*,*,#5279,.T.);
#6814 = ORIENTED_EDGE('',*,*,#5142,.T.);
#6815 = ORIENTED_EDGE('',*,*,#5167,.T.);
#6816 = ORIENTED_EDGE('',*,*,#6817,.T.);
#6817 = EDGE_CURVE('',#5168,#5272,#6818,.T.);
#6818 = LINE('',#6819,#6820);
#6819 = CARTESIAN_POINT('',(0.1,-15.24,0.9));
#6820 = VECTOR('',#6821,1.);
#6821 = DIRECTION('',(-1.110223024625E-16,-1.,0.));
#6822 = PLANE('',#6823);
#6823 = AXIS2_PLACEMENT_3D('',#6824,#6825,#6826);
#6824 = CARTESIAN_POINT('',(-1.65265949074E-15,-15.24,0.9));
#6825 = DIRECTION('',(0.,0.,1.));
#6826 = DIRECTION('',(1.110223024625E-16,1.,-0.));
#6827 = ADVANCED_FACE('',(#6828),#6839,.T.);
#6828 = FACE_BOUND('',#6829,.T.);
#6829 = EDGE_LOOP('',(#6830,#6831,#6837,#6838));
#6830 = ORIENTED_EDGE('',*,*,#5247,.T.);
#6831 = ORIENTED_EDGE('',*,*,#6832,.F.);
#6832 = EDGE_CURVE('',#5192,#5248,#6833,.T.);
#6833 = LINE('',#6834,#6835);
#6834 = CARTESIAN_POINT('',(-0.1,-15.24,0.9));
#6835 = VECTOR('',#6836,1.);
#6836 = DIRECTION('',(-1.110223024625E-16,-1.,0.));
#6837 = ORIENTED_EDGE('',*,*,#5199,.T.);
#6838 = ORIENTED_EDGE('',*,*,#5222,.T.);
#6839 = PLANE('',#6840);
#6840 = AXIS2_PLACEMENT_3D('',#6841,#6842,#6843);
#6841 = CARTESIAN_POINT('',(-1.65265949074E-15,-15.24,0.9));
#6842 = DIRECTION('',(0.,0.,1.));
#6843 = DIRECTION('',(1.110223024625E-16,1.,-0.));
#6844 = ADVANCED_FACE('',(#6845),#6888,.T.);
#6845 = FACE_BOUND('',#6846,.T.);
#6846 = EDGE_LOOP('',(#6847,#6848,#6856,#6864,#6872,#6880,#6886,#6887));
#6847 = ORIENTED_EDGE('',*,*,#5255,.F.);
#6848 = ORIENTED_EDGE('',*,*,#6849,.T.);
#6849 = EDGE_CURVE('',#5256,#6850,#6852,.T.);
#6850 = VERTEX_POINT('',#6851);
#6851 = CARTESIAN_POINT('',(-0.1,-15.49,7.35));
#6852 = LINE('',#6853,#6854);
#6853 = CARTESIAN_POINT('',(-0.1,-15.54,7.4));
#6854 = VECTOR('',#6855,1.);
#6855 = DIRECTION('',(7.850462293414E-17,0.707106781187,-0.707106781187)
  );
#6856 = ORIENTED_EDGE('',*,*,#6857,.T.);
#6857 = EDGE_CURVE('',#6850,#6858,#6860,.T.);
#6858 = VERTEX_POINT('',#6859);
#6859 = CARTESIAN_POINT('',(-0.1,-15.49,1.25));
#6860 = LINE('',#6861,#6862);
#6861 = CARTESIAN_POINT('',(-0.1,-15.49,7.35));
#6862 = VECTOR('',#6863,1.);
#6863 = DIRECTION('',(0.,0.,-1.));
#6864 = ORIENTED_EDGE('',*,*,#6865,.T.);
#6865 = EDGE_CURVE('',#6858,#6866,#6868,.T.);
#6866 = VERTEX_POINT('',#6867);
#6867 = CARTESIAN_POINT('',(-0.1,-14.99,1.25));
#6868 = LINE('',#6869,#6870);
#6869 = CARTESIAN_POINT('',(-0.1,-15.49,1.25));
#6870 = VECTOR('',#6871,1.);
#6871 = DIRECTION('',(1.110223024625E-16,1.,0.));
#6872 = ORIENTED_EDGE('',*,*,#6873,.T.);
#6873 = EDGE_CURVE('',#6866,#6874,#6876,.T.);
#6874 = VERTEX_POINT('',#6875);
#6875 = CARTESIAN_POINT('',(-0.1,-14.99,7.35));
#6876 = LINE('',#6877,#6878);
#6877 = CARTESIAN_POINT('',(-0.1,-14.99,1.25));
#6878 = VECTOR('',#6879,1.);
#6879 = DIRECTION('',(0.,0.,1.));
#6880 = ORIENTED_EDGE('',*,*,#6881,.T.);
#6881 = EDGE_CURVE('',#6874,#5184,#6882,.T.);
#6882 = LINE('',#6883,#6884);
#6883 = CARTESIAN_POINT('',(-0.1,-14.99,7.35));
#6884 = VECTOR('',#6885,1.);
#6885 = DIRECTION('',(7.850462293414E-17,0.707106781187,0.707106781187)
  );
#6886 = ORIENTED_EDGE('',*,*,#5191,.F.);
#6887 = ORIENTED_EDGE('',*,*,#6832,.T.);
#6888 = PLANE('',#6889);
#6889 = AXIS2_PLACEMENT_3D('',#6890,#6891,#6892);
#6890 = CARTESIAN_POINT('',(-0.1,-15.24,3.911477598424));
#6891 = DIRECTION('',(-1.,1.110223024625E-16,0.));
#6892 = DIRECTION('',(0.,0.,1.));
#6893 = ADVANCED_FACE('',(#6894),#6912,.T.);
#6894 = FACE_BOUND('',#6895,.T.);
#6895 = EDGE_LOOP('',(#6896,#6904,#6910,#6911));
#6896 = ORIENTED_EDGE('',*,*,#6897,.T.);
#6897 = EDGE_CURVE('',#6874,#6898,#6900,.T.);
#6898 = VERTEX_POINT('',#6899);
#6899 = CARTESIAN_POINT('',(0.1,-14.99,7.35));
#6900 = LINE('',#6901,#6902);
#6901 = CARTESIAN_POINT('',(-0.1,-14.99,7.35));
#6902 = VECTOR('',#6903,1.);
#6903 = DIRECTION('',(1.,-1.110223024625E-16,0.));
#6904 = ORIENTED_EDGE('',*,*,#6905,.T.);
#6905 = EDGE_CURVE('',#6898,#5176,#6906,.T.);
#6906 = LINE('',#6907,#6908);
#6907 = CARTESIAN_POINT('',(0.1,-14.99,7.35));
#6908 = VECTOR('',#6909,1.);
#6909 = DIRECTION('',(7.850462293414E-17,0.707106781187,0.707106781187)
  );
#6910 = ORIENTED_EDGE('',*,*,#5183,.F.);
#6911 = ORIENTED_EDGE('',*,*,#6881,.F.);
#6912 = PLANE('',#6913);
#6913 = AXIS2_PLACEMENT_3D('',#6914,#6915,#6916);
#6914 = CARTESIAN_POINT('',(-0.1,-14.99,7.35));
#6915 = DIRECTION('',(-7.850462293414E-17,-0.707106781187,0.707106781187
    ));
#6916 = DIRECTION('',(7.850462293414E-17,0.707106781187,0.707106781187)
  );
#6917 = ADVANCED_FACE('',(#6918),#6954,.F.);
#6918 = FACE_BOUND('',#6919,.F.);
#6919 = EDGE_LOOP('',(#6920,#6921,#6929,#6937,#6945,#6951,#6952,#6953));
#6920 = ORIENTED_EDGE('',*,*,#5271,.F.);
#6921 = ORIENTED_EDGE('',*,*,#6922,.T.);
#6922 = EDGE_CURVE('',#5264,#6923,#6925,.T.);
#6923 = VERTEX_POINT('',#6924);
#6924 = CARTESIAN_POINT('',(0.1,-15.49,7.35));
#6925 = LINE('',#6926,#6927);
#6926 = CARTESIAN_POINT('',(0.1,-15.54,7.4));
#6927 = VECTOR('',#6928,1.);
#6928 = DIRECTION('',(7.850462293414E-17,0.707106781187,-0.707106781187)
  );
#6929 = ORIENTED_EDGE('',*,*,#6930,.T.);
#6930 = EDGE_CURVE('',#6923,#6931,#6933,.T.);
#6931 = VERTEX_POINT('',#6932);
#6932 = CARTESIAN_POINT('',(0.1,-15.49,1.25));
#6933 = LINE('',#6934,#6935);
#6934 = CARTESIAN_POINT('',(0.1,-15.49,7.35));
#6935 = VECTOR('',#6936,1.);
#6936 = DIRECTION('',(0.,0.,-1.));
#6937 = ORIENTED_EDGE('',*,*,#6938,.T.);
#6938 = EDGE_CURVE('',#6931,#6939,#6941,.T.);
#6939 = VERTEX_POINT('',#6940);
#6940 = CARTESIAN_POINT('',(0.1,-14.99,1.25));
#6941 = LINE('',#6942,#6943);
#6942 = CARTESIAN_POINT('',(0.1,-15.49,1.25));
#6943 = VECTOR('',#6944,1.);
#6944 = DIRECTION('',(1.110223024625E-16,1.,0.));
#6945 = ORIENTED_EDGE('',*,*,#6946,.T.);
#6946 = EDGE_CURVE('',#6939,#6898,#6947,.T.);
#6947 = LINE('',#6948,#6949);
#6948 = CARTESIAN_POINT('',(0.1,-14.99,1.25));
#6949 = VECTOR('',#6950,1.);
#6950 = DIRECTION('',(0.,0.,1.));
#6951 = ORIENTED_EDGE('',*,*,#6905,.T.);
#6952 = ORIENTED_EDGE('',*,*,#5175,.F.);
#6953 = ORIENTED_EDGE('',*,*,#6817,.T.);
#6954 = PLANE('',#6955);
#6955 = AXIS2_PLACEMENT_3D('',#6956,#6957,#6958);
#6956 = CARTESIAN_POINT('',(0.1,-15.24,3.911477598424));
#6957 = DIRECTION('',(-1.,1.110223024625E-16,0.));
#6958 = DIRECTION('',(0.,0.,1.));
#6959 = ADVANCED_FACE('',(#6960),#6971,.T.);
#6960 = FACE_BOUND('',#6961,.T.);
#6961 = EDGE_LOOP('',(#6962,#6963,#6964,#6970));
#6962 = ORIENTED_EDGE('',*,*,#5263,.T.);
#6963 = ORIENTED_EDGE('',*,*,#6922,.T.);
#6964 = ORIENTED_EDGE('',*,*,#6965,.F.);
#6965 = EDGE_CURVE('',#6850,#6923,#6966,.T.);
#6966 = LINE('',#6967,#6968);
#6967 = CARTESIAN_POINT('',(-0.1,-15.49,7.35));
#6968 = VECTOR('',#6969,1.);
#6969 = DIRECTION('',(1.,-1.110223024625E-16,0.));
#6970 = ORIENTED_EDGE('',*,*,#6849,.F.);
#6971 = PLANE('',#6972);
#6972 = AXIS2_PLACEMENT_3D('',#6973,#6974,#6975);
#6973 = CARTESIAN_POINT('',(-0.1,-15.54,7.4));
#6974 = DIRECTION('',(7.850462293414E-17,0.707106781187,0.707106781187)
  );
#6975 = DIRECTION('',(7.850462293414E-17,0.707106781187,-0.707106781187)
  );
#6976 = ADVANCED_FACE('',(#6977),#6988,.T.);
#6977 = FACE_BOUND('',#6978,.T.);
#6978 = EDGE_LOOP('',(#6979,#6980,#6981,#6982));
#6979 = ORIENTED_EDGE('',*,*,#5439,.T.);
#6980 = ORIENTED_EDGE('',*,*,#5302,.T.);
#6981 = ORIENTED_EDGE('',*,*,#5327,.T.);
#6982 = ORIENTED_EDGE('',*,*,#6983,.T.);
#6983 = EDGE_CURVE('',#5328,#5432,#6984,.T.);
#6984 = LINE('',#6985,#6986);
#6985 = CARTESIAN_POINT('',(0.1,-12.7,0.9));
#6986 = VECTOR('',#6987,1.);
#6987 = DIRECTION('',(-1.110223024625E-16,-1.,0.));
#6988 = PLANE('',#6989);
#6989 = AXIS2_PLACEMENT_3D('',#6990,#6991,#6992);
#6990 = CARTESIAN_POINT('',(-1.370662842485E-15,-12.7,0.9));
#6991 = DIRECTION('',(0.,0.,1.));
#6992 = DIRECTION('',(1.110223024625E-16,1.,-0.));
#6993 = ADVANCED_FACE('',(#6994),#7005,.T.);
#6994 = FACE_BOUND('',#6995,.T.);
#6995 = EDGE_LOOP('',(#6996,#6997,#7003,#7004));
#6996 = ORIENTED_EDGE('',*,*,#5407,.T.);
#6997 = ORIENTED_EDGE('',*,*,#6998,.F.);
#6998 = EDGE_CURVE('',#5352,#5408,#6999,.T.);
#6999 = LINE('',#7000,#7001);
#7000 = CARTESIAN_POINT('',(-0.1,-12.7,0.9));
#7001 = VECTOR('',#7002,1.);
#7002 = DIRECTION('',(-1.110223024625E-16,-1.,0.));
#7003 = ORIENTED_EDGE('',*,*,#5359,.T.);
#7004 = ORIENTED_EDGE('',*,*,#5382,.T.);
#7005 = PLANE('',#7006);
#7006 = AXIS2_PLACEMENT_3D('',#7007,#7008,#7009);
#7007 = CARTESIAN_POINT('',(-1.370662842485E-15,-12.7,0.9));
#7008 = DIRECTION('',(0.,0.,1.));
#7009 = DIRECTION('',(1.110223024625E-16,1.,-0.));
#7010 = ADVANCED_FACE('',(#7011),#7054,.T.);
#7011 = FACE_BOUND('',#7012,.T.);
#7012 = EDGE_LOOP('',(#7013,#7014,#7022,#7030,#7038,#7046,#7052,#7053));
#7013 = ORIENTED_EDGE('',*,*,#5415,.F.);
#7014 = ORIENTED_EDGE('',*,*,#7015,.T.);
#7015 = EDGE_CURVE('',#5416,#7016,#7018,.T.);
#7016 = VERTEX_POINT('',#7017);
#7017 = CARTESIAN_POINT('',(-0.1,-12.95,7.35));
#7018 = LINE('',#7019,#7020);
#7019 = CARTESIAN_POINT('',(-0.1,-13.,7.4));
#7020 = VECTOR('',#7021,1.);
#7021 = DIRECTION('',(7.850462293414E-17,0.707106781187,-0.707106781187)
  );
#7022 = ORIENTED_EDGE('',*,*,#7023,.T.);
#7023 = EDGE_CURVE('',#7016,#7024,#7026,.T.);
#7024 = VERTEX_POINT('',#7025);
#7025 = CARTESIAN_POINT('',(-0.1,-12.95,1.25));
#7026 = LINE('',#7027,#7028);
#7027 = CARTESIAN_POINT('',(-0.1,-12.95,7.35));
#7028 = VECTOR('',#7029,1.);
#7029 = DIRECTION('',(0.,0.,-1.));
#7030 = ORIENTED_EDGE('',*,*,#7031,.T.);
#7031 = EDGE_CURVE('',#7024,#7032,#7034,.T.);
#7032 = VERTEX_POINT('',#7033);
#7033 = CARTESIAN_POINT('',(-0.1,-12.45,1.25));
#7034 = LINE('',#7035,#7036);
#7035 = CARTESIAN_POINT('',(-0.1,-12.95,1.25));
#7036 = VECTOR('',#7037,1.);
#7037 = DIRECTION('',(1.110223024625E-16,1.,0.));
#7038 = ORIENTED_EDGE('',*,*,#7039,.T.);
#7039 = EDGE_CURVE('',#7032,#7040,#7042,.T.);
#7040 = VERTEX_POINT('',#7041);
#7041 = CARTESIAN_POINT('',(-0.1,-12.45,7.35));
#7042 = LINE('',#7043,#7044);
#7043 = CARTESIAN_POINT('',(-0.1,-12.45,1.25));
#7044 = VECTOR('',#7045,1.);
#7045 = DIRECTION('',(0.,0.,1.));
#7046 = ORIENTED_EDGE('',*,*,#7047,.T.);
#7047 = EDGE_CURVE('',#7040,#5344,#7048,.T.);
#7048 = LINE('',#7049,#7050);
#7049 = CARTESIAN_POINT('',(-0.1,-12.45,7.35));
#7050 = VECTOR('',#7051,1.);
#7051 = DIRECTION('',(7.850462293414E-17,0.707106781187,0.707106781187)
  );
#7052 = ORIENTED_EDGE('',*,*,#5351,.F.);
#7053 = ORIENTED_EDGE('',*,*,#6998,.T.);
#7054 = PLANE('',#7055);
#7055 = AXIS2_PLACEMENT_3D('',#7056,#7057,#7058);
#7056 = CARTESIAN_POINT('',(-0.1,-12.7,3.911477598424));
#7057 = DIRECTION('',(-1.,1.110223024625E-16,0.));
#7058 = DIRECTION('',(0.,0.,1.));
#7059 = ADVANCED_FACE('',(#7060),#7078,.T.);
#7060 = FACE_BOUND('',#7061,.T.);
#7061 = EDGE_LOOP('',(#7062,#7070,#7076,#7077));
#7062 = ORIENTED_EDGE('',*,*,#7063,.T.);
#7063 = EDGE_CURVE('',#7040,#7064,#7066,.T.);
#7064 = VERTEX_POINT('',#7065);
#7065 = CARTESIAN_POINT('',(0.1,-12.45,7.35));
#7066 = LINE('',#7067,#7068);
#7067 = CARTESIAN_POINT('',(-0.1,-12.45,7.35));
#7068 = VECTOR('',#7069,1.);
#7069 = DIRECTION('',(1.,-1.110223024625E-16,0.));
#7070 = ORIENTED_EDGE('',*,*,#7071,.T.);
#7071 = EDGE_CURVE('',#7064,#5336,#7072,.T.);
#7072 = LINE('',#7073,#7074);
#7073 = CARTESIAN_POINT('',(0.1,-12.45,7.35));
#7074 = VECTOR('',#7075,1.);
#7075 = DIRECTION('',(7.850462293414E-17,0.707106781187,0.707106781187)
  );
#7076 = ORIENTED_EDGE('',*,*,#5343,.F.);
#7077 = ORIENTED_EDGE('',*,*,#7047,.F.);
#7078 = PLANE('',#7079);
#7079 = AXIS2_PLACEMENT_3D('',#7080,#7081,#7082);
#7080 = CARTESIAN_POINT('',(-0.1,-12.45,7.35));
#7081 = DIRECTION('',(-7.850462293414E-17,-0.707106781187,0.707106781187
    ));
#7082 = DIRECTION('',(7.850462293414E-17,0.707106781187,0.707106781187)
  );
#7083 = ADVANCED_FACE('',(#7084),#7120,.F.);
#7084 = FACE_BOUND('',#7085,.F.);
#7085 = EDGE_LOOP('',(#7086,#7087,#7095,#7103,#7111,#7117,#7118,#7119));
#7086 = ORIENTED_EDGE('',*,*,#5431,.F.);
#7087 = ORIENTED_EDGE('',*,*,#7088,.T.);
#7088 = EDGE_CURVE('',#5424,#7089,#7091,.T.);
#7089 = VERTEX_POINT('',#7090);
#7090 = CARTESIAN_POINT('',(0.1,-12.95,7.35));
#7091 = LINE('',#7092,#7093);
#7092 = CARTESIAN_POINT('',(0.1,-13.,7.4));
#7093 = VECTOR('',#7094,1.);
#7094 = DIRECTION('',(7.850462293414E-17,0.707106781187,-0.707106781187)
  );
#7095 = ORIENTED_EDGE('',*,*,#7096,.T.);
#7096 = EDGE_CURVE('',#7089,#7097,#7099,.T.);
#7097 = VERTEX_POINT('',#7098);
#7098 = CARTESIAN_POINT('',(0.1,-12.95,1.25));
#7099 = LINE('',#7100,#7101);
#7100 = CARTESIAN_POINT('',(0.1,-12.95,7.35));
#7101 = VECTOR('',#7102,1.);
#7102 = DIRECTION('',(0.,0.,-1.));
#7103 = ORIENTED_EDGE('',*,*,#7104,.T.);
#7104 = EDGE_CURVE('',#7097,#7105,#7107,.T.);
#7105 = VERTEX_POINT('',#7106);
#7106 = CARTESIAN_POINT('',(0.1,-12.45,1.25));
#7107 = LINE('',#7108,#7109);
#7108 = CARTESIAN_POINT('',(0.1,-12.95,1.25));
#7109 = VECTOR('',#7110,1.);
#7110 = DIRECTION('',(1.110223024625E-16,1.,0.));
#7111 = ORIENTED_EDGE('',*,*,#7112,.T.);
#7112 = EDGE_CURVE('',#7105,#7064,#7113,.T.);
#7113 = LINE('',#7114,#7115);
#7114 = CARTESIAN_POINT('',(0.1,-12.45,1.25));
#7115 = VECTOR('',#7116,1.);
#7116 = DIRECTION('',(0.,0.,1.));
#7117 = ORIENTED_EDGE('',*,*,#7071,.T.);
#7118 = ORIENTED_EDGE('',*,*,#5335,.F.);
#7119 = ORIENTED_EDGE('',*,*,#6983,.T.);
#7120 = PLANE('',#7121);
#7121 = AXIS2_PLACEMENT_3D('',#7122,#7123,#7124);
#7122 = CARTESIAN_POINT('',(0.1,-12.7,3.911477598424));
#7123 = DIRECTION('',(-1.,1.110223024625E-16,0.));
#7124 = DIRECTION('',(0.,0.,1.));
#7125 = ADVANCED_FACE('',(#7126),#7137,.T.);
#7126 = FACE_BOUND('',#7127,.T.);
#7127 = EDGE_LOOP('',(#7128,#7129,#7130,#7136));
#7128 = ORIENTED_EDGE('',*,*,#5423,.T.);
#7129 = ORIENTED_EDGE('',*,*,#7088,.T.);
#7130 = ORIENTED_EDGE('',*,*,#7131,.F.);
#7131 = EDGE_CURVE('',#7016,#7089,#7132,.T.);
#7132 = LINE('',#7133,#7134);
#7133 = CARTESIAN_POINT('',(-0.1,-12.95,7.35));
#7134 = VECTOR('',#7135,1.);
#7135 = DIRECTION('',(1.,-1.110223024625E-16,0.));
#7136 = ORIENTED_EDGE('',*,*,#7015,.F.);
#7137 = PLANE('',#7138);
#7138 = AXIS2_PLACEMENT_3D('',#7139,#7140,#7141);
#7139 = CARTESIAN_POINT('',(-0.1,-13.,7.4));
#7140 = DIRECTION('',(7.850462293414E-17,0.707106781187,0.707106781187)
  );
#7141 = DIRECTION('',(7.850462293414E-17,0.707106781187,-0.707106781187)
  );
#7142 = ADVANCED_FACE('',(#7143),#7154,.T.);
#7143 = FACE_BOUND('',#7144,.T.);
#7144 = EDGE_LOOP('',(#7145,#7146,#7147,#7148));
#7145 = ORIENTED_EDGE('',*,*,#5599,.T.);
#7146 = ORIENTED_EDGE('',*,*,#5462,.T.);
#7147 = ORIENTED_EDGE('',*,*,#5487,.T.);
#7148 = ORIENTED_EDGE('',*,*,#7149,.T.);
#7149 = EDGE_CURVE('',#5488,#5592,#7150,.T.);
#7150 = LINE('',#7151,#7152);
#7151 = CARTESIAN_POINT('',(0.1,-10.16,0.9));
#7152 = VECTOR('',#7153,1.);
#7153 = DIRECTION('',(-1.110223024625E-16,-1.,0.));
#7154 = PLANE('',#7155);
#7155 = AXIS2_PLACEMENT_3D('',#7156,#7157,#7158);
#7156 = CARTESIAN_POINT('',(-1.08866619423E-15,-10.16,0.9));
#7157 = DIRECTION('',(0.,0.,1.));
#7158 = DIRECTION('',(1.110223024625E-16,1.,-0.));
#7159 = ADVANCED_FACE('',(#7160),#7171,.T.);
#7160 = FACE_BOUND('',#7161,.T.);
#7161 = EDGE_LOOP('',(#7162,#7163,#7169,#7170));
#7162 = ORIENTED_EDGE('',*,*,#5567,.T.);
#7163 = ORIENTED_EDGE('',*,*,#7164,.F.);
#7164 = EDGE_CURVE('',#5512,#5568,#7165,.T.);
#7165 = LINE('',#7166,#7167);
#7166 = CARTESIAN_POINT('',(-0.1,-10.16,0.9));
#7167 = VECTOR('',#7168,1.);
#7168 = DIRECTION('',(-1.110223024625E-16,-1.,0.));
#7169 = ORIENTED_EDGE('',*,*,#5519,.T.);
#7170 = ORIENTED_EDGE('',*,*,#5542,.T.);
#7171 = PLANE('',#7172);
#7172 = AXIS2_PLACEMENT_3D('',#7173,#7174,#7175);
#7173 = CARTESIAN_POINT('',(-1.08866619423E-15,-10.16,0.9));
#7174 = DIRECTION('',(0.,0.,1.));
#7175 = DIRECTION('',(1.110223024625E-16,1.,-0.));
#7176 = ADVANCED_FACE('',(#7177),#7220,.T.);
#7177 = FACE_BOUND('',#7178,.T.);
#7178 = EDGE_LOOP('',(#7179,#7180,#7188,#7196,#7204,#7212,#7218,#7219));
#7179 = ORIENTED_EDGE('',*,*,#5575,.F.);
#7180 = ORIENTED_EDGE('',*,*,#7181,.T.);
#7181 = EDGE_CURVE('',#5576,#7182,#7184,.T.);
#7182 = VERTEX_POINT('',#7183);
#7183 = CARTESIAN_POINT('',(-0.1,-10.41,7.35));
#7184 = LINE('',#7185,#7186);
#7185 = CARTESIAN_POINT('',(-0.1,-10.46,7.4));
#7186 = VECTOR('',#7187,1.);
#7187 = DIRECTION('',(7.850462293414E-17,0.707106781187,-0.707106781187)
  );
#7188 = ORIENTED_EDGE('',*,*,#7189,.T.);
#7189 = EDGE_CURVE('',#7182,#7190,#7192,.T.);
#7190 = VERTEX_POINT('',#7191);
#7191 = CARTESIAN_POINT('',(-0.1,-10.41,1.25));
#7192 = LINE('',#7193,#7194);
#7193 = CARTESIAN_POINT('',(-0.1,-10.41,7.35));
#7194 = VECTOR('',#7195,1.);
#7195 = DIRECTION('',(0.,0.,-1.));
#7196 = ORIENTED_EDGE('',*,*,#7197,.T.);
#7197 = EDGE_CURVE('',#7190,#7198,#7200,.T.);
#7198 = VERTEX_POINT('',#7199);
#7199 = CARTESIAN_POINT('',(-0.1,-9.91,1.25));
#7200 = LINE('',#7201,#7202);
#7201 = CARTESIAN_POINT('',(-0.1,-10.41,1.25));
#7202 = VECTOR('',#7203,1.);
#7203 = DIRECTION('',(1.110223024625E-16,1.,0.));
#7204 = ORIENTED_EDGE('',*,*,#7205,.T.);
#7205 = EDGE_CURVE('',#7198,#7206,#7208,.T.);
#7206 = VERTEX_POINT('',#7207);
#7207 = CARTESIAN_POINT('',(-0.1,-9.91,7.35));
#7208 = LINE('',#7209,#7210);
#7209 = CARTESIAN_POINT('',(-0.1,-9.91,1.25));
#7210 = VECTOR('',#7211,1.);
#7211 = DIRECTION('',(0.,0.,1.));
#7212 = ORIENTED_EDGE('',*,*,#7213,.T.);
#7213 = EDGE_CURVE('',#7206,#5504,#7214,.T.);
#7214 = LINE('',#7215,#7216);
#7215 = CARTESIAN_POINT('',(-0.1,-9.91,7.35));
#7216 = VECTOR('',#7217,1.);
#7217 = DIRECTION('',(7.850462293414E-17,0.707106781187,0.707106781187)
  );
#7218 = ORIENTED_EDGE('',*,*,#5511,.F.);
#7219 = ORIENTED_EDGE('',*,*,#7164,.T.);
#7220 = PLANE('',#7221);
#7221 = AXIS2_PLACEMENT_3D('',#7222,#7223,#7224);
#7222 = CARTESIAN_POINT('',(-0.1,-10.16,3.911477598424));
#7223 = DIRECTION('',(-1.,1.110223024625E-16,0.));
#7224 = DIRECTION('',(0.,0.,1.));
#7225 = ADVANCED_FACE('',(#7226),#7244,.T.);
#7226 = FACE_BOUND('',#7227,.T.);
#7227 = EDGE_LOOP('',(#7228,#7236,#7242,#7243));
#7228 = ORIENTED_EDGE('',*,*,#7229,.T.);
#7229 = EDGE_CURVE('',#7206,#7230,#7232,.T.);
#7230 = VERTEX_POINT('',#7231);
#7231 = CARTESIAN_POINT('',(0.1,-9.91,7.35));
#7232 = LINE('',#7233,#7234);
#7233 = CARTESIAN_POINT('',(-0.1,-9.91,7.35));
#7234 = VECTOR('',#7235,1.);
#7235 = DIRECTION('',(1.,-1.110223024625E-16,0.));
#7236 = ORIENTED_EDGE('',*,*,#7237,.T.);
#7237 = EDGE_CURVE('',#7230,#5496,#7238,.T.);
#7238 = LINE('',#7239,#7240);
#7239 = CARTESIAN_POINT('',(0.1,-9.91,7.35));
#7240 = VECTOR('',#7241,1.);
#7241 = DIRECTION('',(7.850462293414E-17,0.707106781187,0.707106781187)
  );
#7242 = ORIENTED_EDGE('',*,*,#5503,.F.);
#7243 = ORIENTED_EDGE('',*,*,#7213,.F.);
#7244 = PLANE('',#7245);
#7245 = AXIS2_PLACEMENT_3D('',#7246,#7247,#7248);
#7246 = CARTESIAN_POINT('',(-0.1,-9.91,7.35));
#7247 = DIRECTION('',(-7.850462293414E-17,-0.707106781187,0.707106781187
    ));
#7248 = DIRECTION('',(7.850462293414E-17,0.707106781187,0.707106781187)
  );
#7249 = ADVANCED_FACE('',(#7250),#7286,.F.);
#7250 = FACE_BOUND('',#7251,.F.);
#7251 = EDGE_LOOP('',(#7252,#7253,#7261,#7269,#7277,#7283,#7284,#7285));
#7252 = ORIENTED_EDGE('',*,*,#5591,.F.);
#7253 = ORIENTED_EDGE('',*,*,#7254,.T.);
#7254 = EDGE_CURVE('',#5584,#7255,#7257,.T.);
#7255 = VERTEX_POINT('',#7256);
#7256 = CARTESIAN_POINT('',(0.1,-10.41,7.35));
#7257 = LINE('',#7258,#7259);
#7258 = CARTESIAN_POINT('',(0.1,-10.46,7.4));
#7259 = VECTOR('',#7260,1.);
#7260 = DIRECTION('',(7.850462293414E-17,0.707106781187,-0.707106781187)
  );
#7261 = ORIENTED_EDGE('',*,*,#7262,.T.);
#7262 = EDGE_CURVE('',#7255,#7263,#7265,.T.);
#7263 = VERTEX_POINT('',#7264);
#7264 = CARTESIAN_POINT('',(0.1,-10.41,1.25));
#7265 = LINE('',#7266,#7267);
#7266 = CARTESIAN_POINT('',(0.1,-10.41,7.35));
#7267 = VECTOR('',#7268,1.);
#7268 = DIRECTION('',(0.,0.,-1.));
#7269 = ORIENTED_EDGE('',*,*,#7270,.T.);
#7270 = EDGE_CURVE('',#7263,#7271,#7273,.T.);
#7271 = VERTEX_POINT('',#7272);
#7272 = CARTESIAN_POINT('',(0.1,-9.91,1.25));
#7273 = LINE('',#7274,#7275);
#7274 = CARTESIAN_POINT('',(0.1,-10.41,1.25));
#7275 = VECTOR('',#7276,1.);
#7276 = DIRECTION('',(1.110223024625E-16,1.,0.));
#7277 = ORIENTED_EDGE('',*,*,#7278,.T.);
#7278 = EDGE_CURVE('',#7271,#7230,#7279,.T.);
#7279 = LINE('',#7280,#7281);
#7280 = CARTESIAN_POINT('',(0.1,-9.91,1.25));
#7281 = VECTOR('',#7282,1.);
#7282 = DIRECTION('',(0.,0.,1.));
#7283 = ORIENTED_EDGE('',*,*,#7237,.T.);
#7284 = ORIENTED_EDGE('',*,*,#5495,.F.);
#7285 = ORIENTED_EDGE('',*,*,#7149,.T.);
#7286 = PLANE('',#7287);
#7287 = AXIS2_PLACEMENT_3D('',#7288,#7289,#7290);
#7288 = CARTESIAN_POINT('',(0.1,-10.16,3.911477598424));
#7289 = DIRECTION('',(-1.,1.110223024625E-16,0.));
#7290 = DIRECTION('',(0.,0.,1.));
#7291 = ADVANCED_FACE('',(#7292),#7303,.T.);
#7292 = FACE_BOUND('',#7293,.T.);
#7293 = EDGE_LOOP('',(#7294,#7295,#7296,#7302));
#7294 = ORIENTED_EDGE('',*,*,#5583,.T.);
#7295 = ORIENTED_EDGE('',*,*,#7254,.T.);
#7296 = ORIENTED_EDGE('',*,*,#7297,.F.);
#7297 = EDGE_CURVE('',#7182,#7255,#7298,.T.);
#7298 = LINE('',#7299,#7300);
#7299 = CARTESIAN_POINT('',(-0.1,-10.41,7.35));
#7300 = VECTOR('',#7301,1.);
#7301 = DIRECTION('',(1.,-1.110223024625E-16,0.));
#7302 = ORIENTED_EDGE('',*,*,#7181,.F.);
#7303 = PLANE('',#7304);
#7304 = AXIS2_PLACEMENT_3D('',#7305,#7306,#7307);
#7305 = CARTESIAN_POINT('',(-0.1,-10.46,7.4));
#7306 = DIRECTION('',(7.850462293414E-17,0.707106781187,0.707106781187)
  );
#7307 = DIRECTION('',(7.850462293414E-17,0.707106781187,-0.707106781187)
  );
#7308 = ADVANCED_FACE('',(#7309),#7320,.T.);
#7309 = FACE_BOUND('',#7310,.T.);
#7310 = EDGE_LOOP('',(#7311,#7312,#7313,#7314));
#7311 = ORIENTED_EDGE('',*,*,#5759,.T.);
#7312 = ORIENTED_EDGE('',*,*,#5622,.T.);
#7313 = ORIENTED_EDGE('',*,*,#5647,.T.);
#7314 = ORIENTED_EDGE('',*,*,#7315,.T.);
#7315 = EDGE_CURVE('',#5648,#5752,#7316,.T.);
#7316 = LINE('',#7317,#7318);
#7317 = CARTESIAN_POINT('',(0.1,-7.62,0.9));
#7318 = VECTOR('',#7319,1.);
#7319 = DIRECTION('',(-1.110223024625E-16,-1.,0.));
#7320 = PLANE('',#7321);
#7321 = AXIS2_PLACEMENT_3D('',#7322,#7323,#7324);
#7322 = CARTESIAN_POINT('',(-8.066695459756E-16,-7.62,0.9));
#7323 = DIRECTION('',(0.,0.,1.));
#7324 = DIRECTION('',(1.110223024625E-16,1.,-0.));
#7325 = ADVANCED_FACE('',(#7326),#7337,.T.);
#7326 = FACE_BOUND('',#7327,.T.);
#7327 = EDGE_LOOP('',(#7328,#7329,#7335,#7336));
#7328 = ORIENTED_EDGE('',*,*,#5727,.T.);
#7329 = ORIENTED_EDGE('',*,*,#7330,.F.);
#7330 = EDGE_CURVE('',#5672,#5728,#7331,.T.);
#7331 = LINE('',#7332,#7333);
#7332 = CARTESIAN_POINT('',(-0.1,-7.62,0.9));
#7333 = VECTOR('',#7334,1.);
#7334 = DIRECTION('',(-1.110223024625E-16,-1.,0.));
#7335 = ORIENTED_EDGE('',*,*,#5679,.T.);
#7336 = ORIENTED_EDGE('',*,*,#5702,.T.);
#7337 = PLANE('',#7338);
#7338 = AXIS2_PLACEMENT_3D('',#7339,#7340,#7341);
#7339 = CARTESIAN_POINT('',(-8.066695459756E-16,-7.62,0.9));
#7340 = DIRECTION('',(0.,0.,1.));
#7341 = DIRECTION('',(1.110223024625E-16,1.,-0.));
#7342 = ADVANCED_FACE('',(#7343),#7386,.T.);
#7343 = FACE_BOUND('',#7344,.T.);
#7344 = EDGE_LOOP('',(#7345,#7346,#7354,#7362,#7370,#7378,#7384,#7385));
#7345 = ORIENTED_EDGE('',*,*,#5735,.F.);
#7346 = ORIENTED_EDGE('',*,*,#7347,.T.);
#7347 = EDGE_CURVE('',#5736,#7348,#7350,.T.);
#7348 = VERTEX_POINT('',#7349);
#7349 = CARTESIAN_POINT('',(-0.1,-7.87,7.35));
#7350 = LINE('',#7351,#7352);
#7351 = CARTESIAN_POINT('',(-0.1,-7.92,7.4));
#7352 = VECTOR('',#7353,1.);
#7353 = DIRECTION('',(7.850462293414E-17,0.707106781187,-0.707106781187)
  );
#7354 = ORIENTED_EDGE('',*,*,#7355,.T.);
#7355 = EDGE_CURVE('',#7348,#7356,#7358,.T.);
#7356 = VERTEX_POINT('',#7357);
#7357 = CARTESIAN_POINT('',(-0.1,-7.87,1.25));
#7358 = LINE('',#7359,#7360);
#7359 = CARTESIAN_POINT('',(-0.1,-7.87,7.35));
#7360 = VECTOR('',#7361,1.);
#7361 = DIRECTION('',(0.,0.,-1.));
#7362 = ORIENTED_EDGE('',*,*,#7363,.T.);
#7363 = EDGE_CURVE('',#7356,#7364,#7366,.T.);
#7364 = VERTEX_POINT('',#7365);
#7365 = CARTESIAN_POINT('',(-0.1,-7.37,1.25));
#7366 = LINE('',#7367,#7368);
#7367 = CARTESIAN_POINT('',(-0.1,-7.87,1.25));
#7368 = VECTOR('',#7369,1.);
#7369 = DIRECTION('',(1.110223024625E-16,1.,0.));
#7370 = ORIENTED_EDGE('',*,*,#7371,.T.);
#7371 = EDGE_CURVE('',#7364,#7372,#7374,.T.);
#7372 = VERTEX_POINT('',#7373);
#7373 = CARTESIAN_POINT('',(-0.1,-7.37,7.35));
#7374 = LINE('',#7375,#7376);
#7375 = CARTESIAN_POINT('',(-0.1,-7.37,1.25));
#7376 = VECTOR('',#7377,1.);
#7377 = DIRECTION('',(0.,0.,1.));
#7378 = ORIENTED_EDGE('',*,*,#7379,.T.);
#7379 = EDGE_CURVE('',#7372,#5664,#7380,.T.);
#7380 = LINE('',#7381,#7382);
#7381 = CARTESIAN_POINT('',(-0.1,-7.37,7.35));
#7382 = VECTOR('',#7383,1.);
#7383 = DIRECTION('',(7.850462293414E-17,0.707106781187,0.707106781187)
  );
#7384 = ORIENTED_EDGE('',*,*,#5671,.F.);
#7385 = ORIENTED_EDGE('',*,*,#7330,.T.);
#7386 = PLANE('',#7387);
#7387 = AXIS2_PLACEMENT_3D('',#7388,#7389,#7390);
#7388 = CARTESIAN_POINT('',(-0.1,-7.62,3.911477598424));
#7389 = DIRECTION('',(-1.,1.110223024625E-16,0.));
#7390 = DIRECTION('',(0.,0.,1.));
#7391 = ADVANCED_FACE('',(#7392),#7410,.T.);
#7392 = FACE_BOUND('',#7393,.T.);
#7393 = EDGE_LOOP('',(#7394,#7402,#7408,#7409));
#7394 = ORIENTED_EDGE('',*,*,#7395,.T.);
#7395 = EDGE_CURVE('',#7372,#7396,#7398,.T.);
#7396 = VERTEX_POINT('',#7397);
#7397 = CARTESIAN_POINT('',(0.1,-7.37,7.35));
#7398 = LINE('',#7399,#7400);
#7399 = CARTESIAN_POINT('',(-0.1,-7.37,7.35));
#7400 = VECTOR('',#7401,1.);
#7401 = DIRECTION('',(1.,-1.110223024625E-16,0.));
#7402 = ORIENTED_EDGE('',*,*,#7403,.T.);
#7403 = EDGE_CURVE('',#7396,#5656,#7404,.T.);
#7404 = LINE('',#7405,#7406);
#7405 = CARTESIAN_POINT('',(0.1,-7.37,7.35));
#7406 = VECTOR('',#7407,1.);
#7407 = DIRECTION('',(7.850462293414E-17,0.707106781187,0.707106781187)
  );
#7408 = ORIENTED_EDGE('',*,*,#5663,.F.);
#7409 = ORIENTED_EDGE('',*,*,#7379,.F.);
#7410 = PLANE('',#7411);
#7411 = AXIS2_PLACEMENT_3D('',#7412,#7413,#7414);
#7412 = CARTESIAN_POINT('',(-0.1,-7.37,7.35));
#7413 = DIRECTION('',(-7.850462293414E-17,-0.707106781187,0.707106781187
    ));
#7414 = DIRECTION('',(7.850462293414E-17,0.707106781187,0.707106781187)
  );
#7415 = ADVANCED_FACE('',(#7416),#7452,.F.);
#7416 = FACE_BOUND('',#7417,.F.);
#7417 = EDGE_LOOP('',(#7418,#7419,#7427,#7435,#7443,#7449,#7450,#7451));
#7418 = ORIENTED_EDGE('',*,*,#5751,.F.);
#7419 = ORIENTED_EDGE('',*,*,#7420,.T.);
#7420 = EDGE_CURVE('',#5744,#7421,#7423,.T.);
#7421 = VERTEX_POINT('',#7422);
#7422 = CARTESIAN_POINT('',(0.1,-7.87,7.35));
#7423 = LINE('',#7424,#7425);
#7424 = CARTESIAN_POINT('',(0.1,-7.92,7.4));
#7425 = VECTOR('',#7426,1.);
#7426 = DIRECTION('',(7.850462293414E-17,0.707106781187,-0.707106781187)
  );
#7427 = ORIENTED_EDGE('',*,*,#7428,.T.);
#7428 = EDGE_CURVE('',#7421,#7429,#7431,.T.);
#7429 = VERTEX_POINT('',#7430);
#7430 = CARTESIAN_POINT('',(0.1,-7.87,1.25));
#7431 = LINE('',#7432,#7433);
#7432 = CARTESIAN_POINT('',(0.1,-7.87,7.35));
#7433 = VECTOR('',#7434,1.);
#7434 = DIRECTION('',(0.,0.,-1.));
#7435 = ORIENTED_EDGE('',*,*,#7436,.T.);
#7436 = EDGE_CURVE('',#7429,#7437,#7439,.T.);
#7437 = VERTEX_POINT('',#7438);
#7438 = CARTESIAN_POINT('',(0.1,-7.37,1.25));
#7439 = LINE('',#7440,#7441);
#7440 = CARTESIAN_POINT('',(0.1,-7.87,1.25));
#7441 = VECTOR('',#7442,1.);
#7442 = DIRECTION('',(1.110223024625E-16,1.,0.));
#7443 = ORIENTED_EDGE('',*,*,#7444,.T.);
#7444 = EDGE_CURVE('',#7437,#7396,#7445,.T.);
#7445 = LINE('',#7446,#7447);
#7446 = CARTESIAN_POINT('',(0.1,-7.37,1.25));
#7447 = VECTOR('',#7448,1.);
#7448 = DIRECTION('',(0.,0.,1.));
#7449 = ORIENTED_EDGE('',*,*,#7403,.T.);
#7450 = ORIENTED_EDGE('',*,*,#5655,.F.);
#7451 = ORIENTED_EDGE('',*,*,#7315,.T.);
#7452 = PLANE('',#7453);
#7453 = AXIS2_PLACEMENT_3D('',#7454,#7455,#7456);
#7454 = CARTESIAN_POINT('',(0.1,-7.62,3.911477598424));
#7455 = DIRECTION('',(-1.,1.110223024625E-16,0.));
#7456 = DIRECTION('',(0.,0.,1.));
#7457 = ADVANCED_FACE('',(#7458),#7469,.T.);
#7458 = FACE_BOUND('',#7459,.T.);
#7459 = EDGE_LOOP('',(#7460,#7461,#7462,#7468));
#7460 = ORIENTED_EDGE('',*,*,#5743,.T.);
#7461 = ORIENTED_EDGE('',*,*,#7420,.T.);
#7462 = ORIENTED_EDGE('',*,*,#7463,.F.);
#7463 = EDGE_CURVE('',#7348,#7421,#7464,.T.);
#7464 = LINE('',#7465,#7466);
#7465 = CARTESIAN_POINT('',(-0.1,-7.87,7.35));
#7466 = VECTOR('',#7467,1.);
#7467 = DIRECTION('',(1.,-1.110223024625E-16,0.));
#7468 = ORIENTED_EDGE('',*,*,#7347,.F.);
#7469 = PLANE('',#7470);
#7470 = AXIS2_PLACEMENT_3D('',#7471,#7472,#7473);
#7471 = CARTESIAN_POINT('',(-0.1,-7.92,7.4));
#7472 = DIRECTION('',(7.850462293414E-17,0.707106781187,0.707106781187)
  );
#7473 = DIRECTION('',(7.850462293414E-17,0.707106781187,-0.707106781187)
  );
#7474 = ADVANCED_FACE('',(#7475),#7486,.T.);
#7475 = FACE_BOUND('',#7476,.T.);
#7476 = EDGE_LOOP('',(#7477,#7478,#7479,#7480));
#7477 = ORIENTED_EDGE('',*,*,#5919,.T.);
#7478 = ORIENTED_EDGE('',*,*,#5782,.T.);
#7479 = ORIENTED_EDGE('',*,*,#5807,.T.);
#7480 = ORIENTED_EDGE('',*,*,#7481,.T.);
#7481 = EDGE_CURVE('',#5808,#5912,#7482,.T.);
#7482 = LINE('',#7483,#7484);
#7483 = CARTESIAN_POINT('',(0.1,-5.08,0.9));
#7484 = VECTOR('',#7485,1.);
#7485 = DIRECTION('',(-1.110223024625E-16,-1.,0.));
#7486 = PLANE('',#7487);
#7487 = AXIS2_PLACEMENT_3D('',#7488,#7489,#7490);
#7488 = CARTESIAN_POINT('',(-5.246728977208E-16,-5.08,0.9));
#7489 = DIRECTION('',(0.,0.,1.));
#7490 = DIRECTION('',(1.110223024625E-16,1.,-0.));
#7491 = ADVANCED_FACE('',(#7492),#7503,.T.);
#7492 = FACE_BOUND('',#7493,.T.);
#7493 = EDGE_LOOP('',(#7494,#7495,#7501,#7502));
#7494 = ORIENTED_EDGE('',*,*,#5887,.T.);
#7495 = ORIENTED_EDGE('',*,*,#7496,.F.);
#7496 = EDGE_CURVE('',#5832,#5888,#7497,.T.);
#7497 = LINE('',#7498,#7499);
#7498 = CARTESIAN_POINT('',(-0.1,-5.08,0.9));
#7499 = VECTOR('',#7500,1.);
#7500 = DIRECTION('',(-1.110223024625E-16,-1.,0.));
#7501 = ORIENTED_EDGE('',*,*,#5839,.T.);
#7502 = ORIENTED_EDGE('',*,*,#5862,.T.);
#7503 = PLANE('',#7504);
#7504 = AXIS2_PLACEMENT_3D('',#7505,#7506,#7507);
#7505 = CARTESIAN_POINT('',(-5.246728977208E-16,-5.08,0.9));
#7506 = DIRECTION('',(0.,0.,1.));
#7507 = DIRECTION('',(1.110223024625E-16,1.,-0.));
#7508 = ADVANCED_FACE('',(#7509),#7552,.T.);
#7509 = FACE_BOUND('',#7510,.T.);
#7510 = EDGE_LOOP('',(#7511,#7512,#7520,#7528,#7536,#7544,#7550,#7551));
#7511 = ORIENTED_EDGE('',*,*,#5895,.F.);
#7512 = ORIENTED_EDGE('',*,*,#7513,.T.);
#7513 = EDGE_CURVE('',#5896,#7514,#7516,.T.);
#7514 = VERTEX_POINT('',#7515);
#7515 = CARTESIAN_POINT('',(-0.1,-5.33,7.35));
#7516 = LINE('',#7517,#7518);
#7517 = CARTESIAN_POINT('',(-0.1,-5.38,7.4));
#7518 = VECTOR('',#7519,1.);
#7519 = DIRECTION('',(7.850462293414E-17,0.707106781187,-0.707106781187)
  );
#7520 = ORIENTED_EDGE('',*,*,#7521,.T.);
#7521 = EDGE_CURVE('',#7514,#7522,#7524,.T.);
#7522 = VERTEX_POINT('',#7523);
#7523 = CARTESIAN_POINT('',(-0.1,-5.33,1.25));
#7524 = LINE('',#7525,#7526);
#7525 = CARTESIAN_POINT('',(-0.1,-5.33,7.35));
#7526 = VECTOR('',#7527,1.);
#7527 = DIRECTION('',(0.,0.,-1.));
#7528 = ORIENTED_EDGE('',*,*,#7529,.T.);
#7529 = EDGE_CURVE('',#7522,#7530,#7532,.T.);
#7530 = VERTEX_POINT('',#7531);
#7531 = CARTESIAN_POINT('',(-0.1,-4.83,1.25));
#7532 = LINE('',#7533,#7534);
#7533 = CARTESIAN_POINT('',(-0.1,-5.33,1.25));
#7534 = VECTOR('',#7535,1.);
#7535 = DIRECTION('',(1.110223024625E-16,1.,0.));
#7536 = ORIENTED_EDGE('',*,*,#7537,.T.);
#7537 = EDGE_CURVE('',#7530,#7538,#7540,.T.);
#7538 = VERTEX_POINT('',#7539);
#7539 = CARTESIAN_POINT('',(-0.1,-4.83,7.35));
#7540 = LINE('',#7541,#7542);
#7541 = CARTESIAN_POINT('',(-0.1,-4.83,1.25));
#7542 = VECTOR('',#7543,1.);
#7543 = DIRECTION('',(0.,0.,1.));
#7544 = ORIENTED_EDGE('',*,*,#7545,.T.);
#7545 = EDGE_CURVE('',#7538,#5824,#7546,.T.);
#7546 = LINE('',#7547,#7548);
#7547 = CARTESIAN_POINT('',(-0.1,-4.83,7.35));
#7548 = VECTOR('',#7549,1.);
#7549 = DIRECTION('',(7.850462293414E-17,0.707106781187,0.707106781187)
  );
#7550 = ORIENTED_EDGE('',*,*,#5831,.F.);
#7551 = ORIENTED_EDGE('',*,*,#7496,.T.);
#7552 = PLANE('',#7553);
#7553 = AXIS2_PLACEMENT_3D('',#7554,#7555,#7556);
#7554 = CARTESIAN_POINT('',(-0.1,-5.08,3.911477598424));
#7555 = DIRECTION('',(-1.,1.110223024625E-16,0.));
#7556 = DIRECTION('',(0.,0.,1.));
#7557 = ADVANCED_FACE('',(#7558),#7576,.T.);
#7558 = FACE_BOUND('',#7559,.T.);
#7559 = EDGE_LOOP('',(#7560,#7568,#7574,#7575));
#7560 = ORIENTED_EDGE('',*,*,#7561,.T.);
#7561 = EDGE_CURVE('',#7538,#7562,#7564,.T.);
#7562 = VERTEX_POINT('',#7563);
#7563 = CARTESIAN_POINT('',(0.1,-4.83,7.35));
#7564 = LINE('',#7565,#7566);
#7565 = CARTESIAN_POINT('',(-0.1,-4.83,7.35));
#7566 = VECTOR('',#7567,1.);
#7567 = DIRECTION('',(1.,-1.110223024625E-16,0.));
#7568 = ORIENTED_EDGE('',*,*,#7569,.T.);
#7569 = EDGE_CURVE('',#7562,#5816,#7570,.T.);
#7570 = LINE('',#7571,#7572);
#7571 = CARTESIAN_POINT('',(0.1,-4.83,7.35));
#7572 = VECTOR('',#7573,1.);
#7573 = DIRECTION('',(7.850462293414E-17,0.707106781187,0.707106781187)
  );
#7574 = ORIENTED_EDGE('',*,*,#5823,.F.);
#7575 = ORIENTED_EDGE('',*,*,#7545,.F.);
#7576 = PLANE('',#7577);
#7577 = AXIS2_PLACEMENT_3D('',#7578,#7579,#7580);
#7578 = CARTESIAN_POINT('',(-0.1,-4.83,7.35));
#7579 = DIRECTION('',(-7.850462293414E-17,-0.707106781187,0.707106781187
    ));
#7580 = DIRECTION('',(7.850462293414E-17,0.707106781187,0.707106781187)
  );
#7581 = ADVANCED_FACE('',(#7582),#7618,.F.);
#7582 = FACE_BOUND('',#7583,.F.);
#7583 = EDGE_LOOP('',(#7584,#7585,#7593,#7601,#7609,#7615,#7616,#7617));
#7584 = ORIENTED_EDGE('',*,*,#5911,.F.);
#7585 = ORIENTED_EDGE('',*,*,#7586,.T.);
#7586 = EDGE_CURVE('',#5904,#7587,#7589,.T.);
#7587 = VERTEX_POINT('',#7588);
#7588 = CARTESIAN_POINT('',(0.1,-5.33,7.35));
#7589 = LINE('',#7590,#7591);
#7590 = CARTESIAN_POINT('',(0.1,-5.38,7.4));
#7591 = VECTOR('',#7592,1.);
#7592 = DIRECTION('',(7.850462293414E-17,0.707106781187,-0.707106781187)
  );
#7593 = ORIENTED_EDGE('',*,*,#7594,.T.);
#7594 = EDGE_CURVE('',#7587,#7595,#7597,.T.);
#7595 = VERTEX_POINT('',#7596);
#7596 = CARTESIAN_POINT('',(0.1,-5.33,1.25));
#7597 = LINE('',#7598,#7599);
#7598 = CARTESIAN_POINT('',(0.1,-5.33,7.35));
#7599 = VECTOR('',#7600,1.);
#7600 = DIRECTION('',(0.,0.,-1.));
#7601 = ORIENTED_EDGE('',*,*,#7602,.T.);
#7602 = EDGE_CURVE('',#7595,#7603,#7605,.T.);
#7603 = VERTEX_POINT('',#7604);
#7604 = CARTESIAN_POINT('',(0.1,-4.83,1.25));
#7605 = LINE('',#7606,#7607);
#7606 = CARTESIAN_POINT('',(0.1,-5.33,1.25));
#7607 = VECTOR('',#7608,1.);
#7608 = DIRECTION('',(1.110223024625E-16,1.,0.));
#7609 = ORIENTED_EDGE('',*,*,#7610,.T.);
#7610 = EDGE_CURVE('',#7603,#7562,#7611,.T.);
#7611 = LINE('',#7612,#7613);
#7612 = CARTESIAN_POINT('',(0.1,-4.83,1.25));
#7613 = VECTOR('',#7614,1.);
#7614 = DIRECTION('',(0.,0.,1.));
#7615 = ORIENTED_EDGE('',*,*,#7569,.T.);
#7616 = ORIENTED_EDGE('',*,*,#5815,.F.);
#7617 = ORIENTED_EDGE('',*,*,#7481,.T.);
#7618 = PLANE('',#7619);
#7619 = AXIS2_PLACEMENT_3D('',#7620,#7621,#7622);
#7620 = CARTESIAN_POINT('',(0.1,-5.08,3.911477598424));
#7621 = DIRECTION('',(-1.,1.110223024625E-16,0.));
#7622 = DIRECTION('',(0.,0.,1.));
#7623 = ADVANCED_FACE('',(#7624),#7635,.T.);
#7624 = FACE_BOUND('',#7625,.T.);
#7625 = EDGE_LOOP('',(#7626,#7627,#7628,#7634));
#7626 = ORIENTED_EDGE('',*,*,#5903,.T.);
#7627 = ORIENTED_EDGE('',*,*,#7586,.T.);
#7628 = ORIENTED_EDGE('',*,*,#7629,.F.);
#7629 = EDGE_CURVE('',#7514,#7587,#7630,.T.);
#7630 = LINE('',#7631,#7632);
#7631 = CARTESIAN_POINT('',(-0.1,-5.33,7.35));
#7632 = VECTOR('',#7633,1.);
#7633 = DIRECTION('',(1.,-1.110223024625E-16,0.));
#7634 = ORIENTED_EDGE('',*,*,#7513,.F.);
#7635 = PLANE('',#7636);
#7636 = AXIS2_PLACEMENT_3D('',#7637,#7638,#7639);
#7637 = CARTESIAN_POINT('',(-0.1,-5.38,7.4));
#7638 = DIRECTION('',(7.850462293414E-17,0.707106781187,0.707106781187)
  );
#7639 = DIRECTION('',(7.850462293414E-17,0.707106781187,-0.707106781187)
  );
#7640 = ADVANCED_FACE('',(#7641),#7652,.T.);
#7641 = FACE_BOUND('',#7642,.T.);
#7642 = EDGE_LOOP('',(#7643,#7644,#7645,#7646));
#7643 = ORIENTED_EDGE('',*,*,#6079,.T.);
#7644 = ORIENTED_EDGE('',*,*,#5942,.T.);
#7645 = ORIENTED_EDGE('',*,*,#5967,.T.);
#7646 = ORIENTED_EDGE('',*,*,#7647,.T.);
#7647 = EDGE_CURVE('',#5968,#6072,#7648,.T.);
#7648 = LINE('',#7649,#7650);
#7649 = CARTESIAN_POINT('',(0.1,-2.54,0.9));
#7650 = VECTOR('',#7651,1.);
#7651 = DIRECTION('',(-1.110223024625E-16,-1.,0.));
#7652 = PLANE('',#7653);
#7653 = AXIS2_PLACEMENT_3D('',#7654,#7655,#7656);
#7654 = CARTESIAN_POINT('',(-2.42676249466E-16,-2.54,0.9));
#7655 = DIRECTION('',(0.,0.,1.));
#7656 = DIRECTION('',(1.110223024625E-16,1.,-0.));
#7657 = ADVANCED_FACE('',(#7658),#7669,.T.);
#7658 = FACE_BOUND('',#7659,.T.);
#7659 = EDGE_LOOP('',(#7660,#7661,#7667,#7668));
#7660 = ORIENTED_EDGE('',*,*,#6047,.T.);
#7661 = ORIENTED_EDGE('',*,*,#7662,.F.);
#7662 = EDGE_CURVE('',#5992,#6048,#7663,.T.);
#7663 = LINE('',#7664,#7665);
#7664 = CARTESIAN_POINT('',(-0.1,-2.54,0.9));
#7665 = VECTOR('',#7666,1.);
#7666 = DIRECTION('',(-1.110223024625E-16,-1.,0.));
#7667 = ORIENTED_EDGE('',*,*,#5999,.T.);
#7668 = ORIENTED_EDGE('',*,*,#6022,.T.);
#7669 = PLANE('',#7670);
#7670 = AXIS2_PLACEMENT_3D('',#7671,#7672,#7673);
#7671 = CARTESIAN_POINT('',(-2.42676249466E-16,-2.54,0.9));
#7672 = DIRECTION('',(0.,0.,1.));
#7673 = DIRECTION('',(1.110223024625E-16,1.,-0.));
#7674 = ADVANCED_FACE('',(#7675),#7718,.T.);
#7675 = FACE_BOUND('',#7676,.T.);
#7676 = EDGE_LOOP('',(#7677,#7678,#7686,#7694,#7702,#7710,#7716,#7717));
#7677 = ORIENTED_EDGE('',*,*,#6055,.F.);
#7678 = ORIENTED_EDGE('',*,*,#7679,.T.);
#7679 = EDGE_CURVE('',#6056,#7680,#7682,.T.);
#7680 = VERTEX_POINT('',#7681);
#7681 = CARTESIAN_POINT('',(-0.1,-2.79,7.35));
#7682 = LINE('',#7683,#7684);
#7683 = CARTESIAN_POINT('',(-0.1,-2.84,7.4));
#7684 = VECTOR('',#7685,1.);
#7685 = DIRECTION('',(7.850462293414E-17,0.707106781187,-0.707106781187)
  );
#7686 = ORIENTED_EDGE('',*,*,#7687,.T.);
#7687 = EDGE_CURVE('',#7680,#7688,#7690,.T.);
#7688 = VERTEX_POINT('',#7689);
#7689 = CARTESIAN_POINT('',(-0.1,-2.79,1.25));
#7690 = LINE('',#7691,#7692);
#7691 = CARTESIAN_POINT('',(-0.1,-2.79,7.35));
#7692 = VECTOR('',#7693,1.);
#7693 = DIRECTION('',(0.,0.,-1.));
#7694 = ORIENTED_EDGE('',*,*,#7695,.T.);
#7695 = EDGE_CURVE('',#7688,#7696,#7698,.T.);
#7696 = VERTEX_POINT('',#7697);
#7697 = CARTESIAN_POINT('',(-0.1,-2.29,1.25));
#7698 = LINE('',#7699,#7700);
#7699 = CARTESIAN_POINT('',(-0.1,-2.79,1.25));
#7700 = VECTOR('',#7701,1.);
#7701 = DIRECTION('',(1.110223024625E-16,1.,0.));
#7702 = ORIENTED_EDGE('',*,*,#7703,.T.);
#7703 = EDGE_CURVE('',#7696,#7704,#7706,.T.);
#7704 = VERTEX_POINT('',#7705);
#7705 = CARTESIAN_POINT('',(-0.1,-2.29,7.35));
#7706 = LINE('',#7707,#7708);
#7707 = CARTESIAN_POINT('',(-0.1,-2.29,1.25));
#7708 = VECTOR('',#7709,1.);
#7709 = DIRECTION('',(0.,0.,1.));
#7710 = ORIENTED_EDGE('',*,*,#7711,.T.);
#7711 = EDGE_CURVE('',#7704,#5984,#7712,.T.);
#7712 = LINE('',#7713,#7714);
#7713 = CARTESIAN_POINT('',(-0.1,-2.29,7.35));
#7714 = VECTOR('',#7715,1.);
#7715 = DIRECTION('',(7.850462293414E-17,0.707106781187,0.707106781187)
  );
#7716 = ORIENTED_EDGE('',*,*,#5991,.F.);
#7717 = ORIENTED_EDGE('',*,*,#7662,.T.);
#7718 = PLANE('',#7719);
#7719 = AXIS2_PLACEMENT_3D('',#7720,#7721,#7722);
#7720 = CARTESIAN_POINT('',(-0.1,-2.54,3.911477598424));
#7721 = DIRECTION('',(-1.,1.110223024625E-16,0.));
#7722 = DIRECTION('',(0.,0.,1.));
#7723 = ADVANCED_FACE('',(#7724),#7742,.T.);
#7724 = FACE_BOUND('',#7725,.T.);
#7725 = EDGE_LOOP('',(#7726,#7734,#7740,#7741));
#7726 = ORIENTED_EDGE('',*,*,#7727,.T.);
#7727 = EDGE_CURVE('',#7704,#7728,#7730,.T.);
#7728 = VERTEX_POINT('',#7729);
#7729 = CARTESIAN_POINT('',(0.1,-2.29,7.35));
#7730 = LINE('',#7731,#7732);
#7731 = CARTESIAN_POINT('',(-0.1,-2.29,7.35));
#7732 = VECTOR('',#7733,1.);
#7733 = DIRECTION('',(1.,-1.110223024625E-16,0.));
#7734 = ORIENTED_EDGE('',*,*,#7735,.T.);
#7735 = EDGE_CURVE('',#7728,#5976,#7736,.T.);
#7736 = LINE('',#7737,#7738);
#7737 = CARTESIAN_POINT('',(0.1,-2.29,7.35));
#7738 = VECTOR('',#7739,1.);
#7739 = DIRECTION('',(7.850462293414E-17,0.707106781187,0.707106781187)
  );
#7740 = ORIENTED_EDGE('',*,*,#5983,.F.);
#7741 = ORIENTED_EDGE('',*,*,#7711,.F.);
#7742 = PLANE('',#7743);
#7743 = AXIS2_PLACEMENT_3D('',#7744,#7745,#7746);
#7744 = CARTESIAN_POINT('',(-0.1,-2.29,7.35));
#7745 = DIRECTION('',(-7.850462293414E-17,-0.707106781187,0.707106781187
    ));
#7746 = DIRECTION('',(7.850462293414E-17,0.707106781187,0.707106781187)
  );
#7747 = ADVANCED_FACE('',(#7748),#7784,.F.);
#7748 = FACE_BOUND('',#7749,.F.);
#7749 = EDGE_LOOP('',(#7750,#7751,#7759,#7767,#7775,#7781,#7782,#7783));
#7750 = ORIENTED_EDGE('',*,*,#6071,.F.);
#7751 = ORIENTED_EDGE('',*,*,#7752,.T.);
#7752 = EDGE_CURVE('',#6064,#7753,#7755,.T.);
#7753 = VERTEX_POINT('',#7754);
#7754 = CARTESIAN_POINT('',(0.1,-2.79,7.35));
#7755 = LINE('',#7756,#7757);
#7756 = CARTESIAN_POINT('',(0.1,-2.84,7.4));
#7757 = VECTOR('',#7758,1.);
#7758 = DIRECTION('',(7.850462293414E-17,0.707106781187,-0.707106781187)
  );
#7759 = ORIENTED_EDGE('',*,*,#7760,.T.);
#7760 = EDGE_CURVE('',#7753,#7761,#7763,.T.);
#7761 = VERTEX_POINT('',#7762);
#7762 = CARTESIAN_POINT('',(0.1,-2.79,1.25));
#7763 = LINE('',#7764,#7765);
#7764 = CARTESIAN_POINT('',(0.1,-2.79,7.35));
#7765 = VECTOR('',#7766,1.);
#7766 = DIRECTION('',(0.,0.,-1.));
#7767 = ORIENTED_EDGE('',*,*,#7768,.T.);
#7768 = EDGE_CURVE('',#7761,#7769,#7771,.T.);
#7769 = VERTEX_POINT('',#7770);
#7770 = CARTESIAN_POINT('',(0.1,-2.29,1.25));
#7771 = LINE('',#7772,#7773);
#7772 = CARTESIAN_POINT('',(0.1,-2.79,1.25));
#7773 = VECTOR('',#7774,1.);
#7774 = DIRECTION('',(1.110223024625E-16,1.,0.));
#7775 = ORIENTED_EDGE('',*,*,#7776,.T.);
#7776 = EDGE_CURVE('',#7769,#7728,#7777,.T.);
#7777 = LINE('',#7778,#7779);
#7778 = CARTESIAN_POINT('',(0.1,-2.29,1.25));
#7779 = VECTOR('',#7780,1.);
#7780 = DIRECTION('',(0.,0.,1.));
#7781 = ORIENTED_EDGE('',*,*,#7735,.T.);
#7782 = ORIENTED_EDGE('',*,*,#5975,.F.);
#7783 = ORIENTED_EDGE('',*,*,#7647,.T.);
#7784 = PLANE('',#7785);
#7785 = AXIS2_PLACEMENT_3D('',#7786,#7787,#7788);
#7786 = CARTESIAN_POINT('',(0.1,-2.54,3.911477598424));
#7787 = DIRECTION('',(-1.,1.110223024625E-16,0.));
#7788 = DIRECTION('',(0.,0.,1.));
#7789 = ADVANCED_FACE('',(#7790),#7801,.T.);
#7790 = FACE_BOUND('',#7791,.T.);
#7791 = EDGE_LOOP('',(#7792,#7793,#7794,#7800));
#7792 = ORIENTED_EDGE('',*,*,#6063,.T.);
#7793 = ORIENTED_EDGE('',*,*,#7752,.T.);
#7794 = ORIENTED_EDGE('',*,*,#7795,.F.);
#7795 = EDGE_CURVE('',#7680,#7753,#7796,.T.);
#7796 = LINE('',#7797,#7798);
#7797 = CARTESIAN_POINT('',(-0.1,-2.79,7.35));
#7798 = VECTOR('',#7799,1.);
#7799 = DIRECTION('',(1.,-1.110223024625E-16,0.));
#7800 = ORIENTED_EDGE('',*,*,#7679,.F.);
#7801 = PLANE('',#7802);
#7802 = AXIS2_PLACEMENT_3D('',#7803,#7804,#7805);
#7803 = CARTESIAN_POINT('',(-0.1,-2.84,7.4));
#7804 = DIRECTION('',(7.850462293414E-17,0.707106781187,0.707106781187)
  );
#7805 = DIRECTION('',(7.850462293414E-17,0.707106781187,-0.707106781187)
  );
#7806 = ADVANCED_FACE('',(#7807),#7818,.T.);
#7807 = FACE_BOUND('',#7808,.T.);
#7808 = EDGE_LOOP('',(#7809,#7810,#7811,#7812));
#7809 = ORIENTED_EDGE('',*,*,#6239,.T.);
#7810 = ORIENTED_EDGE('',*,*,#6102,.T.);
#7811 = ORIENTED_EDGE('',*,*,#6127,.T.);
#7812 = ORIENTED_EDGE('',*,*,#7813,.T.);
#7813 = EDGE_CURVE('',#6128,#6232,#7814,.T.);
#7814 = LINE('',#7815,#7816);
#7815 = CARTESIAN_POINT('',(0.1,8.770761894539E-16,0.9));
#7816 = VECTOR('',#7817,1.);
#7817 = DIRECTION('',(-1.110223024625E-16,-1.,0.));
#7818 = PLANE('',#7819);
#7819 = AXIS2_PLACEMENT_3D('',#7820,#7821,#7822);
#7820 = CARTESIAN_POINT('',(3.932039878881E-17,1.7763568394E-15,0.9));
#7821 = DIRECTION('',(0.,0.,1.));
#7822 = DIRECTION('',(1.110223024625E-16,1.,-0.));
#7823 = ADVANCED_FACE('',(#7824),#7835,.T.);
#7824 = FACE_BOUND('',#7825,.T.);
#7825 = EDGE_LOOP('',(#7826,#7827,#7833,#7834));
#7826 = ORIENTED_EDGE('',*,*,#6207,.T.);
#7827 = ORIENTED_EDGE('',*,*,#7828,.F.);
#7828 = EDGE_CURVE('',#6152,#6208,#7829,.T.);
#7829 = LINE('',#7830,#7831);
#7830 = CARTESIAN_POINT('',(-0.1,8.992806499464E-16,0.9));
#7831 = VECTOR('',#7832,1.);
#7832 = DIRECTION('',(-1.110223024625E-16,-1.,0.));
#7833 = ORIENTED_EDGE('',*,*,#6159,.T.);
#7834 = ORIENTED_EDGE('',*,*,#6182,.T.);
#7835 = PLANE('',#7836);
#7836 = AXIS2_PLACEMENT_3D('',#7837,#7838,#7839);
#7837 = CARTESIAN_POINT('',(3.932039878881E-17,1.7763568394E-15,0.9));
#7838 = DIRECTION('',(0.,0.,1.));
#7839 = DIRECTION('',(1.110223024625E-16,1.,-0.));
#7840 = ADVANCED_FACE('',(#7841),#7884,.T.);
#7841 = FACE_BOUND('',#7842,.T.);
#7842 = EDGE_LOOP('',(#7843,#7844,#7852,#7860,#7868,#7876,#7882,#7883));
#7843 = ORIENTED_EDGE('',*,*,#6215,.F.);
#7844 = ORIENTED_EDGE('',*,*,#7845,.T.);
#7845 = EDGE_CURVE('',#6216,#7846,#7848,.T.);
#7846 = VERTEX_POINT('',#7847);
#7847 = CARTESIAN_POINT('',(-0.1,-0.25,7.35));
#7848 = LINE('',#7849,#7850);
#7849 = CARTESIAN_POINT('',(-0.1,-0.3,7.4));
#7850 = VECTOR('',#7851,1.);
#7851 = DIRECTION('',(7.850462293414E-17,0.707106781187,-0.707106781187)
  );
#7852 = ORIENTED_EDGE('',*,*,#7853,.T.);
#7853 = EDGE_CURVE('',#7846,#7854,#7856,.T.);
#7854 = VERTEX_POINT('',#7855);
#7855 = CARTESIAN_POINT('',(-0.1,-0.25,1.25));
#7856 = LINE('',#7857,#7858);
#7857 = CARTESIAN_POINT('',(-0.1,-0.25,7.35));
#7858 = VECTOR('',#7859,1.);
#7859 = DIRECTION('',(0.,0.,-1.));
#7860 = ORIENTED_EDGE('',*,*,#7861,.T.);
#7861 = EDGE_CURVE('',#7854,#7862,#7864,.T.);
#7862 = VERTEX_POINT('',#7863);
#7863 = CARTESIAN_POINT('',(-0.1,0.25,1.25));
#7864 = LINE('',#7865,#7866);
#7865 = CARTESIAN_POINT('',(-0.1,-0.25,1.25));
#7866 = VECTOR('',#7867,1.);
#7867 = DIRECTION('',(1.110223024625E-16,1.,0.));
#7868 = ORIENTED_EDGE('',*,*,#7869,.T.);
#7869 = EDGE_CURVE('',#7862,#7870,#7872,.T.);
#7870 = VERTEX_POINT('',#7871);
#7871 = CARTESIAN_POINT('',(-0.1,0.25,7.35));
#7872 = LINE('',#7873,#7874);
#7873 = CARTESIAN_POINT('',(-0.1,0.25,1.25));
#7874 = VECTOR('',#7875,1.);
#7875 = DIRECTION('',(0.,0.,1.));
#7876 = ORIENTED_EDGE('',*,*,#7877,.T.);
#7877 = EDGE_CURVE('',#7870,#6144,#7878,.T.);
#7878 = LINE('',#7879,#7880);
#7879 = CARTESIAN_POINT('',(-0.1,0.25,7.35));
#7880 = VECTOR('',#7881,1.);
#7881 = DIRECTION('',(7.850462293414E-17,0.707106781187,0.707106781187)
  );
#7882 = ORIENTED_EDGE('',*,*,#6151,.F.);
#7883 = ORIENTED_EDGE('',*,*,#7828,.T.);
#7884 = PLANE('',#7885);
#7885 = AXIS2_PLACEMENT_3D('',#7886,#7887,#7888);
#7886 = CARTESIAN_POINT('',(-0.1,1.110223024625E-17,3.911477598424));
#7887 = DIRECTION('',(-1.,1.110223024625E-16,0.));
#7888 = DIRECTION('',(0.,0.,1.));
#7889 = ADVANCED_FACE('',(#7890),#7908,.T.);
#7890 = FACE_BOUND('',#7891,.T.);
#7891 = EDGE_LOOP('',(#7892,#7900,#7906,#7907));
#7892 = ORIENTED_EDGE('',*,*,#7893,.T.);
#7893 = EDGE_CURVE('',#7870,#7894,#7896,.T.);
#7894 = VERTEX_POINT('',#7895);
#7895 = CARTESIAN_POINT('',(0.1,0.25,7.35));
#7896 = LINE('',#7897,#7898);
#7897 = CARTESIAN_POINT('',(-0.1,0.25,7.35));
#7898 = VECTOR('',#7899,1.);
#7899 = DIRECTION('',(1.,-1.110223024625E-16,0.));
#7900 = ORIENTED_EDGE('',*,*,#7901,.T.);
#7901 = EDGE_CURVE('',#7894,#6136,#7902,.T.);
#7902 = LINE('',#7903,#7904);
#7903 = CARTESIAN_POINT('',(0.1,0.25,7.35));
#7904 = VECTOR('',#7905,1.);
#7905 = DIRECTION('',(7.850462293414E-17,0.707106781187,0.707106781187)
  );
#7906 = ORIENTED_EDGE('',*,*,#6143,.F.);
#7907 = ORIENTED_EDGE('',*,*,#7877,.F.);
#7908 = PLANE('',#7909);
#7909 = AXIS2_PLACEMENT_3D('',#7910,#7911,#7912);
#7910 = CARTESIAN_POINT('',(-0.1,0.25,7.35));
#7911 = DIRECTION('',(-7.850462293414E-17,-0.707106781187,0.707106781187
    ));
#7912 = DIRECTION('',(7.850462293414E-17,0.707106781187,0.707106781187)
  );
#7913 = ADVANCED_FACE('',(#7914),#7950,.F.);
#7914 = FACE_BOUND('',#7915,.F.);
#7915 = EDGE_LOOP('',(#7916,#7917,#7925,#7933,#7941,#7947,#7948,#7949));
#7916 = ORIENTED_EDGE('',*,*,#6231,.F.);
#7917 = ORIENTED_EDGE('',*,*,#7918,.T.);
#7918 = EDGE_CURVE('',#6224,#7919,#7921,.T.);
#7919 = VERTEX_POINT('',#7920);
#7920 = CARTESIAN_POINT('',(0.1,-0.25,7.35));
#7921 = LINE('',#7922,#7923);
#7922 = CARTESIAN_POINT('',(0.1,-0.3,7.4));
#7923 = VECTOR('',#7924,1.);
#7924 = DIRECTION('',(7.850462293414E-17,0.707106781187,-0.707106781187)
  );
#7925 = ORIENTED_EDGE('',*,*,#7926,.T.);
#7926 = EDGE_CURVE('',#7919,#7927,#7929,.T.);
#7927 = VERTEX_POINT('',#7928);
#7928 = CARTESIAN_POINT('',(0.1,-0.25,1.25));
#7929 = LINE('',#7930,#7931);
#7930 = CARTESIAN_POINT('',(0.1,-0.25,7.35));
#7931 = VECTOR('',#7932,1.);
#7932 = DIRECTION('',(0.,0.,-1.));
#7933 = ORIENTED_EDGE('',*,*,#7934,.T.);
#7934 = EDGE_CURVE('',#7927,#7935,#7937,.T.);
#7935 = VERTEX_POINT('',#7936);
#7936 = CARTESIAN_POINT('',(0.1,0.25,1.25));
#7937 = LINE('',#7938,#7939);
#7938 = CARTESIAN_POINT('',(0.1,-0.25,1.25));
#7939 = VECTOR('',#7940,1.);
#7940 = DIRECTION('',(1.110223024625E-16,1.,0.));
#7941 = ORIENTED_EDGE('',*,*,#7942,.T.);
#7942 = EDGE_CURVE('',#7935,#7894,#7943,.T.);
#7943 = LINE('',#7944,#7945);
#7944 = CARTESIAN_POINT('',(0.1,0.25,1.25));
#7945 = VECTOR('',#7946,1.);
#7946 = DIRECTION('',(0.,0.,1.));
#7947 = ORIENTED_EDGE('',*,*,#7901,.T.);
#7948 = ORIENTED_EDGE('',*,*,#6135,.F.);
#7949 = ORIENTED_EDGE('',*,*,#7813,.T.);
#7950 = PLANE('',#7951);
#7951 = AXIS2_PLACEMENT_3D('',#7952,#7953,#7954);
#7952 = CARTESIAN_POINT('',(0.1,-1.110223024625E-17,3.911477598424));
#7953 = DIRECTION('',(-1.,1.110223024625E-16,0.));
#7954 = DIRECTION('',(0.,0.,1.));
#7955 = ADVANCED_FACE('',(#7956),#7967,.T.);
#7956 = FACE_BOUND('',#7957,.T.);
#7957 = EDGE_LOOP('',(#7958,#7959,#7960,#7966));
#7958 = ORIENTED_EDGE('',*,*,#6223,.T.);
#7959 = ORIENTED_EDGE('',*,*,#7918,.T.);
#7960 = ORIENTED_EDGE('',*,*,#7961,.F.);
#7961 = EDGE_CURVE('',#7846,#7919,#7962,.T.);
#7962 = LINE('',#7963,#7964);
#7963 = CARTESIAN_POINT('',(-0.1,-0.25,7.35));
#7964 = VECTOR('',#7965,1.);
#7965 = DIRECTION('',(1.,-1.110223024625E-16,0.));
#7966 = ORIENTED_EDGE('',*,*,#7845,.F.);
#7967 = PLANE('',#7968);
#7968 = AXIS2_PLACEMENT_3D('',#7969,#7970,#7971);
#7969 = CARTESIAN_POINT('',(-0.1,-0.3,7.4));
#7970 = DIRECTION('',(7.850462293414E-17,0.707106781187,0.707106781187)
  );
#7971 = DIRECTION('',(7.850462293414E-17,0.707106781187,-0.707106781187)
  );
#7972 = ADVANCED_FACE('',(#7973),#7984,.T.);
#7973 = FACE_BOUND('',#7974,.T.);
#7974 = EDGE_LOOP('',(#7975,#7981,#7982,#7983));
#7975 = ORIENTED_EDGE('',*,*,#7976,.T.);
#7976 = EDGE_CURVE('',#6866,#6939,#7977,.T.);
#7977 = LINE('',#7978,#7979);
#7978 = CARTESIAN_POINT('',(-0.1,-14.99,1.25));
#7979 = VECTOR('',#7980,1.);
#7980 = DIRECTION('',(1.,-1.110223024625E-16,0.));
#7981 = ORIENTED_EDGE('',*,*,#6946,.T.);
#7982 = ORIENTED_EDGE('',*,*,#6897,.F.);
#7983 = ORIENTED_EDGE('',*,*,#6873,.F.);
#7984 = PLANE('',#7985);
#7985 = AXIS2_PLACEMENT_3D('',#7986,#7987,#7988);
#7986 = CARTESIAN_POINT('',(-0.1,-14.99,1.25));
#7987 = DIRECTION('',(-1.110223024625E-16,-1.,0.));
#7988 = DIRECTION('',(0.,0.,1.));
#7989 = ADVANCED_FACE('',(#7990),#8001,.T.);
#7990 = FACE_BOUND('',#7991,.T.);
#7991 = EDGE_LOOP('',(#7992,#7998,#7999,#8000));
#7992 = ORIENTED_EDGE('',*,*,#7993,.T.);
#7993 = EDGE_CURVE('',#6858,#6931,#7994,.T.);
#7994 = LINE('',#7995,#7996);
#7995 = CARTESIAN_POINT('',(-0.1,-15.49,1.25));
#7996 = VECTOR('',#7997,1.);
#7997 = DIRECTION('',(1.,-1.110223024625E-16,0.));
#7998 = ORIENTED_EDGE('',*,*,#6938,.T.);
#7999 = ORIENTED_EDGE('',*,*,#7976,.F.);
#8000 = ORIENTED_EDGE('',*,*,#6865,.F.);
#8001 = PLANE('',#8002);
#8002 = AXIS2_PLACEMENT_3D('',#8003,#8004,#8005);
#8003 = CARTESIAN_POINT('',(-0.1,-15.49,1.25));
#8004 = DIRECTION('',(0.,0.,1.));
#8005 = DIRECTION('',(1.110223024625E-16,1.,-0.));
#8006 = ADVANCED_FACE('',(#8007),#8013,.T.);
#8007 = FACE_BOUND('',#8008,.T.);
#8008 = EDGE_LOOP('',(#8009,#8010,#8011,#8012));
#8009 = ORIENTED_EDGE('',*,*,#6965,.T.);
#8010 = ORIENTED_EDGE('',*,*,#6930,.T.);
#8011 = ORIENTED_EDGE('',*,*,#7993,.F.);
#8012 = ORIENTED_EDGE('',*,*,#6857,.F.);
#8013 = PLANE('',#8014);
#8014 = AXIS2_PLACEMENT_3D('',#8015,#8016,#8017);
#8015 = CARTESIAN_POINT('',(-0.1,-15.49,7.35));
#8016 = DIRECTION('',(1.110223024625E-16,1.,0.));
#8017 = DIRECTION('',(0.,0.,-1.));
#8018 = ADVANCED_FACE('',(#8019),#8030,.T.);
#8019 = FACE_BOUND('',#8020,.T.);
#8020 = EDGE_LOOP('',(#8021,#8027,#8028,#8029));
#8021 = ORIENTED_EDGE('',*,*,#8022,.T.);
#8022 = EDGE_CURVE('',#7032,#7105,#8023,.T.);
#8023 = LINE('',#8024,#8025);
#8024 = CARTESIAN_POINT('',(-0.1,-12.45,1.25));
#8025 = VECTOR('',#8026,1.);
#8026 = DIRECTION('',(1.,-1.110223024625E-16,0.));
#8027 = ORIENTED_EDGE('',*,*,#7112,.T.);
#8028 = ORIENTED_EDGE('',*,*,#7063,.F.);
#8029 = ORIENTED_EDGE('',*,*,#7039,.F.);
#8030 = PLANE('',#8031);
#8031 = AXIS2_PLACEMENT_3D('',#8032,#8033,#8034);
#8032 = CARTESIAN_POINT('',(-0.1,-12.45,1.25));
#8033 = DIRECTION('',(-1.110223024625E-16,-1.,0.));
#8034 = DIRECTION('',(0.,0.,1.));
#8035 = ADVANCED_FACE('',(#8036),#8047,.T.);
#8036 = FACE_BOUND('',#8037,.T.);
#8037 = EDGE_LOOP('',(#8038,#8044,#8045,#8046));
#8038 = ORIENTED_EDGE('',*,*,#8039,.T.);
#8039 = EDGE_CURVE('',#7024,#7097,#8040,.T.);
#8040 = LINE('',#8041,#8042);
#8041 = CARTESIAN_POINT('',(-0.1,-12.95,1.25));
#8042 = VECTOR('',#8043,1.);
#8043 = DIRECTION('',(1.,-1.110223024625E-16,0.));
#8044 = ORIENTED_EDGE('',*,*,#7104,.T.);
#8045 = ORIENTED_EDGE('',*,*,#8022,.F.);
#8046 = ORIENTED_EDGE('',*,*,#7031,.F.);
#8047 = PLANE('',#8048);
#8048 = AXIS2_PLACEMENT_3D('',#8049,#8050,#8051);
#8049 = CARTESIAN_POINT('',(-0.1,-12.95,1.25));
#8050 = DIRECTION('',(0.,0.,1.));
#8051 = DIRECTION('',(1.110223024625E-16,1.,-0.));
#8052 = ADVANCED_FACE('',(#8053),#8059,.T.);
#8053 = FACE_BOUND('',#8054,.T.);
#8054 = EDGE_LOOP('',(#8055,#8056,#8057,#8058));
#8055 = ORIENTED_EDGE('',*,*,#7131,.T.);
#8056 = ORIENTED_EDGE('',*,*,#7096,.T.);
#8057 = ORIENTED_EDGE('',*,*,#8039,.F.);
#8058 = ORIENTED_EDGE('',*,*,#7023,.F.);
#8059 = PLANE('',#8060);
#8060 = AXIS2_PLACEMENT_3D('',#8061,#8062,#8063);
#8061 = CARTESIAN_POINT('',(-0.1,-12.95,7.35));
#8062 = DIRECTION('',(1.110223024625E-16,1.,0.));
#8063 = DIRECTION('',(0.,0.,-1.));
#8064 = ADVANCED_FACE('',(#8065),#8076,.T.);
#8065 = FACE_BOUND('',#8066,.T.);
#8066 = EDGE_LOOP('',(#8067,#8073,#8074,#8075));
#8067 = ORIENTED_EDGE('',*,*,#8068,.T.);
#8068 = EDGE_CURVE('',#7198,#7271,#8069,.T.);
#8069 = LINE('',#8070,#8071);
#8070 = CARTESIAN_POINT('',(-0.1,-9.91,1.25));
#8071 = VECTOR('',#8072,1.);
#8072 = DIRECTION('',(1.,-1.110223024625E-16,0.));
#8073 = ORIENTED_EDGE('',*,*,#7278,.T.);
#8074 = ORIENTED_EDGE('',*,*,#7229,.F.);
#8075 = ORIENTED_EDGE('',*,*,#7205,.F.);
#8076 = PLANE('',#8077);
#8077 = AXIS2_PLACEMENT_3D('',#8078,#8079,#8080);
#8078 = CARTESIAN_POINT('',(-0.1,-9.91,1.25));
#8079 = DIRECTION('',(-1.110223024625E-16,-1.,0.));
#8080 = DIRECTION('',(0.,0.,1.));
#8081 = ADVANCED_FACE('',(#8082),#8093,.T.);
#8082 = FACE_BOUND('',#8083,.T.);
#8083 = EDGE_LOOP('',(#8084,#8090,#8091,#8092));
#8084 = ORIENTED_EDGE('',*,*,#8085,.T.);
#8085 = EDGE_CURVE('',#7190,#7263,#8086,.T.);
#8086 = LINE('',#8087,#8088);
#8087 = CARTESIAN_POINT('',(-0.1,-10.41,1.25));
#8088 = VECTOR('',#8089,1.);
#8089 = DIRECTION('',(1.,-1.110223024625E-16,0.));
#8090 = ORIENTED_EDGE('',*,*,#7270,.T.);
#8091 = ORIENTED_EDGE('',*,*,#8068,.F.);
#8092 = ORIENTED_EDGE('',*,*,#7197,.F.);
#8093 = PLANE('',#8094);
#8094 = AXIS2_PLACEMENT_3D('',#8095,#8096,#8097);
#8095 = CARTESIAN_POINT('',(-0.1,-10.41,1.25));
#8096 = DIRECTION('',(0.,0.,1.));
#8097 = DIRECTION('',(1.110223024625E-16,1.,-0.));
#8098 = ADVANCED_FACE('',(#8099),#8105,.T.);
#8099 = FACE_BOUND('',#8100,.T.);
#8100 = EDGE_LOOP('',(#8101,#8102,#8103,#8104));
#8101 = ORIENTED_EDGE('',*,*,#7297,.T.);
#8102 = ORIENTED_EDGE('',*,*,#7262,.T.);
#8103 = ORIENTED_EDGE('',*,*,#8085,.F.);
#8104 = ORIENTED_EDGE('',*,*,#7189,.F.);
#8105 = PLANE('',#8106);
#8106 = AXIS2_PLACEMENT_3D('',#8107,#8108,#8109);
#8107 = CARTESIAN_POINT('',(-0.1,-10.41,7.35));
#8108 = DIRECTION('',(1.110223024625E-16,1.,0.));
#8109 = DIRECTION('',(0.,0.,-1.));
#8110 = ADVANCED_FACE('',(#8111),#8122,.T.);
#8111 = FACE_BOUND('',#8112,.T.);
#8112 = EDGE_LOOP('',(#8113,#8119,#8120,#8121));
#8113 = ORIENTED_EDGE('',*,*,#8114,.T.);
#8114 = EDGE_CURVE('',#7364,#7437,#8115,.T.);
#8115 = LINE('',#8116,#8117);
#8116 = CARTESIAN_POINT('',(-0.1,-7.37,1.25));
#8117 = VECTOR('',#8118,1.);
#8118 = DIRECTION('',(1.,-1.110223024625E-16,0.));
#8119 = ORIENTED_EDGE('',*,*,#7444,.T.);
#8120 = ORIENTED_EDGE('',*,*,#7395,.F.);
#8121 = ORIENTED_EDGE('',*,*,#7371,.F.);
#8122 = PLANE('',#8123);
#8123 = AXIS2_PLACEMENT_3D('',#8124,#8125,#8126);
#8124 = CARTESIAN_POINT('',(-0.1,-7.37,1.25));
#8125 = DIRECTION('',(-1.110223024625E-16,-1.,0.));
#8126 = DIRECTION('',(0.,0.,1.));
#8127 = ADVANCED_FACE('',(#8128),#8139,.T.);
#8128 = FACE_BOUND('',#8129,.T.);
#8129 = EDGE_LOOP('',(#8130,#8136,#8137,#8138));
#8130 = ORIENTED_EDGE('',*,*,#8131,.T.);
#8131 = EDGE_CURVE('',#7356,#7429,#8132,.T.);
#8132 = LINE('',#8133,#8134);
#8133 = CARTESIAN_POINT('',(-0.1,-7.87,1.25));
#8134 = VECTOR('',#8135,1.);
#8135 = DIRECTION('',(1.,-1.110223024625E-16,0.));
#8136 = ORIENTED_EDGE('',*,*,#7436,.T.);
#8137 = ORIENTED_EDGE('',*,*,#8114,.F.);
#8138 = ORIENTED_EDGE('',*,*,#7363,.F.);
#8139 = PLANE('',#8140);
#8140 = AXIS2_PLACEMENT_3D('',#8141,#8142,#8143);
#8141 = CARTESIAN_POINT('',(-0.1,-7.87,1.25));
#8142 = DIRECTION('',(0.,0.,1.));
#8143 = DIRECTION('',(1.110223024625E-16,1.,-0.));
#8144 = ADVANCED_FACE('',(#8145),#8151,.T.);
#8145 = FACE_BOUND('',#8146,.T.);
#8146 = EDGE_LOOP('',(#8147,#8148,#8149,#8150));
#8147 = ORIENTED_EDGE('',*,*,#7463,.T.);
#8148 = ORIENTED_EDGE('',*,*,#7428,.T.);
#8149 = ORIENTED_EDGE('',*,*,#8131,.F.);
#8150 = ORIENTED_EDGE('',*,*,#7355,.F.);
#8151 = PLANE('',#8152);
#8152 = AXIS2_PLACEMENT_3D('',#8153,#8154,#8155);
#8153 = CARTESIAN_POINT('',(-0.1,-7.87,7.35));
#8154 = DIRECTION('',(1.110223024625E-16,1.,0.));
#8155 = DIRECTION('',(0.,0.,-1.));
#8156 = ADVANCED_FACE('',(#8157),#8168,.T.);
#8157 = FACE_BOUND('',#8158,.T.);
#8158 = EDGE_LOOP('',(#8159,#8165,#8166,#8167));
#8159 = ORIENTED_EDGE('',*,*,#8160,.T.);
#8160 = EDGE_CURVE('',#7530,#7603,#8161,.T.);
#8161 = LINE('',#8162,#8163);
#8162 = CARTESIAN_POINT('',(-0.1,-4.83,1.25));
#8163 = VECTOR('',#8164,1.);
#8164 = DIRECTION('',(1.,-1.110223024625E-16,0.));
#8165 = ORIENTED_EDGE('',*,*,#7610,.T.);
#8166 = ORIENTED_EDGE('',*,*,#7561,.F.);
#8167 = ORIENTED_EDGE('',*,*,#7537,.F.);
#8168 = PLANE('',#8169);
#8169 = AXIS2_PLACEMENT_3D('',#8170,#8171,#8172);
#8170 = CARTESIAN_POINT('',(-0.1,-4.83,1.25));
#8171 = DIRECTION('',(-1.110223024625E-16,-1.,0.));
#8172 = DIRECTION('',(0.,0.,1.));
#8173 = ADVANCED_FACE('',(#8174),#8185,.T.);
#8174 = FACE_BOUND('',#8175,.T.);
#8175 = EDGE_LOOP('',(#8176,#8182,#8183,#8184));
#8176 = ORIENTED_EDGE('',*,*,#8177,.T.);
#8177 = EDGE_CURVE('',#7522,#7595,#8178,.T.);
#8178 = LINE('',#8179,#8180);
#8179 = CARTESIAN_POINT('',(-0.1,-5.33,1.25));
#8180 = VECTOR('',#8181,1.);
#8181 = DIRECTION('',(1.,-1.110223024625E-16,0.));
#8182 = ORIENTED_EDGE('',*,*,#7602,.T.);
#8183 = ORIENTED_EDGE('',*,*,#8160,.F.);
#8184 = ORIENTED_EDGE('',*,*,#7529,.F.);
#8185 = PLANE('',#8186);
#8186 = AXIS2_PLACEMENT_3D('',#8187,#8188,#8189);
#8187 = CARTESIAN_POINT('',(-0.1,-5.33,1.25));
#8188 = DIRECTION('',(0.,0.,1.));
#8189 = DIRECTION('',(1.110223024625E-16,1.,-0.));
#8190 = ADVANCED_FACE('',(#8191),#8197,.T.);
#8191 = FACE_BOUND('',#8192,.T.);
#8192 = EDGE_LOOP('',(#8193,#8194,#8195,#8196));
#8193 = ORIENTED_EDGE('',*,*,#7629,.T.);
#8194 = ORIENTED_EDGE('',*,*,#7594,.T.);
#8195 = ORIENTED_EDGE('',*,*,#8177,.F.);
#8196 = ORIENTED_EDGE('',*,*,#7521,.F.);
#8197 = PLANE('',#8198);
#8198 = AXIS2_PLACEMENT_3D('',#8199,#8200,#8201);
#8199 = CARTESIAN_POINT('',(-0.1,-5.33,7.35));
#8200 = DIRECTION('',(1.110223024625E-16,1.,0.));
#8201 = DIRECTION('',(0.,0.,-1.));
#8202 = ADVANCED_FACE('',(#8203),#8214,.T.);
#8203 = FACE_BOUND('',#8204,.T.);
#8204 = EDGE_LOOP('',(#8205,#8211,#8212,#8213));
#8205 = ORIENTED_EDGE('',*,*,#8206,.T.);
#8206 = EDGE_CURVE('',#7696,#7769,#8207,.T.);
#8207 = LINE('',#8208,#8209);
#8208 = CARTESIAN_POINT('',(-0.1,-2.29,1.25));
#8209 = VECTOR('',#8210,1.);
#8210 = DIRECTION('',(1.,-1.110223024625E-16,0.));
#8211 = ORIENTED_EDGE('',*,*,#7776,.T.);
#8212 = ORIENTED_EDGE('',*,*,#7727,.F.);
#8213 = ORIENTED_EDGE('',*,*,#7703,.F.);
#8214 = PLANE('',#8215);
#8215 = AXIS2_PLACEMENT_3D('',#8216,#8217,#8218);
#8216 = CARTESIAN_POINT('',(-0.1,-2.29,1.25));
#8217 = DIRECTION('',(-1.110223024625E-16,-1.,0.));
#8218 = DIRECTION('',(0.,0.,1.));
#8219 = ADVANCED_FACE('',(#8220),#8231,.T.);
#8220 = FACE_BOUND('',#8221,.T.);
#8221 = EDGE_LOOP('',(#8222,#8228,#8229,#8230));
#8222 = ORIENTED_EDGE('',*,*,#8223,.T.);
#8223 = EDGE_CURVE('',#7688,#7761,#8224,.T.);
#8224 = LINE('',#8225,#8226);
#8225 = CARTESIAN_POINT('',(-0.1,-2.79,1.25));
#8226 = VECTOR('',#8227,1.);
#8227 = DIRECTION('',(1.,-1.110223024625E-16,0.));
#8228 = ORIENTED_EDGE('',*,*,#7768,.T.);
#8229 = ORIENTED_EDGE('',*,*,#8206,.F.);
#8230 = ORIENTED_EDGE('',*,*,#7695,.F.);
#8231 = PLANE('',#8232);
#8232 = AXIS2_PLACEMENT_3D('',#8233,#8234,#8235);
#8233 = CARTESIAN_POINT('',(-0.1,-2.79,1.25));
#8234 = DIRECTION('',(0.,0.,1.));
#8235 = DIRECTION('',(1.110223024625E-16,1.,-0.));
#8236 = ADVANCED_FACE('',(#8237),#8243,.T.);
#8237 = FACE_BOUND('',#8238,.T.);
#8238 = EDGE_LOOP('',(#8239,#8240,#8241,#8242));
#8239 = ORIENTED_EDGE('',*,*,#7795,.T.);
#8240 = ORIENTED_EDGE('',*,*,#7760,.T.);
#8241 = ORIENTED_EDGE('',*,*,#8223,.F.);
#8242 = ORIENTED_EDGE('',*,*,#7687,.F.);
#8243 = PLANE('',#8244);
#8244 = AXIS2_PLACEMENT_3D('',#8245,#8246,#8247);
#8245 = CARTESIAN_POINT('',(-0.1,-2.79,7.35));
#8246 = DIRECTION('',(1.110223024625E-16,1.,0.));
#8247 = DIRECTION('',(0.,0.,-1.));
#8248 = ADVANCED_FACE('',(#8249),#8260,.T.);
#8249 = FACE_BOUND('',#8250,.T.);
#8250 = EDGE_LOOP('',(#8251,#8257,#8258,#8259));
#8251 = ORIENTED_EDGE('',*,*,#8252,.T.);
#8252 = EDGE_CURVE('',#7862,#7935,#8253,.T.);
#8253 = LINE('',#8254,#8255);
#8254 = CARTESIAN_POINT('',(-0.1,0.25,1.25));
#8255 = VECTOR('',#8256,1.);
#8256 = DIRECTION('',(1.,-1.110223024625E-16,0.));
#8257 = ORIENTED_EDGE('',*,*,#7942,.T.);
#8258 = ORIENTED_EDGE('',*,*,#7893,.F.);
#8259 = ORIENTED_EDGE('',*,*,#7869,.F.);
#8260 = PLANE('',#8261);
#8261 = AXIS2_PLACEMENT_3D('',#8262,#8263,#8264);
#8262 = CARTESIAN_POINT('',(-0.1,0.25,1.25));
#8263 = DIRECTION('',(-1.110223024625E-16,-1.,0.));
#8264 = DIRECTION('',(0.,0.,1.));
#8265 = ADVANCED_FACE('',(#8266),#8277,.T.);
#8266 = FACE_BOUND('',#8267,.T.);
#8267 = EDGE_LOOP('',(#8268,#8274,#8275,#8276));
#8268 = ORIENTED_EDGE('',*,*,#8269,.T.);
#8269 = EDGE_CURVE('',#7854,#7927,#8270,.T.);
#8270 = LINE('',#8271,#8272);
#8271 = CARTESIAN_POINT('',(-0.1,-0.25,1.25));
#8272 = VECTOR('',#8273,1.);
#8273 = DIRECTION('',(1.,-1.110223024625E-16,0.));
#8274 = ORIENTED_EDGE('',*,*,#7934,.T.);
#8275 = ORIENTED_EDGE('',*,*,#8252,.F.);
#8276 = ORIENTED_EDGE('',*,*,#7861,.F.);
#8277 = PLANE('',#8278);
#8278 = AXIS2_PLACEMENT_3D('',#8279,#8280,#8281);
#8279 = CARTESIAN_POINT('',(-0.1,-0.25,1.25));
#8280 = DIRECTION('',(0.,0.,1.));
#8281 = DIRECTION('',(1.110223024625E-16,1.,-0.));
#8282 = ADVANCED_FACE('',(#8283),#8289,.T.);
#8283 = FACE_BOUND('',#8284,.T.);
#8284 = EDGE_LOOP('',(#8285,#8286,#8287,#8288));
#8285 = ORIENTED_EDGE('',*,*,#7961,.T.);
#8286 = ORIENTED_EDGE('',*,*,#7926,.T.);
#8287 = ORIENTED_EDGE('',*,*,#8269,.F.);
#8288 = ORIENTED_EDGE('',*,*,#7853,.F.);
#8289 = PLANE('',#8290);
#8290 = AXIS2_PLACEMENT_3D('',#8291,#8292,#8293);
#8291 = CARTESIAN_POINT('',(-0.1,-0.25,7.35));
#8292 = DIRECTION('',(1.110223024625E-16,1.,0.));
#8293 = DIRECTION('',(0.,0.,-1.));
#8294 = ( GEOMETRIC_REPRESENTATION_CONTEXT(3) 
GLOBAL_UNCERTAINTY_ASSIGNED_CONTEXT((#8298)) 
GLOBAL_UNIT_ASSIGNED_CONTEXT((#8295,#8296,#8297)) REPRESENTATION_CONTEXT
('Context #1','3D Context with UNIT and UNCERTAINTY') );
#8295 = ( LENGTH_UNIT() NAMED_UNIT(*) SI_UNIT(.MILLI.,.METRE.) );
#8296 = ( NAMED_UNIT(*) PLANE_ANGLE_UNIT() SI_UNIT($,.RADIAN.) );
#8297 = ( NAMED_UNIT(*) SI_UNIT($,.STERADIAN.) SOLID_ANGLE_UNIT() );
#8298 = UNCERTAINTY_MEASURE_WITH_UNIT(LENGTH_MEASURE(1.E-07),#8295,
  'distance_accuracy_value','confusion accuracy');
#8299 = CONTEXT_DEPENDENT_SHAPE_REPRESENTATION(#8300,#8302);
#8300 = ( REPRESENTATION_RELATIONSHIP('','',#2579,#10) 
REPRESENTATION_RELATIONSHIP_WITH_TRANSFORMATION(#8301) 
SHAPE_REPRESENTATION_RELATIONSHIP() );
#8301 = ITEM_DEFINED_TRANSFORMATION('','',#11,#47);
#8302 = PRODUCT_DEFINITION_SHAPE('Placement','Placement of an item',
  #8303);
#8303 = NEXT_ASSEMBLY_USAGE_OCCURRENCE('9','J1','',#5,#2574,$);
#8304 = PRODUCT_RELATED_PRODUCT_CATEGORY('part',$,(#2576));
#8305 = SHAPE_DEFINITION_REPRESENTATION(#8306,#8312);
#8306 = PRODUCT_DEFINITION_SHAPE('','',#8307);
#8307 = PRODUCT_DEFINITION('design','',#8308,#8311);
#8308 = PRODUCT_DEFINITION_FORMATION('','',#8309);
#8309 = PRODUCT('TO-252-2','TO-252-2','',(#8310));
#8310 = PRODUCT_CONTEXT('',#2,'mechanical');
#8311 = PRODUCT_DEFINITION_CONTEXT('part definition',#2,'design');
#8312 = SHAPE_REPRESENTATION('',(#11,#8313),#8317);
#8313 = AXIS2_PLACEMENT_3D('',#8314,#8315,#8316);
#8314 = CARTESIAN_POINT('',(0.,0.,0.));
#8315 = DIRECTION('',(0.,0.,1.));
#8316 = DIRECTION('',(1.,0.,0.));
#8317 = ( GEOMETRIC_REPRESENTATION_CONTEXT(3) 
GLOBAL_UNCERTAINTY_ASSIGNED_CONTEXT((#8321)) 
GLOBAL_UNIT_ASSIGNED_CONTEXT((#8318,#8319,#8320)) REPRESENTATION_CONTEXT
('Context #1','3D Context with UNIT and UNCERTAINTY') );
#8318 = ( LENGTH_UNIT() NAMED_UNIT(*) SI_UNIT(.MILLI.,.METRE.) );
#8319 = ( NAMED_UNIT(*) PLANE_ANGLE_UNIT() SI_UNIT($,.RADIAN.) );
#8320 = ( NAMED_UNIT(*) SI_UNIT($,.STERADIAN.) SOLID_ANGLE_UNIT() );
#8321 = UNCERTAINTY_MEASURE_WITH_UNIT(LENGTH_MEASURE(1.E-07),#8318,
  'distance_accuracy_value','confusion accuracy');
#8322 = CONTEXT_DEPENDENT_SHAPE_REPRESENTATION(#8323,#8325);
#8323 = ( REPRESENTATION_RELATIONSHIP('','',#8312,#10) 
REPRESENTATION_RELATIONSHIP_WITH_TRANSFORMATION(#8324) 
SHAPE_REPRESENTATION_RELATIONSHIP() );
#8324 = ITEM_DEFINED_TRANSFORMATION('','',#11,#51);
#8325 = PRODUCT_DEFINITION_SHAPE('Placement','Placement of an item',
  #8326);
#8326 = NEXT_ASSEMBLY_USAGE_OCCURRENCE('11','Q4','',#5,#8307,$);
#8327 = PRODUCT_RELATED_PRODUCT_CATEGORY('part',$,(#8309));
#8328 = SHAPE_DEFINITION_REPRESENTATION(#8329,#8335);
#8329 = PRODUCT_DEFINITION_SHAPE('','',#8330);
#8330 = PRODUCT_DEFINITION('design','',#8331,#8334);
#8331 = PRODUCT_DEFINITION_FORMATION('','',#8332);
#8332 = PRODUCT('pcb-power 1.10.1','pcb-power 1.10.1','',(#8333));
#8333 = PRODUCT_CONTEXT('',#2,'mechanical');
#8334 = PRODUCT_DEFINITION_CONTEXT('part definition',#2,'design');
#8335 = SHAPE_REPRESENTATION('',(#11,#8336,#8678,#9166,#9856,#10138),
  #10828);
#8336 = MANIFOLD_SOLID_BREP('',#8337);
#8337 = CLOSED_SHELL('',(#8338,#8378,#8425,#8449,#8480,#8520,#8544,#8561
    ,#8592,#8604,#8632,#8644,#8669));
#8338 = ADVANCED_FACE('',(#8339),#8373,.F.);
#8339 = FACE_BOUND('',#8340,.F.);
#8340 = EDGE_LOOP('',(#8341,#8351,#8359,#8367));
#8341 = ORIENTED_EDGE('',*,*,#8342,.T.);
#8342 = EDGE_CURVE('',#8343,#8345,#8347,.T.);
#8343 = VERTEX_POINT('',#8344);
#8344 = CARTESIAN_POINT('',(-3.11,3.25,0.9));
#8345 = VERTEX_POINT('',#8346);
#8346 = CARTESIAN_POINT('',(-3.11,3.25,0.92));
#8347 = LINE('',#8348,#8349);
#8348 = CARTESIAN_POINT('',(-3.11,3.25,2.E-02));
#8349 = VECTOR('',#8350,1.);
#8350 = DIRECTION('',(0.,0.,1.));
#8351 = ORIENTED_EDGE('',*,*,#8352,.T.);
#8352 = EDGE_CURVE('',#8345,#8353,#8355,.T.);
#8353 = VERTEX_POINT('',#8354);
#8354 = CARTESIAN_POINT('',(-3.11,-3.25,0.92));
#8355 = LINE('',#8356,#8357);
#8356 = CARTESIAN_POINT('',(-3.11,3.25,0.92));
#8357 = VECTOR('',#8358,1.);
#8358 = DIRECTION('',(0.,-1.,0.));
#8359 = ORIENTED_EDGE('',*,*,#8360,.F.);
#8360 = EDGE_CURVE('',#8361,#8353,#8363,.T.);
#8361 = VERTEX_POINT('',#8362);
#8362 = CARTESIAN_POINT('',(-3.11,-3.25,0.9));
#8363 = LINE('',#8364,#8365);
#8364 = CARTESIAN_POINT('',(-3.11,-3.25,2.E-02));
#8365 = VECTOR('',#8366,1.);
#8366 = DIRECTION('',(0.,0.,1.));
#8367 = ORIENTED_EDGE('',*,*,#8368,.F.);
#8368 = EDGE_CURVE('',#8343,#8361,#8369,.T.);
#8369 = LINE('',#8370,#8371);
#8370 = CARTESIAN_POINT('',(-3.11,3.25,0.9));
#8371 = VECTOR('',#8372,1.);
#8372 = DIRECTION('',(0.,-1.,0.));
#8373 = PLANE('',#8374);
#8374 = AXIS2_PLACEMENT_3D('',#8375,#8376,#8377);
#8375 = CARTESIAN_POINT('',(-3.11,3.25,2.E-02));
#8376 = DIRECTION('',(1.,0.,0.));
#8377 = DIRECTION('',(0.,-1.,0.));
#8378 = ADVANCED_FACE('',(#8379),#8420,.F.);
#8379 = FACE_BOUND('',#8380,.F.);
#8380 = EDGE_LOOP('',(#8381,#8382,#8390,#8398,#8406,#8414));
#8381 = ORIENTED_EDGE('',*,*,#8342,.F.);
#8382 = ORIENTED_EDGE('',*,*,#8383,.T.);
#8383 = EDGE_CURVE('',#8343,#8384,#8386,.T.);
#8384 = VERTEX_POINT('',#8385);
#8385 = CARTESIAN_POINT('',(-2.91,3.25,2.E-02));
#8386 = LINE('',#8387,#8388);
#8387 = CARTESIAN_POINT('',(-2.812161100196,3.25,-0.410491159136));
#8388 = VECTOR('',#8389,1.);
#8389 = DIRECTION('',(0.221621103589,0.,-0.975132855791));
#8390 = ORIENTED_EDGE('',*,*,#8391,.F.);
#8391 = EDGE_CURVE('',#8392,#8384,#8394,.T.);
#8392 = VERTEX_POINT('',#8393);
#8393 = CARTESIAN_POINT('',(3.11,3.25,2.E-02));
#8394 = LINE('',#8395,#8396);
#8395 = CARTESIAN_POINT('',(3.11,3.25,2.E-02));
#8396 = VECTOR('',#8397,1.);
#8397 = DIRECTION('',(-1.,0.,0.));
#8398 = ORIENTED_EDGE('',*,*,#8399,.T.);
#8399 = EDGE_CURVE('',#8392,#8400,#8402,.T.);
#8400 = VERTEX_POINT('',#8401);
#8401 = CARTESIAN_POINT('',(3.11,3.25,0.52));
#8402 = LINE('',#8403,#8404);
#8403 = CARTESIAN_POINT('',(3.11,3.25,2.E-02));
#8404 = VECTOR('',#8405,1.);
#8405 = DIRECTION('',(0.,0.,1.));
#8406 = ORIENTED_EDGE('',*,*,#8407,.T.);
#8407 = EDGE_CURVE('',#8400,#8408,#8410,.T.);
#8408 = VERTEX_POINT('',#8409);
#8409 = CARTESIAN_POINT('',(2.998888888889,3.25,0.92));
#8410 = LINE('',#8411,#8412);
#8411 = CARTESIAN_POINT('',(3.04946991404,3.25,0.737908309456));
#8412 = VECTOR('',#8413,1.);
#8413 = DIRECTION('',(-0.267643863786,0.,0.96351790963));
#8414 = ORIENTED_EDGE('',*,*,#8415,.T.);
#8415 = EDGE_CURVE('',#8408,#8345,#8416,.T.);
#8416 = LINE('',#8417,#8418);
#8417 = CARTESIAN_POINT('',(2.61,3.25,0.92));
#8418 = VECTOR('',#8419,1.);
#8419 = DIRECTION('',(-1.,0.,0.));
#8420 = PLANE('',#8421);
#8421 = AXIS2_PLACEMENT_3D('',#8422,#8423,#8424);
#8422 = CARTESIAN_POINT('',(3.11,3.25,2.E-02));
#8423 = DIRECTION('',(0.,-1.,0.));
#8424 = DIRECTION('',(-1.,0.,0.));
#8425 = ADVANCED_FACE('',(#8426),#8444,.T.);
#8426 = FACE_BOUND('',#8427,.F.);
#8427 = EDGE_LOOP('',(#8428,#8429,#8430,#8438));
#8428 = ORIENTED_EDGE('',*,*,#8383,.F.);
#8429 = ORIENTED_EDGE('',*,*,#8368,.T.);
#8430 = ORIENTED_EDGE('',*,*,#8431,.T.);
#8431 = EDGE_CURVE('',#8361,#8432,#8434,.T.);
#8432 = VERTEX_POINT('',#8433);
#8433 = CARTESIAN_POINT('',(-2.91,-3.25,2.E-02));
#8434 = LINE('',#8435,#8436);
#8435 = CARTESIAN_POINT('',(-2.964911591356,-3.25,0.261611001965));
#8436 = VECTOR('',#8437,1.);
#8437 = DIRECTION('',(0.221621103589,0.,-0.975132855791));
#8438 = ORIENTED_EDGE('',*,*,#8439,.F.);
#8439 = EDGE_CURVE('',#8384,#8432,#8440,.T.);
#8440 = LINE('',#8441,#8442);
#8441 = CARTESIAN_POINT('',(-2.91,3.25,2.E-02));
#8442 = VECTOR('',#8443,1.);
#8443 = DIRECTION('',(0.,-1.,0.));
#8444 = PLANE('',#8445);
#8445 = AXIS2_PLACEMENT_3D('',#8446,#8447,#8448);
#8446 = CARTESIAN_POINT('',(-3.01,3.25,0.46));
#8447 = DIRECTION('',(-0.975132855791,0.,-0.221621103589));
#8448 = DIRECTION('',(0.,1.,0.));
#8449 = ADVANCED_FACE('',(#8450),#8475,.F.);
#8450 = FACE_BOUND('',#8451,.F.);
#8451 = EDGE_LOOP('',(#8452,#8462,#8468,#8469));
#8452 = ORIENTED_EDGE('',*,*,#8453,.T.);
#8453 = EDGE_CURVE('',#8454,#8456,#8458,.T.);
#8454 = VERTEX_POINT('',#8455);
#8455 = CARTESIAN_POINT('',(-2.61,2.75,2.32));
#8456 = VERTEX_POINT('',#8457);
#8457 = CARTESIAN_POINT('',(-2.61,-2.75,2.32));
#8458 = LINE('',#8459,#8460);
#8459 = CARTESIAN_POINT('',(-2.61,3.25,2.32));
#8460 = VECTOR('',#8461,1.);
#8461 = DIRECTION('',(0.,-1.,0.));
#8462 = ORIENTED_EDGE('',*,*,#8463,.T.);
#8463 = EDGE_CURVE('',#8456,#8353,#8464,.T.);
#8464 = LINE('',#8465,#8466);
#8465 = CARTESIAN_POINT('',(-2.529715447154,-2.669715447154,
    2.544796747967));
#8466 = VECTOR('',#8467,1.);
#8467 = DIRECTION('',(-0.318788356532,-0.318788356532,-0.892607398289));
#8468 = ORIENTED_EDGE('',*,*,#8352,.F.);
#8469 = ORIENTED_EDGE('',*,*,#8470,.F.);
#8470 = EDGE_CURVE('',#8454,#8345,#8471,.T.);
#8471 = LINE('',#8472,#8473);
#8472 = CARTESIAN_POINT('',(-2.594756097561,2.734756097561,
    2.362682926829));
#8473 = VECTOR('',#8474,1.);
#8474 = DIRECTION('',(-0.318788356532,0.318788356532,-0.892607398289));
#8475 = PLANE('',#8476);
#8476 = AXIS2_PLACEMENT_3D('',#8477,#8478,#8479);
#8477 = CARTESIAN_POINT('',(-2.86,3.25,1.62));
#8478 = DIRECTION('',(0.941741911595,7.015149670815E-18,-0.336336396998)
  );
#8479 = DIRECTION('',(6.606460461117E-18,-1.,-2.359450164685E-18));
#8480 = ADVANCED_FACE('',(#8481),#8515,.F.);
#8481 = FACE_BOUND('',#8482,.F.);
#8482 = EDGE_LOOP('',(#8483,#8484,#8492,#8500,#8508,#8514));
#8483 = ORIENTED_EDGE('',*,*,#8360,.T.);
#8484 = ORIENTED_EDGE('',*,*,#8485,.T.);
#8485 = EDGE_CURVE('',#8353,#8486,#8488,.T.);
#8486 = VERTEX_POINT('',#8487);
#8487 = CARTESIAN_POINT('',(2.998888888889,-3.25,0.92));
#8488 = LINE('',#8489,#8490);
#8489 = CARTESIAN_POINT('',(-2.61,-3.25,0.92));
#8490 = VECTOR('',#8491,1.);
#8491 = DIRECTION('',(1.,0.,0.));
#8492 = ORIENTED_EDGE('',*,*,#8493,.F.);
#8493 = EDGE_CURVE('',#8494,#8486,#8496,.T.);
#8494 = VERTEX_POINT('',#8495);
#8495 = CARTESIAN_POINT('',(3.11,-3.25,0.52));
#8496 = LINE('',#8497,#8498);
#8497 = CARTESIAN_POINT('',(2.826690544413,-3.25,1.539914040115));
#8498 = VECTOR('',#8499,1.);
#8499 = DIRECTION('',(-0.267643863786,0.,0.96351790963));
#8500 = ORIENTED_EDGE('',*,*,#8501,.F.);
#8501 = EDGE_CURVE('',#8502,#8494,#8504,.T.);
#8502 = VERTEX_POINT('',#8503);
#8503 = CARTESIAN_POINT('',(3.11,-3.25,2.E-02));
#8504 = LINE('',#8505,#8506);
#8505 = CARTESIAN_POINT('',(3.11,-3.25,2.E-02));
#8506 = VECTOR('',#8507,1.);
#8507 = DIRECTION('',(0.,0.,1.));
#8508 = ORIENTED_EDGE('',*,*,#8509,.F.);
#8509 = EDGE_CURVE('',#8432,#8502,#8510,.T.);
#8510 = LINE('',#8511,#8512);
#8511 = CARTESIAN_POINT('',(-3.11,-3.25,2.E-02));
#8512 = VECTOR('',#8513,1.);
#8513 = DIRECTION('',(1.,0.,0.));
#8514 = ORIENTED_EDGE('',*,*,#8431,.F.);
#8515 = PLANE('',#8516);
#8516 = AXIS2_PLACEMENT_3D('',#8517,#8518,#8519);
#8517 = CARTESIAN_POINT('',(-3.11,-3.25,2.E-02));
#8518 = DIRECTION('',(0.,1.,0.));
#8519 = DIRECTION('',(1.,0.,0.));
#8520 = ADVANCED_FACE('',(#8521),#8539,.F.);
#8521 = FACE_BOUND('',#8522,.F.);
#8522 = EDGE_LOOP('',(#8523,#8531,#8537,#8538));
#8523 = ORIENTED_EDGE('',*,*,#8524,.F.);
#8524 = EDGE_CURVE('',#8525,#8408,#8527,.T.);
#8525 = VERTEX_POINT('',#8526);
#8526 = CARTESIAN_POINT('',(2.61,2.75,2.32));
#8527 = LINE('',#8528,#8529);
#8528 = CARTESIAN_POINT('',(2.56571473387,2.69306180069,2.479426958068)
  );
#8529 = VECTOR('',#8530,1.);
#8530 = DIRECTION('',(0.253078917766,0.325387179985,-0.911084103957));
#8531 = ORIENTED_EDGE('',*,*,#8532,.T.);
#8532 = EDGE_CURVE('',#8525,#8454,#8533,.T.);
#8533 = LINE('',#8534,#8535);
#8534 = CARTESIAN_POINT('',(2.61,2.75,2.32));
#8535 = VECTOR('',#8536,1.);
#8536 = DIRECTION('',(-1.,0.,0.));
#8537 = ORIENTED_EDGE('',*,*,#8470,.T.);
#8538 = ORIENTED_EDGE('',*,*,#8415,.F.);
#8539 = PLANE('',#8540);
#8540 = AXIS2_PLACEMENT_3D('',#8541,#8542,#8543);
#8541 = CARTESIAN_POINT('',(2.61,3.,1.62));
#8542 = DIRECTION('',(7.015149670815E-18,-0.941741911595,-0.336336396998
    ));
#8543 = DIRECTION('',(-1.,-6.606460461117E-18,-2.359450164685E-18));
#8544 = ADVANCED_FACE('',(#8545),#8556,.F.);
#8545 = FACE_BOUND('',#8546,.F.);
#8546 = EDGE_LOOP('',(#8547,#8548,#8554,#8555));
#8547 = ORIENTED_EDGE('',*,*,#8509,.T.);
#8548 = ORIENTED_EDGE('',*,*,#8549,.T.);
#8549 = EDGE_CURVE('',#8502,#8392,#8550,.T.);
#8550 = LINE('',#8551,#8552);
#8551 = CARTESIAN_POINT('',(3.11,-3.25,2.E-02));
#8552 = VECTOR('',#8553,1.);
#8553 = DIRECTION('',(0.,1.,0.));
#8554 = ORIENTED_EDGE('',*,*,#8391,.T.);
#8555 = ORIENTED_EDGE('',*,*,#8439,.T.);
#8556 = PLANE('',#8557);
#8557 = AXIS2_PLACEMENT_3D('',#8558,#8559,#8560);
#8558 = CARTESIAN_POINT('',(-1.396506949214E-16,0.,2.E-02));
#8559 = DIRECTION('',(4.070108102062E-35,-3.727005214102E-35,1.));
#8560 = DIRECTION('',(1.,0.,-4.070108102062E-35));
#8561 = ADVANCED_FACE('',(#8562),#8587,.F.);
#8562 = FACE_BOUND('',#8563,.T.);
#8563 = EDGE_LOOP('',(#8564,#8572,#8578,#8579,#8585,#8586));
#8564 = ORIENTED_EDGE('',*,*,#8565,.F.);
#8565 = EDGE_CURVE('',#8566,#8525,#8568,.T.);
#8566 = VERTEX_POINT('',#8567);
#8567 = CARTESIAN_POINT('',(2.61,-2.75,2.32));
#8568 = LINE('',#8569,#8570);
#8569 = CARTESIAN_POINT('',(2.61,-3.25,2.32));
#8570 = VECTOR('',#8571,1.);
#8571 = DIRECTION('',(0.,1.,0.));
#8572 = ORIENTED_EDGE('',*,*,#8573,.T.);
#8573 = EDGE_CURVE('',#8566,#8486,#8574,.T.);
#8574 = LINE('',#8575,#8576);
#8575 = CARTESIAN_POINT('',(2.666180069016,-2.822231517306,
    2.117751751542));
#8576 = VECTOR('',#8577,1.);
#8577 = DIRECTION('',(0.253078917766,-0.325387179985,-0.911084103957));
#8578 = ORIENTED_EDGE('',*,*,#8493,.F.);
#8579 = ORIENTED_EDGE('',*,*,#8580,.T.);
#8580 = EDGE_CURVE('',#8494,#8400,#8581,.T.);
#8581 = LINE('',#8582,#8583);
#8582 = CARTESIAN_POINT('',(3.11,-3.25,0.52));
#8583 = VECTOR('',#8584,1.);
#8584 = DIRECTION('',(0.,1.,0.));
#8585 = ORIENTED_EDGE('',*,*,#8407,.T.);
#8586 = ORIENTED_EDGE('',*,*,#8524,.F.);
#8587 = PLANE('',#8588);
#8588 = AXIS2_PLACEMENT_3D('',#8589,#8590,#8591);
#8589 = CARTESIAN_POINT('',(2.86,-3.25,1.42));
#8590 = DIRECTION('',(-0.96351790963,0.,-0.267643863786));
#8591 = DIRECTION('',(0.,-1.,0.));
#8592 = ADVANCED_FACE('',(#8593),#8599,.F.);
#8593 = FACE_BOUND('',#8594,.F.);
#8594 = EDGE_LOOP('',(#8595,#8596,#8597,#8598));
#8595 = ORIENTED_EDGE('',*,*,#8501,.T.);
#8596 = ORIENTED_EDGE('',*,*,#8580,.T.);
#8597 = ORIENTED_EDGE('',*,*,#8399,.F.);
#8598 = ORIENTED_EDGE('',*,*,#8549,.F.);
#8599 = PLANE('',#8600);
#8600 = AXIS2_PLACEMENT_3D('',#8601,#8602,#8603);
#8601 = CARTESIAN_POINT('',(3.11,-3.25,2.E-02));
#8602 = DIRECTION('',(-1.,0.,0.));
#8603 = DIRECTION('',(0.,1.,0.));
#8604 = ADVANCED_FACE('',(#8605,#8616),#8627,.T.);
#8605 = FACE_BOUND('',#8606,.T.);
#8606 = EDGE_LOOP('',(#8607,#8608,#8614,#8615));
#8607 = ORIENTED_EDGE('',*,*,#8453,.T.);
#8608 = ORIENTED_EDGE('',*,*,#8609,.T.);
#8609 = EDGE_CURVE('',#8456,#8566,#8610,.T.);
#8610 = LINE('',#8611,#8612);
#8611 = CARTESIAN_POINT('',(-2.61,-2.75,2.32));
#8612 = VECTOR('',#8613,1.);
#8613 = DIRECTION('',(1.,0.,0.));
#8614 = ORIENTED_EDGE('',*,*,#8565,.T.);
#8615 = ORIENTED_EDGE('',*,*,#8532,.T.);
#8616 = FACE_BOUND('',#8617,.T.);
#8617 = EDGE_LOOP('',(#8618));
#8618 = ORIENTED_EDGE('',*,*,#8619,.T.);
#8619 = EDGE_CURVE('',#8620,#8620,#8622,.T.);
#8620 = VERTEX_POINT('',#8621);
#8621 = CARTESIAN_POINT('',(-2.,-1.118303597555E-16,2.32));
#8622 = CIRCLE('',#8623,0.5);
#8623 = AXIS2_PLACEMENT_3D('',#8624,#8625,#8626);
#8624 = CARTESIAN_POINT('',(-1.5,1.063432015924E-17,2.32));
#8625 = DIRECTION('',(-4.070108102062E-35,3.727005214102E-35,-1.));
#8626 = DIRECTION('',(-1.,-1.516931411834E-69,4.070108102062E-35));
#8627 = PLANE('',#8628);
#8628 = AXIS2_PLACEMENT_3D('',#8629,#8630,#8631);
#8629 = CARTESIAN_POINT('',(-1.396506949214E-16,0.,2.32));
#8630 = DIRECTION('',(4.070108102062E-35,-3.727005214102E-35,1.));
#8631 = DIRECTION('',(1.,0.,-4.070108102062E-35));
#8632 = ADVANCED_FACE('',(#8633),#8639,.F.);
#8633 = FACE_BOUND('',#8634,.F.);
#8634 = EDGE_LOOP('',(#8635,#8636,#8637,#8638));
#8635 = ORIENTED_EDGE('',*,*,#8463,.F.);
#8636 = ORIENTED_EDGE('',*,*,#8609,.T.);
#8637 = ORIENTED_EDGE('',*,*,#8573,.T.);
#8638 = ORIENTED_EDGE('',*,*,#8485,.F.);
#8639 = PLANE('',#8640);
#8640 = AXIS2_PLACEMENT_3D('',#8641,#8642,#8643);
#8641 = CARTESIAN_POINT('',(-2.61,-3.,1.62));
#8642 = DIRECTION('',(-7.015149670815E-18,0.941741911595,-0.336336396998
    ));
#8643 = DIRECTION('',(1.,6.606460461117E-18,-2.359450164685E-18));
#8644 = ADVANCED_FACE('',(#8645),#8664,.F.);
#8645 = FACE_BOUND('',#8646,.F.);
#8646 = EDGE_LOOP('',(#8647,#8656,#8662,#8663));
#8647 = ORIENTED_EDGE('',*,*,#8648,.F.);
#8648 = EDGE_CURVE('',#8649,#8649,#8651,.T.);
#8649 = VERTEX_POINT('',#8650);
#8650 = CARTESIAN_POINT('',(-2.,-1.118303597555E-16,2.22));
#8651 = CIRCLE('',#8652,0.5);
#8652 = AXIS2_PLACEMENT_3D('',#8653,#8654,#8655);
#8653 = CARTESIAN_POINT('',(-1.5,1.063432015924E-17,2.22));
#8654 = DIRECTION('',(-4.070108102062E-35,3.727005214102E-35,-1.));
#8655 = DIRECTION('',(-1.,-1.516931411834E-69,4.070108102062E-35));
#8656 = ORIENTED_EDGE('',*,*,#8657,.F.);
#8657 = EDGE_CURVE('',#8620,#8649,#8658,.T.);
#8658 = LINE('',#8659,#8660);
#8659 = CARTESIAN_POINT('',(-2.,-1.118303597555E-16,2.32));
#8660 = VECTOR('',#8661,1.);
#8661 = DIRECTION('',(-4.070108102062E-35,3.727005214102E-35,-1.));
#8662 = ORIENTED_EDGE('',*,*,#8619,.T.);
#8663 = ORIENTED_EDGE('',*,*,#8657,.T.);
#8664 = CYLINDRICAL_SURFACE('',#8665,0.5);
#8665 = AXIS2_PLACEMENT_3D('',#8666,#8667,#8668);
#8666 = CARTESIAN_POINT('',(-1.5,1.063432015924E-17,2.32));
#8667 = DIRECTION('',(-4.070108102062E-35,3.727005214102E-35,-1.));
#8668 = DIRECTION('',(-1.,-1.516931411834E-69,4.070108102062E-35));
#8669 = ADVANCED_FACE('',(#8670),#8673,.F.);
#8670 = FACE_BOUND('',#8671,.F.);
#8671 = EDGE_LOOP('',(#8672));
#8672 = ORIENTED_EDGE('',*,*,#8648,.T.);
#8673 = PLANE('',#8674);
#8674 = AXIS2_PLACEMENT_3D('',#8675,#8676,#8677);
#8675 = CARTESIAN_POINT('',(-1.5,1.063432015924E-17,2.22));
#8676 = DIRECTION('',(-4.070108102062E-35,3.727005214102E-35,-1.));
#8677 = DIRECTION('',(-1.,-1.516931411834E-69,4.070108102062E-35));
#8678 = MANIFOLD_SOLID_BREP('',#8679);
#8679 = CLOSED_SHELL('',(#8680,#8720,#8753,#8860,#8885,#8984,#9001,#9018
    ,#9035,#9052,#9069,#9086,#9103,#9120,#9137,#9154));
#8680 = ADVANCED_FACE('',(#8681),#8715,.T.);
#8681 = FACE_BOUND('',#8682,.T.);
#8682 = EDGE_LOOP('',(#8683,#8693,#8701,#8709));
#8683 = ORIENTED_EDGE('',*,*,#8684,.F.);
#8684 = EDGE_CURVE('',#8685,#8687,#8689,.T.);
#8685 = VERTEX_POINT('',#8686);
#8686 = CARTESIAN_POINT('',(4.11,-2.66,0.));
#8687 = VERTEX_POINT('',#8688);
#8688 = CARTESIAN_POINT('',(4.11,-2.66,0.5));
#8689 = LINE('',#8690,#8691);
#8690 = CARTESIAN_POINT('',(4.11,-2.66,0.));
#8691 = VECTOR('',#8692,1.);
#8692 = DIRECTION('',(0.,0.,1.));
#8693 = ORIENTED_EDGE('',*,*,#8694,.T.);
#8694 = EDGE_CURVE('',#8685,#8695,#8697,.T.);
#8695 = VERTEX_POINT('',#8696);
#8696 = CARTESIAN_POINT('',(4.11,-1.97,0.));
#8697 = LINE('',#8698,#8699);
#8698 = CARTESIAN_POINT('',(4.11,-2.7,0.));
#8699 = VECTOR('',#8700,1.);
#8700 = DIRECTION('',(0.,1.,0.));
#8701 = ORIENTED_EDGE('',*,*,#8702,.F.);
#8702 = EDGE_CURVE('',#8703,#8695,#8705,.T.);
#8703 = VERTEX_POINT('',#8704);
#8704 = CARTESIAN_POINT('',(4.11,-1.97,0.5));
#8705 = LINE('',#8706,#8707);
#8706 = CARTESIAN_POINT('',(4.11,-1.97,0.));
#8707 = VECTOR('',#8708,1.);
#8708 = DIRECTION('',(-0.,-0.,-1.));
#8709 = ORIENTED_EDGE('',*,*,#8710,.T.);
#8710 = EDGE_CURVE('',#8703,#8687,#8711,.T.);
#8711 = LINE('',#8712,#8713);
#8712 = CARTESIAN_POINT('',(4.11,2.7,0.5));
#8713 = VECTOR('',#8714,1.);
#8714 = DIRECTION('',(0.,-1.,0.));
#8715 = PLANE('',#8716);
#8716 = AXIS2_PLACEMENT_3D('',#8717,#8718,#8719);
#8717 = CARTESIAN_POINT('',(4.11,0.,0.));
#8718 = DIRECTION('',(1.,0.,0.));
#8719 = DIRECTION('',(0.,-1.,0.));
#8720 = ADVANCED_FACE('',(#8721),#8748,.T.);
#8721 = FACE_BOUND('',#8722,.T.);
#8722 = EDGE_LOOP('',(#8723,#8724,#8733,#8741));
#8723 = ORIENTED_EDGE('',*,*,#8684,.T.);
#8724 = ORIENTED_EDGE('',*,*,#8725,.T.);
#8725 = EDGE_CURVE('',#8687,#8726,#8728,.T.);
#8726 = VERTEX_POINT('',#8727);
#8727 = CARTESIAN_POINT('',(4.07,-2.7,0.5));
#8728 = CIRCLE('',#8729,4.E-02);
#8729 = AXIS2_PLACEMENT_3D('',#8730,#8731,#8732);
#8730 = CARTESIAN_POINT('',(4.07,-2.66,0.5));
#8731 = DIRECTION('',(-0.,-0.,-1.));
#8732 = DIRECTION('',(0.,-1.,0.));
#8733 = ORIENTED_EDGE('',*,*,#8734,.F.);
#8734 = EDGE_CURVE('',#8735,#8726,#8737,.T.);
#8735 = VERTEX_POINT('',#8736);
#8736 = CARTESIAN_POINT('',(4.07,-2.7,0.));
#8737 = LINE('',#8738,#8739);
#8738 = CARTESIAN_POINT('',(4.07,-2.7,0.));
#8739 = VECTOR('',#8740,1.);
#8740 = DIRECTION('',(0.,0.,1.));
#8741 = ORIENTED_EDGE('',*,*,#8742,.F.);
#8742 = EDGE_CURVE('',#8685,#8735,#8743,.T.);
#8743 = CIRCLE('',#8744,4.E-02);
#8744 = AXIS2_PLACEMENT_3D('',#8745,#8746,#8747);
#8745 = CARTESIAN_POINT('',(4.07,-2.66,0.));
#8746 = DIRECTION('',(-0.,-0.,-1.));
#8747 = DIRECTION('',(0.,-1.,0.));
#8748 = CYLINDRICAL_SURFACE('',#8749,4.E-02);
#8749 = AXIS2_PLACEMENT_3D('',#8750,#8751,#8752);
#8750 = CARTESIAN_POINT('',(4.07,-2.66,0.));
#8751 = DIRECTION('',(0.,0.,1.));
#8752 = DIRECTION('',(1.,0.,0.));
#8753 = ADVANCED_FACE('',(#8754),#8855,.F.);
#8754 = FACE_BOUND('',#8755,.F.);
#8755 = EDGE_LOOP('',(#8756,#8757,#8765,#8773,#8781,#8789,#8797,#8805,
    #8813,#8822,#8830,#8839,#8847,#8854));
#8756 = ORIENTED_EDGE('',*,*,#8725,.T.);
#8757 = ORIENTED_EDGE('',*,*,#8758,.T.);
#8758 = EDGE_CURVE('',#8726,#8759,#8761,.T.);
#8759 = VERTEX_POINT('',#8760);
#8760 = CARTESIAN_POINT('',(3.11,-2.7,0.5));
#8761 = LINE('',#8762,#8763);
#8762 = CARTESIAN_POINT('',(4.11,-2.7,0.5));
#8763 = VECTOR('',#8764,1.);
#8764 = DIRECTION('',(-1.,0.,0.));
#8765 = ORIENTED_EDGE('',*,*,#8766,.T.);
#8766 = EDGE_CURVE('',#8759,#8767,#8769,.T.);
#8767 = VERTEX_POINT('',#8768);
#8768 = CARTESIAN_POINT('',(3.11,-2.16,0.5));
#8769 = LINE('',#8770,#8771);
#8770 = CARTESIAN_POINT('',(3.11,-2.7,0.5));
#8771 = VECTOR('',#8772,1.);
#8772 = DIRECTION('',(0.,1.,0.));
#8773 = ORIENTED_EDGE('',*,*,#8774,.T.);
#8774 = EDGE_CURVE('',#8767,#8775,#8777,.T.);
#8775 = VERTEX_POINT('',#8776);
#8776 = CARTESIAN_POINT('',(-1.13,-2.16,0.5));
#8777 = LINE('',#8778,#8779);
#8778 = CARTESIAN_POINT('',(3.11,-2.16,0.5));
#8779 = VECTOR('',#8780,1.);
#8780 = DIRECTION('',(-1.,0.,0.));
#8781 = ORIENTED_EDGE('',*,*,#8782,.T.);
#8782 = EDGE_CURVE('',#8775,#8783,#8785,.T.);
#8783 = VERTEX_POINT('',#8784);
#8784 = CARTESIAN_POINT('',(-1.13,2.16,0.5));
#8785 = LINE('',#8786,#8787);
#8786 = CARTESIAN_POINT('',(-1.13,-2.16,0.5));
#8787 = VECTOR('',#8788,1.);
#8788 = DIRECTION('',(0.,1.,0.));
#8789 = ORIENTED_EDGE('',*,*,#8790,.T.);
#8790 = EDGE_CURVE('',#8783,#8791,#8793,.T.);
#8791 = VERTEX_POINT('',#8792);
#8792 = CARTESIAN_POINT('',(3.11,2.16,0.5));
#8793 = LINE('',#8794,#8795);
#8794 = CARTESIAN_POINT('',(-1.13,2.16,0.5));
#8795 = VECTOR('',#8796,1.);
#8796 = DIRECTION('',(1.,0.,0.));
#8797 = ORIENTED_EDGE('',*,*,#8798,.T.);
#8798 = EDGE_CURVE('',#8791,#8799,#8801,.T.);
#8799 = VERTEX_POINT('',#8800);
#8800 = CARTESIAN_POINT('',(3.11,2.7,0.5));
#8801 = LINE('',#8802,#8803);
#8802 = CARTESIAN_POINT('',(3.11,2.16,0.5));
#8803 = VECTOR('',#8804,1.);
#8804 = DIRECTION('',(0.,1.,0.));
#8805 = ORIENTED_EDGE('',*,*,#8806,.T.);
#8806 = EDGE_CURVE('',#8799,#8807,#8809,.T.);
#8807 = VERTEX_POINT('',#8808);
#8808 = CARTESIAN_POINT('',(4.07,2.7,0.5));
#8809 = LINE('',#8810,#8811);
#8810 = CARTESIAN_POINT('',(3.11,2.7,0.5));
#8811 = VECTOR('',#8812,1.);
#8812 = DIRECTION('',(1.,0.,0.));
#8813 = ORIENTED_EDGE('',*,*,#8814,.F.);
#8814 = EDGE_CURVE('',#8815,#8807,#8817,.T.);
#8815 = VERTEX_POINT('',#8816);
#8816 = CARTESIAN_POINT('',(4.11,2.66,0.5));
#8817 = CIRCLE('',#8818,4.E-02);
#8818 = AXIS2_PLACEMENT_3D('',#8819,#8820,#8821);
#8819 = CARTESIAN_POINT('',(4.07,2.66,0.5));
#8820 = DIRECTION('',(-0.,0.,1.));
#8821 = DIRECTION('',(0.,-1.,0.));
#8822 = ORIENTED_EDGE('',*,*,#8823,.T.);
#8823 = EDGE_CURVE('',#8815,#8824,#8826,.T.);
#8824 = VERTEX_POINT('',#8825);
#8825 = CARTESIAN_POINT('',(4.11,1.97,0.5));
#8826 = LINE('',#8827,#8828);
#8827 = CARTESIAN_POINT('',(4.11,2.7,0.5));
#8828 = VECTOR('',#8829,1.);
#8829 = DIRECTION('',(0.,-1.,0.));
#8830 = ORIENTED_EDGE('',*,*,#8831,.F.);
#8831 = EDGE_CURVE('',#8832,#8824,#8834,.T.);
#8832 = VERTEX_POINT('',#8833);
#8833 = CARTESIAN_POINT('',(4.03,1.89,0.5));
#8834 = CIRCLE('',#8835,8.E-02);
#8835 = AXIS2_PLACEMENT_3D('',#8836,#8837,#8838);
#8836 = CARTESIAN_POINT('',(4.11,1.89,0.5));
#8837 = DIRECTION('',(0.,0.,-1.));
#8838 = DIRECTION('',(1.,0.,0.));
#8839 = ORIENTED_EDGE('',*,*,#8840,.T.);
#8840 = EDGE_CURVE('',#8832,#8841,#8843,.T.);
#8841 = VERTEX_POINT('',#8842);
#8842 = CARTESIAN_POINT('',(4.03,-1.89,0.5));
#8843 = LINE('',#8844,#8845);
#8844 = CARTESIAN_POINT('',(4.03,1.89,0.5));
#8845 = VECTOR('',#8846,1.);
#8846 = DIRECTION('',(0.,-1.,0.));
#8847 = ORIENTED_EDGE('',*,*,#8848,.F.);
#8848 = EDGE_CURVE('',#8703,#8841,#8849,.T.);
#8849 = CIRCLE('',#8850,8.E-02);
#8850 = AXIS2_PLACEMENT_3D('',#8851,#8852,#8853);
#8851 = CARTESIAN_POINT('',(4.11,-1.89,0.5));
#8852 = DIRECTION('',(0.,0.,-1.));
#8853 = DIRECTION('',(1.,0.,0.));
#8854 = ORIENTED_EDGE('',*,*,#8710,.T.);
#8855 = PLANE('',#8856);
#8856 = AXIS2_PLACEMENT_3D('',#8857,#8858,#8859);
#8857 = CARTESIAN_POINT('',(1.705187969925,6.260656153901E-17,0.5));
#8858 = DIRECTION('',(-0.,-0.,-1.));
#8859 = DIRECTION('',(-1.,0.,0.));
#8860 = ADVANCED_FACE('',(#8861),#8880,.F.);
#8861 = FACE_BOUND('',#8862,.F.);
#8862 = EDGE_LOOP('',(#8863,#8864,#8872,#8879));
#8863 = ORIENTED_EDGE('',*,*,#8848,.T.);
#8864 = ORIENTED_EDGE('',*,*,#8865,.F.);
#8865 = EDGE_CURVE('',#8866,#8841,#8868,.T.);
#8866 = VERTEX_POINT('',#8867);
#8867 = CARTESIAN_POINT('',(4.03,-1.89,0.));
#8868 = LINE('',#8869,#8870);
#8869 = CARTESIAN_POINT('',(4.03,-1.89,0.));
#8870 = VECTOR('',#8871,1.);
#8871 = DIRECTION('',(0.,0.,1.));
#8872 = ORIENTED_EDGE('',*,*,#8873,.T.);
#8873 = EDGE_CURVE('',#8866,#8695,#8874,.T.);
#8874 = CIRCLE('',#8875,8.E-02);
#8875 = AXIS2_PLACEMENT_3D('',#8876,#8877,#8878);
#8876 = CARTESIAN_POINT('',(4.11,-1.89,0.));
#8877 = DIRECTION('',(0.,0.,1.));
#8878 = DIRECTION('',(1.,0.,0.));
#8879 = ORIENTED_EDGE('',*,*,#8702,.F.);
#8880 = CYLINDRICAL_SURFACE('',#8881,8.E-02);
#8881 = AXIS2_PLACEMENT_3D('',#8882,#8883,#8884);
#8882 = CARTESIAN_POINT('',(4.11,-1.89,0.));
#8883 = DIRECTION('',(-0.,-0.,-1.));
#8884 = DIRECTION('',(1.,0.,0.));
#8885 = ADVANCED_FACE('',(#8886),#8979,.T.);
#8886 = FACE_BOUND('',#8887,.T.);
#8887 = EDGE_LOOP('',(#8888,#8889,#8890,#8898,#8906,#8914,#8922,#8930,
    #8938,#8946,#8955,#8963,#8972,#8978));
#8888 = ORIENTED_EDGE('',*,*,#8694,.F.);
#8889 = ORIENTED_EDGE('',*,*,#8742,.T.);
#8890 = ORIENTED_EDGE('',*,*,#8891,.T.);
#8891 = EDGE_CURVE('',#8735,#8892,#8894,.T.);
#8892 = VERTEX_POINT('',#8893);
#8893 = CARTESIAN_POINT('',(3.11,-2.7,0.));
#8894 = LINE('',#8895,#8896);
#8895 = CARTESIAN_POINT('',(4.11,-2.7,0.));
#8896 = VECTOR('',#8897,1.);
#8897 = DIRECTION('',(-1.,0.,0.));
#8898 = ORIENTED_EDGE('',*,*,#8899,.T.);
#8899 = EDGE_CURVE('',#8892,#8900,#8902,.T.);
#8900 = VERTEX_POINT('',#8901);
#8901 = CARTESIAN_POINT('',(3.11,-2.16,0.));
#8902 = LINE('',#8903,#8904);
#8903 = CARTESIAN_POINT('',(3.11,-2.7,0.));
#8904 = VECTOR('',#8905,1.);
#8905 = DIRECTION('',(0.,1.,0.));
#8906 = ORIENTED_EDGE('',*,*,#8907,.T.);
#8907 = EDGE_CURVE('',#8900,#8908,#8910,.T.);
#8908 = VERTEX_POINT('',#8909);
#8909 = CARTESIAN_POINT('',(-1.13,-2.16,0.));
#8910 = LINE('',#8911,#8912);
#8911 = CARTESIAN_POINT('',(3.11,-2.16,0.));
#8912 = VECTOR('',#8913,1.);
#8913 = DIRECTION('',(-1.,0.,0.));
#8914 = ORIENTED_EDGE('',*,*,#8915,.T.);
#8915 = EDGE_CURVE('',#8908,#8916,#8918,.T.);
#8916 = VERTEX_POINT('',#8917);
#8917 = CARTESIAN_POINT('',(-1.13,2.16,0.));
#8918 = LINE('',#8919,#8920);
#8919 = CARTESIAN_POINT('',(-1.13,-2.16,0.));
#8920 = VECTOR('',#8921,1.);
#8921 = DIRECTION('',(0.,1.,0.));
#8922 = ORIENTED_EDGE('',*,*,#8923,.T.);
#8923 = EDGE_CURVE('',#8916,#8924,#8926,.T.);
#8924 = VERTEX_POINT('',#8925);
#8925 = CARTESIAN_POINT('',(3.11,2.16,0.));
#8926 = LINE('',#8927,#8928);
#8927 = CARTESIAN_POINT('',(-1.13,2.16,0.));
#8928 = VECTOR('',#8929,1.);
#8929 = DIRECTION('',(1.,0.,0.));
#8930 = ORIENTED_EDGE('',*,*,#8931,.T.);
#8931 = EDGE_CURVE('',#8924,#8932,#8934,.T.);
#8932 = VERTEX_POINT('',#8933);
#8933 = CARTESIAN_POINT('',(3.11,2.7,0.));
#8934 = LINE('',#8935,#8936);
#8935 = CARTESIAN_POINT('',(3.11,2.16,0.));
#8936 = VECTOR('',#8937,1.);
#8937 = DIRECTION('',(0.,1.,0.));
#8938 = ORIENTED_EDGE('',*,*,#8939,.T.);
#8939 = EDGE_CURVE('',#8932,#8940,#8942,.T.);
#8940 = VERTEX_POINT('',#8941);
#8941 = CARTESIAN_POINT('',(4.07,2.7,0.));
#8942 = LINE('',#8943,#8944);
#8943 = CARTESIAN_POINT('',(3.11,2.7,0.));
#8944 = VECTOR('',#8945,1.);
#8945 = DIRECTION('',(1.,0.,0.));
#8946 = ORIENTED_EDGE('',*,*,#8947,.F.);
#8947 = EDGE_CURVE('',#8948,#8940,#8950,.T.);
#8948 = VERTEX_POINT('',#8949);
#8949 = CARTESIAN_POINT('',(4.11,2.66,0.));
#8950 = CIRCLE('',#8951,4.E-02);
#8951 = AXIS2_PLACEMENT_3D('',#8952,#8953,#8954);
#8952 = CARTESIAN_POINT('',(4.07,2.66,0.));
#8953 = DIRECTION('',(-0.,0.,1.));
#8954 = DIRECTION('',(0.,-1.,0.));
#8955 = ORIENTED_EDGE('',*,*,#8956,.F.);
#8956 = EDGE_CURVE('',#8957,#8948,#8959,.T.);
#8957 = VERTEX_POINT('',#8958);
#8958 = CARTESIAN_POINT('',(4.11,1.97,0.));
#8959 = LINE('',#8960,#8961);
#8960 = CARTESIAN_POINT('',(4.11,-2.7,0.));
#8961 = VECTOR('',#8962,1.);
#8962 = DIRECTION('',(0.,1.,0.));
#8963 = ORIENTED_EDGE('',*,*,#8964,.T.);
#8964 = EDGE_CURVE('',#8957,#8965,#8967,.T.);
#8965 = VERTEX_POINT('',#8966);
#8966 = CARTESIAN_POINT('',(4.03,1.89,0.));
#8967 = CIRCLE('',#8968,8.E-02);
#8968 = AXIS2_PLACEMENT_3D('',#8969,#8970,#8971);
#8969 = CARTESIAN_POINT('',(4.11,1.89,0.));
#8970 = DIRECTION('',(0.,0.,1.));
#8971 = DIRECTION('',(1.,0.,0.));
#8972 = ORIENTED_EDGE('',*,*,#8973,.T.);
#8973 = EDGE_CURVE('',#8965,#8866,#8974,.T.);
#8974 = LINE('',#8975,#8976);
#8975 = CARTESIAN_POINT('',(4.03,1.89,0.));
#8976 = VECTOR('',#8977,1.);
#8977 = DIRECTION('',(0.,-1.,0.));
#8978 = ORIENTED_EDGE('',*,*,#8873,.T.);
#8979 = PLANE('',#8980);
#8980 = AXIS2_PLACEMENT_3D('',#8981,#8982,#8983);
#8981 = CARTESIAN_POINT('',(1.705187969925,6.260656153901E-17,0.));
#8982 = DIRECTION('',(-0.,-0.,-1.));
#8983 = DIRECTION('',(-1.,0.,0.));
#8984 = ADVANCED_FACE('',(#8985),#8996,.T.);
#8985 = FACE_BOUND('',#8986,.T.);
#8986 = EDGE_LOOP('',(#8987,#8988,#8989,#8990));
#8987 = ORIENTED_EDGE('',*,*,#8891,.F.);
#8988 = ORIENTED_EDGE('',*,*,#8734,.T.);
#8989 = ORIENTED_EDGE('',*,*,#8758,.T.);
#8990 = ORIENTED_EDGE('',*,*,#8991,.F.);
#8991 = EDGE_CURVE('',#8892,#8759,#8992,.T.);
#8992 = LINE('',#8993,#8994);
#8993 = CARTESIAN_POINT('',(3.11,-2.7,0.));
#8994 = VECTOR('',#8995,1.);
#8995 = DIRECTION('',(0.,0.,1.));
#8996 = PLANE('',#8997);
#8997 = AXIS2_PLACEMENT_3D('',#8998,#8999,#9000);
#8998 = CARTESIAN_POINT('',(4.11,-2.7,0.));
#8999 = DIRECTION('',(0.,-1.,0.));
#9000 = DIRECTION('',(-1.,0.,0.));
#9001 = ADVANCED_FACE('',(#9002),#9013,.T.);
#9002 = FACE_BOUND('',#9003,.T.);
#9003 = EDGE_LOOP('',(#9004,#9010,#9011,#9012));
#9004 = ORIENTED_EDGE('',*,*,#9005,.T.);
#9005 = EDGE_CURVE('',#8965,#8832,#9006,.T.);
#9006 = LINE('',#9007,#9008);
#9007 = CARTESIAN_POINT('',(4.03,1.89,0.));
#9008 = VECTOR('',#9009,1.);
#9009 = DIRECTION('',(0.,0.,1.));
#9010 = ORIENTED_EDGE('',*,*,#8840,.T.);
#9011 = ORIENTED_EDGE('',*,*,#8865,.F.);
#9012 = ORIENTED_EDGE('',*,*,#8973,.F.);
#9013 = PLANE('',#9014);
#9014 = AXIS2_PLACEMENT_3D('',#9015,#9016,#9017);
#9015 = CARTESIAN_POINT('',(4.03,1.89,0.));
#9016 = DIRECTION('',(1.,0.,0.));
#9017 = DIRECTION('',(0.,-1.,0.));
#9018 = ADVANCED_FACE('',(#9019),#9030,.F.);
#9019 = FACE_BOUND('',#9020,.F.);
#9020 = EDGE_LOOP('',(#9021,#9022,#9023,#9029));
#9021 = ORIENTED_EDGE('',*,*,#9005,.T.);
#9022 = ORIENTED_EDGE('',*,*,#8831,.T.);
#9023 = ORIENTED_EDGE('',*,*,#9024,.T.);
#9024 = EDGE_CURVE('',#8824,#8957,#9025,.T.);
#9025 = LINE('',#9026,#9027);
#9026 = CARTESIAN_POINT('',(4.11,1.97,0.));
#9027 = VECTOR('',#9028,1.);
#9028 = DIRECTION('',(-0.,-0.,-1.));
#9029 = ORIENTED_EDGE('',*,*,#8964,.T.);
#9030 = CYLINDRICAL_SURFACE('',#9031,8.E-02);
#9031 = AXIS2_PLACEMENT_3D('',#9032,#9033,#9034);
#9032 = CARTESIAN_POINT('',(4.11,1.89,0.));
#9033 = DIRECTION('',(-0.,-0.,-1.));
#9034 = DIRECTION('',(1.,0.,0.));
#9035 = ADVANCED_FACE('',(#9036),#9047,.T.);
#9036 = FACE_BOUND('',#9037,.T.);
#9037 = EDGE_LOOP('',(#9038,#9039,#9040,#9046));
#9038 = ORIENTED_EDGE('',*,*,#9024,.T.);
#9039 = ORIENTED_EDGE('',*,*,#8956,.T.);
#9040 = ORIENTED_EDGE('',*,*,#9041,.T.);
#9041 = EDGE_CURVE('',#8948,#8815,#9042,.T.);
#9042 = LINE('',#9043,#9044);
#9043 = CARTESIAN_POINT('',(4.11,2.66,0.));
#9044 = VECTOR('',#9045,1.);
#9045 = DIRECTION('',(0.,0.,1.));
#9046 = ORIENTED_EDGE('',*,*,#8823,.T.);
#9047 = PLANE('',#9048);
#9048 = AXIS2_PLACEMENT_3D('',#9049,#9050,#9051);
#9049 = CARTESIAN_POINT('',(4.11,0.,0.));
#9050 = DIRECTION('',(1.,0.,0.));
#9051 = DIRECTION('',(0.,-1.,0.));
#9052 = ADVANCED_FACE('',(#9053),#9064,.T.);
#9053 = FACE_BOUND('',#9054,.T.);
#9054 = EDGE_LOOP('',(#9055,#9056,#9062,#9063));
#9055 = ORIENTED_EDGE('',*,*,#8947,.T.);
#9056 = ORIENTED_EDGE('',*,*,#9057,.T.);
#9057 = EDGE_CURVE('',#8940,#8807,#9058,.T.);
#9058 = LINE('',#9059,#9060);
#9059 = CARTESIAN_POINT('',(4.07,2.7,0.));
#9060 = VECTOR('',#9061,1.);
#9061 = DIRECTION('',(0.,0.,1.));
#9062 = ORIENTED_EDGE('',*,*,#8814,.F.);
#9063 = ORIENTED_EDGE('',*,*,#9041,.F.);
#9064 = CYLINDRICAL_SURFACE('',#9065,4.E-02);
#9065 = AXIS2_PLACEMENT_3D('',#9066,#9067,#9068);
#9066 = CARTESIAN_POINT('',(4.07,2.66,0.));
#9067 = DIRECTION('',(0.,0.,1.));
#9068 = DIRECTION('',(1.,0.,0.));
#9069 = ADVANCED_FACE('',(#9070),#9081,.T.);
#9070 = FACE_BOUND('',#9071,.T.);
#9071 = EDGE_LOOP('',(#9072,#9073,#9079,#9080));
#9072 = ORIENTED_EDGE('',*,*,#8939,.F.);
#9073 = ORIENTED_EDGE('',*,*,#9074,.T.);
#9074 = EDGE_CURVE('',#8932,#8799,#9075,.T.);
#9075 = LINE('',#9076,#9077);
#9076 = CARTESIAN_POINT('',(3.11,2.7,0.));
#9077 = VECTOR('',#9078,1.);
#9078 = DIRECTION('',(0.,0.,1.));
#9079 = ORIENTED_EDGE('',*,*,#8806,.T.);
#9080 = ORIENTED_EDGE('',*,*,#9057,.F.);
#9081 = PLANE('',#9082);
#9082 = AXIS2_PLACEMENT_3D('',#9083,#9084,#9085);
#9083 = CARTESIAN_POINT('',(3.11,2.7,0.));
#9084 = DIRECTION('',(0.,1.,0.));
#9085 = DIRECTION('',(1.,0.,0.));
#9086 = ADVANCED_FACE('',(#9087),#9098,.T.);
#9087 = FACE_BOUND('',#9088,.T.);
#9088 = EDGE_LOOP('',(#9089,#9095,#9096,#9097));
#9089 = ORIENTED_EDGE('',*,*,#9090,.T.);
#9090 = EDGE_CURVE('',#8924,#8791,#9091,.T.);
#9091 = LINE('',#9092,#9093);
#9092 = CARTESIAN_POINT('',(3.11,2.16,0.));
#9093 = VECTOR('',#9094,1.);
#9094 = DIRECTION('',(0.,0.,1.));
#9095 = ORIENTED_EDGE('',*,*,#8798,.T.);
#9096 = ORIENTED_EDGE('',*,*,#9074,.F.);
#9097 = ORIENTED_EDGE('',*,*,#8931,.F.);
#9098 = PLANE('',#9099);
#9099 = AXIS2_PLACEMENT_3D('',#9100,#9101,#9102);
#9100 = CARTESIAN_POINT('',(3.11,2.16,0.));
#9101 = DIRECTION('',(-1.,0.,0.));
#9102 = DIRECTION('',(0.,1.,0.));
#9103 = ADVANCED_FACE('',(#9104),#9115,.T.);
#9104 = FACE_BOUND('',#9105,.T.);
#9105 = EDGE_LOOP('',(#9106,#9112,#9113,#9114));
#9106 = ORIENTED_EDGE('',*,*,#9107,.T.);
#9107 = EDGE_CURVE('',#8916,#8783,#9108,.T.);
#9108 = LINE('',#9109,#9110);
#9109 = CARTESIAN_POINT('',(-1.13,2.16,0.));
#9110 = VECTOR('',#9111,1.);
#9111 = DIRECTION('',(0.,0.,1.));
#9112 = ORIENTED_EDGE('',*,*,#8790,.T.);
#9113 = ORIENTED_EDGE('',*,*,#9090,.F.);
#9114 = ORIENTED_EDGE('',*,*,#8923,.F.);
#9115 = PLANE('',#9116);
#9116 = AXIS2_PLACEMENT_3D('',#9117,#9118,#9119);
#9117 = CARTESIAN_POINT('',(-1.13,2.16,0.));
#9118 = DIRECTION('',(0.,1.,0.));
#9119 = DIRECTION('',(1.,0.,0.));
#9120 = ADVANCED_FACE('',(#9121),#9132,.T.);
#9121 = FACE_BOUND('',#9122,.T.);
#9122 = EDGE_LOOP('',(#9123,#9129,#9130,#9131));
#9123 = ORIENTED_EDGE('',*,*,#9124,.T.);
#9124 = EDGE_CURVE('',#8908,#8775,#9125,.T.);
#9125 = LINE('',#9126,#9127);
#9126 = CARTESIAN_POINT('',(-1.13,-2.16,0.));
#9127 = VECTOR('',#9128,1.);
#9128 = DIRECTION('',(0.,0.,1.));
#9129 = ORIENTED_EDGE('',*,*,#8782,.T.);
#9130 = ORIENTED_EDGE('',*,*,#9107,.F.);
#9131 = ORIENTED_EDGE('',*,*,#8915,.F.);
#9132 = PLANE('',#9133);
#9133 = AXIS2_PLACEMENT_3D('',#9134,#9135,#9136);
#9134 = CARTESIAN_POINT('',(-1.13,-2.16,0.));
#9135 = DIRECTION('',(-1.,0.,0.));
#9136 = DIRECTION('',(0.,1.,0.));
#9137 = ADVANCED_FACE('',(#9138),#9149,.T.);
#9138 = FACE_BOUND('',#9139,.T.);
#9139 = EDGE_LOOP('',(#9140,#9146,#9147,#9148));
#9140 = ORIENTED_EDGE('',*,*,#9141,.T.);
#9141 = EDGE_CURVE('',#8900,#8767,#9142,.T.);
#9142 = LINE('',#9143,#9144);
#9143 = CARTESIAN_POINT('',(3.11,-2.16,0.));
#9144 = VECTOR('',#9145,1.);
#9145 = DIRECTION('',(0.,0.,1.));
#9146 = ORIENTED_EDGE('',*,*,#8774,.T.);
#9147 = ORIENTED_EDGE('',*,*,#9124,.F.);
#9148 = ORIENTED_EDGE('',*,*,#8907,.F.);
#9149 = PLANE('',#9150);
#9150 = AXIS2_PLACEMENT_3D('',#9151,#9152,#9153);
#9151 = CARTESIAN_POINT('',(3.11,-2.16,0.));
#9152 = DIRECTION('',(0.,-1.,0.));
#9153 = DIRECTION('',(-1.,0.,0.));
#9154 = ADVANCED_FACE('',(#9155),#9161,.T.);
#9155 = FACE_BOUND('',#9156,.T.);
#9156 = EDGE_LOOP('',(#9157,#9158,#9159,#9160));
#9157 = ORIENTED_EDGE('',*,*,#8991,.T.);
#9158 = ORIENTED_EDGE('',*,*,#8766,.T.);
#9159 = ORIENTED_EDGE('',*,*,#9141,.F.);
#9160 = ORIENTED_EDGE('',*,*,#8899,.F.);
#9161 = PLANE('',#9162);
#9162 = AXIS2_PLACEMENT_3D('',#9163,#9164,#9165);
#9163 = CARTESIAN_POINT('',(3.11,-2.7,0.));
#9164 = DIRECTION('',(-1.,0.,0.));
#9165 = DIRECTION('',(0.,1.,0.));
#9166 = MANIFOLD_SOLID_BREP('',#9167);
#9167 = CLOSED_SHELL('',(#9168,#9226,#9292,#9348,#9372,#9428,#9487,#9504
    ,#9521,#9588,#9605,#9636,#9660,#9685,#9702,#9726,#9751,#9768,#9791,
    #9808,#9827,#9844));
#9168 = ADVANCED_FACE('',(#9169),#9221,.T.);
#9169 = FACE_BOUND('',#9170,.T.);
#9170 = EDGE_LOOP('',(#9171,#9182,#9190,#9199,#9207,#9215));
#9171 = ORIENTED_EDGE('',*,*,#9172,.T.);
#9172 = EDGE_CURVE('',#9173,#9175,#9177,.T.);
#9173 = VERTEX_POINT('',#9174);
#9174 = CARTESIAN_POINT('',(-4.237701336216,-1.785,0.93988764291));
#9175 = VERTEX_POINT('',#9176);
#9176 = CARTESIAN_POINT('',(-4.24,-1.785,0.939877074976));
#9177 = CIRCLE('',#9178,0.25);
#9178 = AXIS2_PLACEMENT_3D('',#9179,#9180,#9181);
#9179 = CARTESIAN_POINT('',(-4.237701336216,-1.785,0.68988764291));
#9180 = DIRECTION('',(0.,-1.,0.));
#9181 = DIRECTION('',(-3.5527136788E-15,0.,1.));
#9182 = ORIENTED_EDGE('',*,*,#9183,.T.);
#9183 = EDGE_CURVE('',#9175,#9184,#9186,.T.);
#9184 = VERTEX_POINT('',#9185);
#9185 = CARTESIAN_POINT('',(-4.24,-1.785,1.439884120332));
#9186 = LINE('',#9187,#9188);
#9187 = CARTESIAN_POINT('',(-4.24,-1.785,0.437372862773));
#9188 = VECTOR('',#9189,1.);
#9189 = DIRECTION('',(0.,5.472315783042E-31,1.));
#9190 = ORIENTED_EDGE('',*,*,#9191,.T.);
#9191 = EDGE_CURVE('',#9184,#9192,#9194,.T.);
#9192 = VERTEX_POINT('',#9193);
#9193 = CARTESIAN_POINT('',(-4.237701336216,-1.785,1.43988764291));
#9194 = CIRCLE('',#9195,0.75);
#9195 = AXIS2_PLACEMENT_3D('',#9196,#9197,#9198);
#9196 = CARTESIAN_POINT('',(-4.237701336216,-1.785,0.68988764291));
#9197 = DIRECTION('',(0.,1.,-0.));
#9198 = DIRECTION('',(-0.939692620786,0.,0.342020143326));
#9199 = ORIENTED_EDGE('',*,*,#9200,.T.);
#9200 = EDGE_CURVE('',#9192,#9201,#9203,.T.);
#9201 = VERTEX_POINT('',#9202);
#9202 = CARTESIAN_POINT('',(-3.49,-1.785,1.43988764291));
#9203 = LINE('',#9204,#9205);
#9204 = CARTESIAN_POINT('',(-4.237701336216,-1.785,1.43988764291));
#9205 = VECTOR('',#9206,1.);
#9206 = DIRECTION('',(1.,0.,-1.110223024625E-16));
#9207 = ORIENTED_EDGE('',*,*,#9208,.T.);
#9208 = EDGE_CURVE('',#9201,#9209,#9211,.T.);
#9209 = VERTEX_POINT('',#9210);
#9210 = CARTESIAN_POINT('',(-3.49,-1.785,0.93988764291));
#9211 = LINE('',#9212,#9213);
#9212 = CARTESIAN_POINT('',(-3.49,-1.785,0.437372862773));
#9213 = VECTOR('',#9214,1.);
#9214 = DIRECTION('',(0.,-5.472315783042E-31,-1.));
#9215 = ORIENTED_EDGE('',*,*,#9216,.T.);
#9216 = EDGE_CURVE('',#9209,#9173,#9217,.T.);
#9217 = LINE('',#9218,#9219);
#9218 = CARTESIAN_POINT('',(-2.237701336216,-1.785,0.93988764291));
#9219 = VECTOR('',#9220,1.);
#9220 = DIRECTION('',(-1.,0.,1.110223024625E-16));
#9221 = PLANE('',#9222);
#9222 = AXIS2_PLACEMENT_3D('',#9223,#9224,#9225);
#9223 = CARTESIAN_POINT('',(-4.091426690538,-1.785,0.874745725546));
#9224 = DIRECTION('',(1.925014880134E-31,1.,-5.472315783042E-31));
#9225 = DIRECTION('',(0.,5.472315783042E-31,1.));
#9226 = ADVANCED_FACE('',(#9227),#9287,.F.);
#9227 = FACE_BOUND('',#9228,.F.);
#9228 = EDGE_LOOP('',(#9229,#9237,#9246,#9254,#9263,#9271,#9280,#9286));
#9229 = ORIENTED_EDGE('',*,*,#9230,.F.);
#9230 = EDGE_CURVE('',#9231,#9175,#9233,.T.);
#9231 = VERTEX_POINT('',#9232);
#9232 = CARTESIAN_POINT('',(-4.24,-1.905,0.939877074976));
#9233 = LINE('',#9234,#9235);
#9234 = CARTESIAN_POINT('',(-4.24,-1.785,0.939877074976));
#9235 = VECTOR('',#9236,1.);
#9236 = DIRECTION('',(0.,1.,0.));
#9237 = ORIENTED_EDGE('',*,*,#9238,.T.);
#9238 = EDGE_CURVE('',#9231,#9239,#9241,.T.);
#9239 = VERTEX_POINT('',#9240);
#9240 = CARTESIAN_POINT('',(-4.472624491413,-1.905,0.775392678742));
#9241 = CIRCLE('',#9242,0.25);
#9242 = AXIS2_PLACEMENT_3D('',#9243,#9244,#9245);
#9243 = CARTESIAN_POINT('',(-4.237701336216,-1.905,0.68988764291));
#9244 = DIRECTION('',(0.,-1.,0.));
#9245 = DIRECTION('',(-3.5527136788E-15,0.,1.));
#9246 = ORIENTED_EDGE('',*,*,#9247,.T.);
#9247 = EDGE_CURVE('',#9239,#9248,#9250,.T.);
#9248 = VERTEX_POINT('',#9249);
#9249 = CARTESIAN_POINT('',(-4.472624491413,-2.655,0.775392678742));
#9250 = LINE('',#9251,#9252);
#9251 = CARTESIAN_POINT('',(-4.472624491413,-1.905,0.775392678742));
#9252 = VECTOR('',#9253,1.);
#9253 = DIRECTION('',(0.,-1.,0.));
#9254 = ORIENTED_EDGE('',*,*,#9255,.F.);
#9255 = EDGE_CURVE('',#9256,#9248,#9258,.T.);
#9256 = VERTEX_POINT('',#9257);
#9257 = CARTESIAN_POINT('',(-4.24,-2.655,0.939877074976));
#9258 = CIRCLE('',#9259,0.25);
#9259 = AXIS2_PLACEMENT_3D('',#9260,#9261,#9262);
#9260 = CARTESIAN_POINT('',(-4.237701336216,-2.655,0.68988764291));
#9261 = DIRECTION('',(0.,-1.,0.));
#9262 = DIRECTION('',(-3.5527136788E-15,0.,1.));
#9263 = ORIENTED_EDGE('',*,*,#9264,.F.);
#9264 = EDGE_CURVE('',#9265,#9256,#9267,.T.);
#9265 = VERTEX_POINT('',#9266);
#9266 = CARTESIAN_POINT('',(-4.24,-2.775,0.939877074976));
#9267 = LINE('',#9268,#9269);
#9268 = CARTESIAN_POINT('',(-4.24,-1.785,0.939877074976));
#9269 = VECTOR('',#9270,1.);
#9270 = DIRECTION('',(0.,1.,0.));
#9271 = ORIENTED_EDGE('',*,*,#9272,.F.);
#9272 = EDGE_CURVE('',#9273,#9265,#9275,.T.);
#9273 = VERTEX_POINT('',#9274);
#9274 = CARTESIAN_POINT('',(-4.237701336216,-2.775,0.93988764291));
#9275 = CIRCLE('',#9276,0.25);
#9276 = AXIS2_PLACEMENT_3D('',#9277,#9278,#9279);
#9277 = CARTESIAN_POINT('',(-4.237701336216,-2.775,0.68988764291));
#9278 = DIRECTION('',(0.,-1.,0.));
#9279 = DIRECTION('',(-3.5527136788E-15,0.,1.));
#9280 = ORIENTED_EDGE('',*,*,#9281,.F.);
#9281 = EDGE_CURVE('',#9173,#9273,#9282,.T.);
#9282 = LINE('',#9283,#9284);
#9283 = CARTESIAN_POINT('',(-4.237701336216,-1.785,0.93988764291));
#9284 = VECTOR('',#9285,1.);
#9285 = DIRECTION('',(0.,-1.,0.));
#9286 = ORIENTED_EDGE('',*,*,#9172,.T.);
#9287 = CYLINDRICAL_SURFACE('',#9288,0.25);
#9288 = AXIS2_PLACEMENT_3D('',#9289,#9290,#9291);
#9289 = CARTESIAN_POINT('',(-4.237701336216,-1.785,0.68988764291));
#9290 = DIRECTION('',(0.,1.,0.));
#9291 = DIRECTION('',(-3.5527136788E-15,0.,1.));
#9292 = ADVANCED_FACE('',(#9293),#9343,.T.);
#9293 = FACE_BOUND('',#9294,.T.);
#9294 = EDGE_LOOP('',(#9295,#9296,#9304,#9312,#9320,#9328,#9336,#9342));
#9295 = ORIENTED_EDGE('',*,*,#9216,.F.);
#9296 = ORIENTED_EDGE('',*,*,#9297,.T.);
#9297 = EDGE_CURVE('',#9209,#9298,#9300,.T.);
#9298 = VERTEX_POINT('',#9299);
#9299 = CARTESIAN_POINT('',(-3.49,-1.905,0.93988764291));
#9300 = LINE('',#9301,#9302);
#9301 = CARTESIAN_POINT('',(-3.49,0.7325,0.93988764291));
#9302 = VECTOR('',#9303,1.);
#9303 = DIRECTION('',(0.,-1.,0.));
#9304 = ORIENTED_EDGE('',*,*,#9305,.F.);
#9305 = EDGE_CURVE('',#9306,#9298,#9308,.T.);
#9306 = VERTEX_POINT('',#9307);
#9307 = CARTESIAN_POINT('',(-2.237701336216,-1.905,0.93988764291));
#9308 = LINE('',#9309,#9310);
#9309 = CARTESIAN_POINT('',(-2.237701336216,-1.905,0.93988764291));
#9310 = VECTOR('',#9311,1.);
#9311 = DIRECTION('',(-1.,0.,1.110223024625E-16));
#9312 = ORIENTED_EDGE('',*,*,#9313,.T.);
#9313 = EDGE_CURVE('',#9306,#9314,#9316,.T.);
#9314 = VERTEX_POINT('',#9315);
#9315 = CARTESIAN_POINT('',(-2.237701336216,-2.655,0.93988764291));
#9316 = LINE('',#9317,#9318);
#9317 = CARTESIAN_POINT('',(-2.237701336216,-1.905,0.93988764291));
#9318 = VECTOR('',#9319,1.);
#9319 = DIRECTION('',(0.,-1.,0.));
#9320 = ORIENTED_EDGE('',*,*,#9321,.T.);
#9321 = EDGE_CURVE('',#9314,#9322,#9324,.T.);
#9322 = VERTEX_POINT('',#9323);
#9323 = CARTESIAN_POINT('',(-3.49,-2.655,0.93988764291));
#9324 = LINE('',#9325,#9326);
#9325 = CARTESIAN_POINT('',(-2.237701336216,-2.655,0.93988764291));
#9326 = VECTOR('',#9327,1.);
#9327 = DIRECTION('',(-1.,0.,1.110223024625E-16));
#9328 = ORIENTED_EDGE('',*,*,#9329,.T.);
#9329 = EDGE_CURVE('',#9322,#9330,#9332,.T.);
#9330 = VERTEX_POINT('',#9331);
#9331 = CARTESIAN_POINT('',(-3.49,-2.775,0.93988764291));
#9332 = LINE('',#9333,#9334);
#9333 = CARTESIAN_POINT('',(-3.49,0.7325,0.93988764291));
#9334 = VECTOR('',#9335,1.);
#9335 = DIRECTION('',(0.,-1.,0.));
#9336 = ORIENTED_EDGE('',*,*,#9337,.T.);
#9337 = EDGE_CURVE('',#9330,#9273,#9338,.T.);
#9338 = LINE('',#9339,#9340);
#9339 = CARTESIAN_POINT('',(-2.237701336216,-2.775,0.93988764291));
#9340 = VECTOR('',#9341,1.);
#9341 = DIRECTION('',(-1.,0.,1.110223024625E-16));
#9342 = ORIENTED_EDGE('',*,*,#9281,.F.);
#9343 = PLANE('',#9344);
#9344 = AXIS2_PLACEMENT_3D('',#9345,#9346,#9347);
#9345 = CARTESIAN_POINT('',(-2.237701336216,-1.785,0.93988764291));
#9346 = DIRECTION('',(-1.110223024625E-16,-0.,-1.));
#9347 = DIRECTION('',(-1.,0.,1.110223024625E-16));
#9348 = ADVANCED_FACE('',(#9349),#9367,.T.);
#9349 = FACE_BOUND('',#9350,.T.);
#9350 = EDGE_LOOP('',(#9351,#9352,#9360,#9366));
#9351 = ORIENTED_EDGE('',*,*,#9208,.F.);
#9352 = ORIENTED_EDGE('',*,*,#9353,.F.);
#9353 = EDGE_CURVE('',#9354,#9201,#9356,.T.);
#9354 = VERTEX_POINT('',#9355);
#9355 = CARTESIAN_POINT('',(-3.49,-1.905,1.43988764291));
#9356 = LINE('',#9357,#9358);
#9357 = CARTESIAN_POINT('',(-3.49,0.7325,1.43988764291));
#9358 = VECTOR('',#9359,1.);
#9359 = DIRECTION('',(0.,1.,0.));
#9360 = ORIENTED_EDGE('',*,*,#9361,.T.);
#9361 = EDGE_CURVE('',#9354,#9298,#9362,.T.);
#9362 = LINE('',#9363,#9364);
#9363 = CARTESIAN_POINT('',(-3.49,-1.905,0.437372862773));
#9364 = VECTOR('',#9365,1.);
#9365 = DIRECTION('',(0.,-5.472315783042E-31,-1.));
#9366 = ORIENTED_EDGE('',*,*,#9297,.F.);
#9367 = PLANE('',#9368);
#9368 = AXIS2_PLACEMENT_3D('',#9369,#9370,#9371);
#9369 = CARTESIAN_POINT('',(-3.49,3.25,0.));
#9370 = DIRECTION('',(1.,0.,0.));
#9371 = DIRECTION('',(0.,-1.,0.));
#9372 = ADVANCED_FACE('',(#9373),#9423,.T.);
#9373 = FACE_BOUND('',#9374,.T.);
#9374 = EDGE_LOOP('',(#9375,#9376,#9384,#9392,#9400,#9408,#9416,#9422));
#9375 = ORIENTED_EDGE('',*,*,#9200,.F.);
#9376 = ORIENTED_EDGE('',*,*,#9377,.T.);
#9377 = EDGE_CURVE('',#9192,#9378,#9380,.T.);
#9378 = VERTEX_POINT('',#9379);
#9379 = CARTESIAN_POINT('',(-4.237701336216,-2.775,1.43988764291));
#9380 = LINE('',#9381,#9382);
#9381 = CARTESIAN_POINT('',(-4.237701336216,-1.785,1.43988764291));
#9382 = VECTOR('',#9383,1.);
#9383 = DIRECTION('',(0.,-1.,0.));
#9384 = ORIENTED_EDGE('',*,*,#9385,.T.);
#9385 = EDGE_CURVE('',#9378,#9386,#9388,.T.);
#9386 = VERTEX_POINT('',#9387);
#9387 = CARTESIAN_POINT('',(-3.49,-2.775,1.43988764291));
#9388 = LINE('',#9389,#9390);
#9389 = CARTESIAN_POINT('',(-4.237701336216,-2.775,1.43988764291));
#9390 = VECTOR('',#9391,1.);
#9391 = DIRECTION('',(1.,0.,-1.110223024625E-16));
#9392 = ORIENTED_EDGE('',*,*,#9393,.T.);
#9393 = EDGE_CURVE('',#9386,#9394,#9396,.T.);
#9394 = VERTEX_POINT('',#9395);
#9395 = CARTESIAN_POINT('',(-3.49,-2.655,1.43988764291));
#9396 = LINE('',#9397,#9398);
#9397 = CARTESIAN_POINT('',(-3.49,0.7325,1.43988764291));
#9398 = VECTOR('',#9399,1.);
#9399 = DIRECTION('',(0.,1.,0.));
#9400 = ORIENTED_EDGE('',*,*,#9401,.T.);
#9401 = EDGE_CURVE('',#9394,#9402,#9404,.T.);
#9402 = VERTEX_POINT('',#9403);
#9403 = CARTESIAN_POINT('',(-2.237701336216,-2.655,1.43988764291));
#9404 = LINE('',#9405,#9406);
#9405 = CARTESIAN_POINT('',(-4.237701336216,-2.655,1.43988764291));
#9406 = VECTOR('',#9407,1.);
#9407 = DIRECTION('',(1.,0.,-1.110223024625E-16));
#9408 = ORIENTED_EDGE('',*,*,#9409,.F.);
#9409 = EDGE_CURVE('',#9410,#9402,#9412,.T.);
#9410 = VERTEX_POINT('',#9411);
#9411 = CARTESIAN_POINT('',(-2.237701336216,-1.905,1.43988764291));
#9412 = LINE('',#9413,#9414);
#9413 = CARTESIAN_POINT('',(-2.237701336216,-1.905,1.43988764291));
#9414 = VECTOR('',#9415,1.);
#9415 = DIRECTION('',(0.,-1.,0.));
#9416 = ORIENTED_EDGE('',*,*,#9417,.F.);
#9417 = EDGE_CURVE('',#9354,#9410,#9418,.T.);
#9418 = LINE('',#9419,#9420);
#9419 = CARTESIAN_POINT('',(-4.237701336216,-1.905,1.43988764291));
#9420 = VECTOR('',#9421,1.);
#9421 = DIRECTION('',(1.,0.,-1.110223024625E-16));
#9422 = ORIENTED_EDGE('',*,*,#9353,.T.);
#9423 = PLANE('',#9424);
#9424 = AXIS2_PLACEMENT_3D('',#9425,#9426,#9427);
#9425 = CARTESIAN_POINT('',(-4.237701336216,-1.785,1.43988764291));
#9426 = DIRECTION('',(1.110223024625E-16,0.,1.));
#9427 = DIRECTION('',(1.,0.,-1.110223024625E-16));
#9428 = ADVANCED_FACE('',(#9429),#9482,.T.);
#9429 = FACE_BOUND('',#9430,.T.);
#9430 = EDGE_LOOP('',(#9431,#9432,#9440,#9449,#9457,#9466,#9474,#9481));
#9431 = ORIENTED_EDGE('',*,*,#9191,.F.);
#9432 = ORIENTED_EDGE('',*,*,#9433,.F.);
#9433 = EDGE_CURVE('',#9434,#9184,#9436,.T.);
#9434 = VERTEX_POINT('',#9435);
#9435 = CARTESIAN_POINT('',(-4.24,-1.905,1.439884120332));
#9436 = LINE('',#9437,#9438);
#9437 = CARTESIAN_POINT('',(-4.24,-1.785,1.439884120332));
#9438 = VECTOR('',#9439,1.);
#9439 = DIRECTION('',(0.,1.,0.));
#9440 = ORIENTED_EDGE('',*,*,#9441,.F.);
#9441 = EDGE_CURVE('',#9442,#9434,#9444,.T.);
#9442 = VERTEX_POINT('',#9443);
#9443 = CARTESIAN_POINT('',(-4.942470801806,-1.905,0.946402750404));
#9444 = CIRCLE('',#9445,0.75);
#9445 = AXIS2_PLACEMENT_3D('',#9446,#9447,#9448);
#9446 = CARTESIAN_POINT('',(-4.237701336216,-1.905,0.68988764291));
#9447 = DIRECTION('',(0.,1.,-0.));
#9448 = DIRECTION('',(-0.939692620786,0.,0.342020143326));
#9449 = ORIENTED_EDGE('',*,*,#9450,.T.);
#9450 = EDGE_CURVE('',#9442,#9451,#9453,.T.);
#9451 = VERTEX_POINT('',#9452);
#9452 = CARTESIAN_POINT('',(-4.942470801806,-2.655,0.946402750404));
#9453 = LINE('',#9454,#9455);
#9454 = CARTESIAN_POINT('',(-4.942470801806,-1.905,0.946402750404));
#9455 = VECTOR('',#9456,1.);
#9456 = DIRECTION('',(0.,-1.,0.));
#9457 = ORIENTED_EDGE('',*,*,#9458,.T.);
#9458 = EDGE_CURVE('',#9451,#9459,#9461,.T.);
#9459 = VERTEX_POINT('',#9460);
#9460 = CARTESIAN_POINT('',(-4.24,-2.655,1.439884120332));
#9461 = CIRCLE('',#9462,0.75);
#9462 = AXIS2_PLACEMENT_3D('',#9463,#9464,#9465);
#9463 = CARTESIAN_POINT('',(-4.237701336216,-2.655,0.68988764291));
#9464 = DIRECTION('',(0.,1.,-0.));
#9465 = DIRECTION('',(-0.939692620786,0.,0.342020143326));
#9466 = ORIENTED_EDGE('',*,*,#9467,.F.);
#9467 = EDGE_CURVE('',#9468,#9459,#9470,.T.);
#9468 = VERTEX_POINT('',#9469);
#9469 = CARTESIAN_POINT('',(-4.24,-2.775,1.439884120332));
#9470 = LINE('',#9471,#9472);
#9471 = CARTESIAN_POINT('',(-4.24,-1.785,1.439884120332));
#9472 = VECTOR('',#9473,1.);
#9473 = DIRECTION('',(0.,1.,0.));
#9474 = ORIENTED_EDGE('',*,*,#9475,.T.);
#9475 = EDGE_CURVE('',#9468,#9378,#9476,.T.);
#9476 = CIRCLE('',#9477,0.75);
#9477 = AXIS2_PLACEMENT_3D('',#9478,#9479,#9480);
#9478 = CARTESIAN_POINT('',(-4.237701336216,-2.775,0.68988764291));
#9479 = DIRECTION('',(0.,1.,-0.));
#9480 = DIRECTION('',(-0.939692620786,0.,0.342020143326));
#9481 = ORIENTED_EDGE('',*,*,#9377,.F.);
#9482 = CYLINDRICAL_SURFACE('',#9483,0.75);
#9483 = AXIS2_PLACEMENT_3D('',#9484,#9485,#9486);
#9484 = CARTESIAN_POINT('',(-4.237701336216,-1.785,0.68988764291));
#9485 = DIRECTION('',(0.,1.,0.));
#9486 = DIRECTION('',(-0.939692620786,0.,0.342020143326));
#9487 = ADVANCED_FACE('',(#9488),#9499,.T.);
#9488 = FACE_BOUND('',#9489,.T.);
#9489 = EDGE_LOOP('',(#9490,#9491,#9497,#9498));
#9490 = ORIENTED_EDGE('',*,*,#9230,.F.);
#9491 = ORIENTED_EDGE('',*,*,#9492,.T.);
#9492 = EDGE_CURVE('',#9231,#9434,#9493,.T.);
#9493 = LINE('',#9494,#9495);
#9494 = CARTESIAN_POINT('',(-4.24,-1.905,0.437372862773));
#9495 = VECTOR('',#9496,1.);
#9496 = DIRECTION('',(0.,5.472315783042E-31,1.));
#9497 = ORIENTED_EDGE('',*,*,#9433,.T.);
#9498 = ORIENTED_EDGE('',*,*,#9183,.F.);
#9499 = PLANE('',#9500);
#9500 = AXIS2_PLACEMENT_3D('',#9501,#9502,#9503);
#9501 = CARTESIAN_POINT('',(-4.24,-3.25,0.));
#9502 = DIRECTION('',(-1.,0.,0.));
#9503 = DIRECTION('',(0.,1.,0.));
#9504 = ADVANCED_FACE('',(#9505),#9516,.T.);
#9505 = FACE_BOUND('',#9506,.T.);
#9506 = EDGE_LOOP('',(#9507,#9508,#9509,#9515));
#9507 = ORIENTED_EDGE('',*,*,#9361,.F.);
#9508 = ORIENTED_EDGE('',*,*,#9417,.T.);
#9509 = ORIENTED_EDGE('',*,*,#9510,.T.);
#9510 = EDGE_CURVE('',#9410,#9306,#9511,.T.);
#9511 = LINE('',#9512,#9513);
#9512 = CARTESIAN_POINT('',(-2.237701336216,-1.905,1.43988764291));
#9513 = VECTOR('',#9514,1.);
#9514 = DIRECTION('',(0.,0.,-1.));
#9515 = ORIENTED_EDGE('',*,*,#9305,.T.);
#9516 = PLANE('',#9517);
#9517 = AXIS2_PLACEMENT_3D('',#9518,#9519,#9520);
#9518 = CARTESIAN_POINT('',(-4.091426690538,-1.905,0.874745725546));
#9519 = DIRECTION('',(1.925014880134E-31,1.,-5.472315783042E-31));
#9520 = DIRECTION('',(0.,5.472315783042E-31,1.));
#9521 = ADVANCED_FACE('',(#9522),#9583,.T.);
#9522 = FACE_BOUND('',#9523,.T.);
#9523 = EDGE_LOOP('',(#9524,#9534,#9542,#9551,#9557,#9558,#9559,#9560,
    #9568,#9577));
#9524 = ORIENTED_EDGE('',*,*,#9525,.T.);
#9525 = EDGE_CURVE('',#9526,#9528,#9530,.T.);
#9526 = VERTEX_POINT('',#9527);
#9527 = CARTESIAN_POINT('',(-5.79,-1.905,-2.70609920631E-16));
#9528 = VERTEX_POINT('',#9529);
#9529 = CARTESIAN_POINT('',(-5.79,-1.905,0.5));
#9530 = LINE('',#9531,#9532);
#9531 = CARTESIAN_POINT('',(-5.79,-1.905,-2.70609920631E-16));
#9532 = VECTOR('',#9533,1.);
#9533 = DIRECTION('',(1.7763568394E-15,0.,1.));
#9534 = ORIENTED_EDGE('',*,*,#9535,.T.);
#9535 = EDGE_CURVE('',#9528,#9536,#9538,.T.);
#9536 = VERTEX_POINT('',#9537);
#9537 = CARTESIAN_POINT('',(-5.28,-1.905,0.5));
#9538 = LINE('',#9539,#9540);
#9539 = CARTESIAN_POINT('',(-5.79,-1.905,0.5));
#9540 = VECTOR('',#9541,1.);
#9541 = DIRECTION('',(1.,0.,0.));
#9542 = ORIENTED_EDGE('',*,*,#9543,.T.);
#9543 = EDGE_CURVE('',#9536,#9544,#9546,.T.);
#9544 = VERTEX_POINT('',#9545);
#9545 = CARTESIAN_POINT('',(-5.045076844804,-1.905,0.664494964169));
#9546 = CIRCLE('',#9547,0.25);
#9547 = AXIS2_PLACEMENT_3D('',#9548,#9549,#9550);
#9548 = CARTESIAN_POINT('',(-5.28,-1.905,0.75));
#9549 = DIRECTION('',(0.,-1.,0.));
#9550 = DIRECTION('',(0.,0.,-1.));
#9551 = ORIENTED_EDGE('',*,*,#9552,.T.);
#9552 = EDGE_CURVE('',#9544,#9442,#9553,.T.);
#9553 = LINE('',#9554,#9555);
#9554 = CARTESIAN_POINT('',(-5.045076844804,-1.905,0.664494964169));
#9555 = VECTOR('',#9556,1.);
#9556 = DIRECTION('',(0.342020143326,0.,0.939692620786));
#9557 = ORIENTED_EDGE('',*,*,#9441,.T.);
#9558 = ORIENTED_EDGE('',*,*,#9492,.F.);
#9559 = ORIENTED_EDGE('',*,*,#9238,.T.);
#9560 = ORIENTED_EDGE('',*,*,#9561,.T.);
#9561 = EDGE_CURVE('',#9239,#9562,#9564,.T.);
#9562 = VERTEX_POINT('',#9563);
#9563 = CARTESIAN_POINT('',(-4.575230534411,-1.905,0.493484892506));
#9564 = LINE('',#9565,#9566);
#9565 = CARTESIAN_POINT('',(-4.472624491413,-1.905,0.775392678742));
#9566 = VECTOR('',#9567,1.);
#9567 = DIRECTION('',(-0.342020143326,0.,-0.939692620786));
#9568 = ORIENTED_EDGE('',*,*,#9569,.T.);
#9569 = EDGE_CURVE('',#9562,#9570,#9572,.T.);
#9570 = VERTEX_POINT('',#9571);
#9571 = CARTESIAN_POINT('',(-5.28,-1.905,-2.22044604925E-16));
#9572 = CIRCLE('',#9573,0.75);
#9573 = AXIS2_PLACEMENT_3D('',#9574,#9575,#9576);
#9574 = CARTESIAN_POINT('',(-5.28,-1.905,0.75));
#9575 = DIRECTION('',(0.,1.,0.));
#9576 = DIRECTION('',(0.939692620786,0.,-0.342020143326));
#9577 = ORIENTED_EDGE('',*,*,#9578,.T.);
#9578 = EDGE_CURVE('',#9570,#9526,#9579,.T.);
#9579 = LINE('',#9580,#9581);
#9580 = CARTESIAN_POINT('',(-5.28,-1.905,-2.22044604925E-16));
#9581 = VECTOR('',#9582,1.);
#9582 = DIRECTION('',(-1.,0.,-9.522610922745E-17));
#9583 = PLANE('',#9584);
#9584 = AXIS2_PLACEMENT_3D('',#9585,#9586,#9587);
#9585 = CARTESIAN_POINT('',(-4.091426690538,-1.905,0.874745725546));
#9586 = DIRECTION('',(1.925014880134E-31,1.,-5.472315783042E-31));
#9587 = DIRECTION('',(0.,5.472315783042E-31,1.));
#9588 = ADVANCED_FACE('',(#9589),#9600,.T.);
#9589 = FACE_BOUND('',#9590,.T.);
#9590 = EDGE_LOOP('',(#9591,#9592,#9598,#9599));
#9591 = ORIENTED_EDGE('',*,*,#9409,.T.);
#9592 = ORIENTED_EDGE('',*,*,#9593,.T.);
#9593 = EDGE_CURVE('',#9402,#9314,#9594,.T.);
#9594 = LINE('',#9595,#9596);
#9595 = CARTESIAN_POINT('',(-2.237701336216,-2.655,1.43988764291));
#9596 = VECTOR('',#9597,1.);
#9597 = DIRECTION('',(0.,0.,-1.));
#9598 = ORIENTED_EDGE('',*,*,#9313,.F.);
#9599 = ORIENTED_EDGE('',*,*,#9510,.F.);
#9600 = PLANE('',#9601);
#9601 = AXIS2_PLACEMENT_3D('',#9602,#9603,#9604);
#9602 = CARTESIAN_POINT('',(-2.237701336216,-1.905,1.43988764291));
#9603 = DIRECTION('',(1.,0.,0.));
#9604 = DIRECTION('',(0.,0.,-1.));
#9605 = ADVANCED_FACE('',(#9606),#9631,.T.);
#9606 = FACE_BOUND('',#9607,.T.);
#9607 = EDGE_LOOP('',(#9608,#9616,#9624,#9630));
#9608 = ORIENTED_EDGE('',*,*,#9609,.T.);
#9609 = EDGE_CURVE('',#9526,#9610,#9612,.T.);
#9610 = VERTEX_POINT('',#9611);
#9611 = CARTESIAN_POINT('',(-5.79,-2.655,-2.70609920631E-16));
#9612 = LINE('',#9613,#9614);
#9613 = CARTESIAN_POINT('',(-5.79,-1.905,-2.70609920631E-16));
#9614 = VECTOR('',#9615,1.);
#9615 = DIRECTION('',(0.,-1.,0.));
#9616 = ORIENTED_EDGE('',*,*,#9617,.T.);
#9617 = EDGE_CURVE('',#9610,#9618,#9620,.T.);
#9618 = VERTEX_POINT('',#9619);
#9619 = CARTESIAN_POINT('',(-5.79,-2.655,0.5));
#9620 = LINE('',#9621,#9622);
#9621 = CARTESIAN_POINT('',(-5.79,-2.655,-2.70609920631E-16));
#9622 = VECTOR('',#9623,1.);
#9623 = DIRECTION('',(1.7763568394E-15,0.,1.));
#9624 = ORIENTED_EDGE('',*,*,#9625,.F.);
#9625 = EDGE_CURVE('',#9528,#9618,#9626,.T.);
#9626 = LINE('',#9627,#9628);
#9627 = CARTESIAN_POINT('',(-5.79,-1.905,0.5));
#9628 = VECTOR('',#9629,1.);
#9629 = DIRECTION('',(0.,-1.,0.));
#9630 = ORIENTED_EDGE('',*,*,#9525,.F.);
#9631 = PLANE('',#9632);
#9632 = AXIS2_PLACEMENT_3D('',#9633,#9634,#9635);
#9633 = CARTESIAN_POINT('',(-5.79,-1.905,-2.70609920631E-16));
#9634 = DIRECTION('',(-1.,0.,1.7763568394E-15));
#9635 = DIRECTION('',(1.7763568394E-15,0.,1.));
#9636 = ADVANCED_FACE('',(#9637),#9655,.T.);
#9637 = FACE_BOUND('',#9638,.T.);
#9638 = EDGE_LOOP('',(#9639,#9647,#9653,#9654));
#9639 = ORIENTED_EDGE('',*,*,#9640,.T.);
#9640 = EDGE_CURVE('',#9570,#9641,#9643,.T.);
#9641 = VERTEX_POINT('',#9642);
#9642 = CARTESIAN_POINT('',(-5.28,-2.655,-2.22044604925E-16));
#9643 = LINE('',#9644,#9645);
#9644 = CARTESIAN_POINT('',(-5.28,-1.905,-2.22044604925E-16));
#9645 = VECTOR('',#9646,1.);
#9646 = DIRECTION('',(0.,-1.,0.));
#9647 = ORIENTED_EDGE('',*,*,#9648,.T.);
#9648 = EDGE_CURVE('',#9641,#9610,#9649,.T.);
#9649 = LINE('',#9650,#9651);
#9650 = CARTESIAN_POINT('',(-5.28,-2.655,-2.22044604925E-16));
#9651 = VECTOR('',#9652,1.);
#9652 = DIRECTION('',(-1.,0.,-9.522610922745E-17));
#9653 = ORIENTED_EDGE('',*,*,#9609,.F.);
#9654 = ORIENTED_EDGE('',*,*,#9578,.F.);
#9655 = PLANE('',#9656);
#9656 = AXIS2_PLACEMENT_3D('',#9657,#9658,#9659);
#9657 = CARTESIAN_POINT('',(-5.28,-1.905,-2.22044604925E-16));
#9658 = DIRECTION('',(9.522610922745E-17,0.,-1.));
#9659 = DIRECTION('',(-1.,0.,-9.522610922745E-17));
#9660 = ADVANCED_FACE('',(#9661),#9680,.T.);
#9661 = FACE_BOUND('',#9662,.T.);
#9662 = EDGE_LOOP('',(#9663,#9671,#9678,#9679));
#9663 = ORIENTED_EDGE('',*,*,#9664,.T.);
#9664 = EDGE_CURVE('',#9562,#9665,#9667,.T.);
#9665 = VERTEX_POINT('',#9666);
#9666 = CARTESIAN_POINT('',(-4.575230534411,-2.655,0.493484892506));
#9667 = LINE('',#9668,#9669);
#9668 = CARTESIAN_POINT('',(-4.575230534411,-1.905,0.493484892506));
#9669 = VECTOR('',#9670,1.);
#9670 = DIRECTION('',(0.,-1.,0.));
#9671 = ORIENTED_EDGE('',*,*,#9672,.T.);
#9672 = EDGE_CURVE('',#9665,#9641,#9673,.T.);
#9673 = CIRCLE('',#9674,0.75);
#9674 = AXIS2_PLACEMENT_3D('',#9675,#9676,#9677);
#9675 = CARTESIAN_POINT('',(-5.28,-2.655,0.75));
#9676 = DIRECTION('',(0.,1.,0.));
#9677 = DIRECTION('',(0.939692620786,0.,-0.342020143326));
#9678 = ORIENTED_EDGE('',*,*,#9640,.F.);
#9679 = ORIENTED_EDGE('',*,*,#9569,.F.);
#9680 = CYLINDRICAL_SURFACE('',#9681,0.75);
#9681 = AXIS2_PLACEMENT_3D('',#9682,#9683,#9684);
#9682 = CARTESIAN_POINT('',(-5.28,-1.905,0.75));
#9683 = DIRECTION('',(0.,1.,0.));
#9684 = DIRECTION('',(0.939692620786,0.,-0.342020143326));
#9685 = ADVANCED_FACE('',(#9686),#9697,.T.);
#9686 = FACE_BOUND('',#9687,.T.);
#9687 = EDGE_LOOP('',(#9688,#9689,#9695,#9696));
#9688 = ORIENTED_EDGE('',*,*,#9247,.T.);
#9689 = ORIENTED_EDGE('',*,*,#9690,.T.);
#9690 = EDGE_CURVE('',#9248,#9665,#9691,.T.);
#9691 = LINE('',#9692,#9693);
#9692 = CARTESIAN_POINT('',(-4.472624491413,-2.655,0.775392678742));
#9693 = VECTOR('',#9694,1.);
#9694 = DIRECTION('',(-0.342020143326,0.,-0.939692620786));
#9695 = ORIENTED_EDGE('',*,*,#9664,.F.);
#9696 = ORIENTED_EDGE('',*,*,#9561,.F.);
#9697 = PLANE('',#9698);
#9698 = AXIS2_PLACEMENT_3D('',#9699,#9700,#9701);
#9699 = CARTESIAN_POINT('',(-4.472624491413,-1.905,0.775392678742));
#9700 = DIRECTION('',(0.939692620786,0.,-0.342020143326));
#9701 = DIRECTION('',(-0.342020143326,0.,-0.939692620786));
#9702 = ADVANCED_FACE('',(#9703),#9721,.T.);
#9703 = FACE_BOUND('',#9704,.T.);
#9704 = EDGE_LOOP('',(#9705,#9713,#9719,#9720));
#9705 = ORIENTED_EDGE('',*,*,#9706,.T.);
#9706 = EDGE_CURVE('',#9544,#9707,#9709,.T.);
#9707 = VERTEX_POINT('',#9708);
#9708 = CARTESIAN_POINT('',(-5.045076844804,-2.655,0.664494964169));
#9709 = LINE('',#9710,#9711);
#9710 = CARTESIAN_POINT('',(-5.045076844804,-1.905,0.664494964169));
#9711 = VECTOR('',#9712,1.);
#9712 = DIRECTION('',(0.,-1.,0.));
#9713 = ORIENTED_EDGE('',*,*,#9714,.T.);
#9714 = EDGE_CURVE('',#9707,#9451,#9715,.T.);
#9715 = LINE('',#9716,#9717);
#9716 = CARTESIAN_POINT('',(-5.045076844804,-2.655,0.664494964169));
#9717 = VECTOR('',#9718,1.);
#9718 = DIRECTION('',(0.342020143326,0.,0.939692620786));
#9719 = ORIENTED_EDGE('',*,*,#9450,.F.);
#9720 = ORIENTED_EDGE('',*,*,#9552,.F.);
#9721 = PLANE('',#9722);
#9722 = AXIS2_PLACEMENT_3D('',#9723,#9724,#9725);
#9723 = CARTESIAN_POINT('',(-5.045076844804,-1.905,0.664494964169));
#9724 = DIRECTION('',(-0.939692620786,0.,0.342020143326));
#9725 = DIRECTION('',(0.342020143326,0.,0.939692620786));
#9726 = ADVANCED_FACE('',(#9727),#9746,.F.);
#9727 = FACE_BOUND('',#9728,.F.);
#9728 = EDGE_LOOP('',(#9729,#9730,#9731,#9740));
#9729 = ORIENTED_EDGE('',*,*,#9543,.T.);
#9730 = ORIENTED_EDGE('',*,*,#9706,.T.);
#9731 = ORIENTED_EDGE('',*,*,#9732,.F.);
#9732 = EDGE_CURVE('',#9733,#9707,#9735,.T.);
#9733 = VERTEX_POINT('',#9734);
#9734 = CARTESIAN_POINT('',(-5.28,-2.655,0.5));
#9735 = CIRCLE('',#9736,0.25);
#9736 = AXIS2_PLACEMENT_3D('',#9737,#9738,#9739);
#9737 = CARTESIAN_POINT('',(-5.28,-2.655,0.75));
#9738 = DIRECTION('',(0.,-1.,0.));
#9739 = DIRECTION('',(0.,0.,-1.));
#9740 = ORIENTED_EDGE('',*,*,#9741,.F.);
#9741 = EDGE_CURVE('',#9536,#9733,#9742,.T.);
#9742 = LINE('',#9743,#9744);
#9743 = CARTESIAN_POINT('',(-5.28,-1.905,0.5));
#9744 = VECTOR('',#9745,1.);
#9745 = DIRECTION('',(0.,-1.,0.));
#9746 = CYLINDRICAL_SURFACE('',#9747,0.25);
#9747 = AXIS2_PLACEMENT_3D('',#9748,#9749,#9750);
#9748 = CARTESIAN_POINT('',(-5.28,-1.905,0.75));
#9749 = DIRECTION('',(0.,1.,0.));
#9750 = DIRECTION('',(0.,0.,-1.));
#9751 = ADVANCED_FACE('',(#9752),#9763,.T.);
#9752 = FACE_BOUND('',#9753,.T.);
#9753 = EDGE_LOOP('',(#9754,#9755,#9761,#9762));
#9754 = ORIENTED_EDGE('',*,*,#9625,.T.);
#9755 = ORIENTED_EDGE('',*,*,#9756,.T.);
#9756 = EDGE_CURVE('',#9618,#9733,#9757,.T.);
#9757 = LINE('',#9758,#9759);
#9758 = CARTESIAN_POINT('',(-5.79,-2.655,0.5));
#9759 = VECTOR('',#9760,1.);
#9760 = DIRECTION('',(1.,0.,0.));
#9761 = ORIENTED_EDGE('',*,*,#9741,.F.);
#9762 = ORIENTED_EDGE('',*,*,#9535,.F.);
#9763 = PLANE('',#9764);
#9764 = AXIS2_PLACEMENT_3D('',#9765,#9766,#9767);
#9765 = CARTESIAN_POINT('',(-5.79,-1.905,0.5));
#9766 = DIRECTION('',(0.,0.,1.));
#9767 = DIRECTION('',(1.,0.,0.));
#9768 = ADVANCED_FACE('',(#9769),#9786,.F.);
#9769 = FACE_BOUND('',#9770,.F.);
#9770 = EDGE_LOOP('',(#9771,#9772,#9773,#9774,#9775,#9776,#9782,#9783,
    #9784,#9785));
#9771 = ORIENTED_EDGE('',*,*,#9617,.T.);
#9772 = ORIENTED_EDGE('',*,*,#9756,.T.);
#9773 = ORIENTED_EDGE('',*,*,#9732,.T.);
#9774 = ORIENTED_EDGE('',*,*,#9714,.T.);
#9775 = ORIENTED_EDGE('',*,*,#9458,.T.);
#9776 = ORIENTED_EDGE('',*,*,#9777,.F.);
#9777 = EDGE_CURVE('',#9256,#9459,#9778,.T.);
#9778 = LINE('',#9779,#9780);
#9779 = CARTESIAN_POINT('',(-4.24,-2.655,0.437372862773));
#9780 = VECTOR('',#9781,1.);
#9781 = DIRECTION('',(0.,5.472315783042E-31,1.));
#9782 = ORIENTED_EDGE('',*,*,#9255,.T.);
#9783 = ORIENTED_EDGE('',*,*,#9690,.T.);
#9784 = ORIENTED_EDGE('',*,*,#9672,.T.);
#9785 = ORIENTED_EDGE('',*,*,#9648,.T.);
#9786 = PLANE('',#9787);
#9787 = AXIS2_PLACEMENT_3D('',#9788,#9789,#9790);
#9788 = CARTESIAN_POINT('',(-4.091426690538,-2.655,0.874745725546));
#9789 = DIRECTION('',(1.925014880134E-31,1.,-5.472315783042E-31));
#9790 = DIRECTION('',(0.,5.472315783042E-31,1.));
#9791 = ADVANCED_FACE('',(#9792),#9803,.T.);
#9792 = FACE_BOUND('',#9793,.T.);
#9793 = EDGE_LOOP('',(#9794,#9795,#9801,#9802));
#9794 = ORIENTED_EDGE('',*,*,#9264,.F.);
#9795 = ORIENTED_EDGE('',*,*,#9796,.T.);
#9796 = EDGE_CURVE('',#9265,#9468,#9797,.T.);
#9797 = LINE('',#9798,#9799);
#9798 = CARTESIAN_POINT('',(-4.24,-2.775,0.437372862773));
#9799 = VECTOR('',#9800,1.);
#9800 = DIRECTION('',(0.,5.472315783042E-31,1.));
#9801 = ORIENTED_EDGE('',*,*,#9467,.T.);
#9802 = ORIENTED_EDGE('',*,*,#9777,.F.);
#9803 = PLANE('',#9804);
#9804 = AXIS2_PLACEMENT_3D('',#9805,#9806,#9807);
#9805 = CARTESIAN_POINT('',(-4.24,-3.25,0.));
#9806 = DIRECTION('',(-1.,0.,0.));
#9807 = DIRECTION('',(0.,1.,0.));
#9808 = ADVANCED_FACE('',(#9809),#9822,.F.);
#9809 = FACE_BOUND('',#9810,.F.);
#9810 = EDGE_LOOP('',(#9811,#9812,#9813,#9814,#9815,#9821));
#9811 = ORIENTED_EDGE('',*,*,#9272,.T.);
#9812 = ORIENTED_EDGE('',*,*,#9796,.T.);
#9813 = ORIENTED_EDGE('',*,*,#9475,.T.);
#9814 = ORIENTED_EDGE('',*,*,#9385,.T.);
#9815 = ORIENTED_EDGE('',*,*,#9816,.T.);
#9816 = EDGE_CURVE('',#9386,#9330,#9817,.T.);
#9817 = LINE('',#9818,#9819);
#9818 = CARTESIAN_POINT('',(-3.49,-2.775,0.437372862773));
#9819 = VECTOR('',#9820,1.);
#9820 = DIRECTION('',(0.,-5.472315783042E-31,-1.));
#9821 = ORIENTED_EDGE('',*,*,#9337,.T.);
#9822 = PLANE('',#9823);
#9823 = AXIS2_PLACEMENT_3D('',#9824,#9825,#9826);
#9824 = CARTESIAN_POINT('',(-4.091426690538,-2.775,0.874745725546));
#9825 = DIRECTION('',(1.925014880134E-31,1.,-5.472315783042E-31));
#9826 = DIRECTION('',(0.,5.472315783042E-31,1.));
#9827 = ADVANCED_FACE('',(#9828),#9839,.T.);
#9828 = FACE_BOUND('',#9829,.T.);
#9829 = EDGE_LOOP('',(#9830,#9836,#9837,#9838));
#9830 = ORIENTED_EDGE('',*,*,#9831,.F.);
#9831 = EDGE_CURVE('',#9394,#9322,#9832,.T.);
#9832 = LINE('',#9833,#9834);
#9833 = CARTESIAN_POINT('',(-3.49,-2.655,0.437372862773));
#9834 = VECTOR('',#9835,1.);
#9835 = DIRECTION('',(0.,-5.472315783042E-31,-1.));
#9836 = ORIENTED_EDGE('',*,*,#9393,.F.);
#9837 = ORIENTED_EDGE('',*,*,#9816,.T.);
#9838 = ORIENTED_EDGE('',*,*,#9329,.F.);
#9839 = PLANE('',#9840);
#9840 = AXIS2_PLACEMENT_3D('',#9841,#9842,#9843);
#9841 = CARTESIAN_POINT('',(-3.49,3.25,0.));
#9842 = DIRECTION('',(1.,0.,0.));
#9843 = DIRECTION('',(0.,-1.,0.));
#9844 = ADVANCED_FACE('',(#9845),#9851,.F.);
#9845 = FACE_BOUND('',#9846,.F.);
#9846 = EDGE_LOOP('',(#9847,#9848,#9849,#9850));
#9847 = ORIENTED_EDGE('',*,*,#9831,.F.);
#9848 = ORIENTED_EDGE('',*,*,#9401,.T.);
#9849 = ORIENTED_EDGE('',*,*,#9593,.T.);
#9850 = ORIENTED_EDGE('',*,*,#9321,.T.);
#9851 = PLANE('',#9852);
#9852 = AXIS2_PLACEMENT_3D('',#9853,#9854,#9855);
#9853 = CARTESIAN_POINT('',(-4.091426690538,-2.655,0.874745725546));
#9854 = DIRECTION('',(1.925014880134E-31,1.,-5.472315783042E-31));
#9855 = DIRECTION('',(0.,5.472315783042E-31,1.));
#9856 = MANIFOLD_SOLID_BREP('',#9857);
#9857 = CLOSED_SHELL('',(#9858,#9898,#9961,#9985,#10041,#10058,#10075,
    #10092,#10109,#10126));
#9858 = ADVANCED_FACE('',(#9859),#9893,.T.);
#9859 = FACE_BOUND('',#9860,.T.);
#9860 = EDGE_LOOP('',(#9861,#9871,#9879,#9887));
#9861 = ORIENTED_EDGE('',*,*,#9862,.T.);
#9862 = EDGE_CURVE('',#9863,#9865,#9867,.T.);
#9863 = VERTEX_POINT('',#9864);
#9864 = CARTESIAN_POINT('',(-3.49,0.495,0.93988764291));
#9865 = VERTEX_POINT('',#9866);
#9866 = CARTESIAN_POINT('',(-3.91,0.495,0.93988764291));
#9867 = LINE('',#9868,#9869);
#9868 = CARTESIAN_POINT('',(-2.237701336216,0.495,0.93988764291));
#9869 = VECTOR('',#9870,1.);
#9870 = DIRECTION('',(-1.,0.,1.110223024625E-16));
#9871 = ORIENTED_EDGE('',*,*,#9872,.T.);
#9872 = EDGE_CURVE('',#9865,#9873,#9875,.T.);
#9873 = VERTEX_POINT('',#9874);
#9874 = CARTESIAN_POINT('',(-3.91,0.495,1.43988764291));
#9875 = LINE('',#9876,#9877);
#9876 = CARTESIAN_POINT('',(-3.91,0.495,0.));
#9877 = VECTOR('',#9878,1.);
#9878 = DIRECTION('',(0.,0.,1.));
#9879 = ORIENTED_EDGE('',*,*,#9880,.T.);
#9880 = EDGE_CURVE('',#9873,#9881,#9883,.T.);
#9881 = VERTEX_POINT('',#9882);
#9882 = CARTESIAN_POINT('',(-3.49,0.495,1.43988764291));
#9883 = LINE('',#9884,#9885);
#9884 = CARTESIAN_POINT('',(-4.237701336216,0.495,1.43988764291));
#9885 = VECTOR('',#9886,1.);
#9886 = DIRECTION('',(1.,0.,-1.110223024625E-16));
#9887 = ORIENTED_EDGE('',*,*,#9888,.T.);
#9888 = EDGE_CURVE('',#9881,#9863,#9889,.T.);
#9889 = LINE('',#9890,#9891);
#9890 = CARTESIAN_POINT('',(-3.49,0.495,0.437372862773));
#9891 = VECTOR('',#9892,1.);
#9892 = DIRECTION('',(0.,-5.472315783042E-31,-1.));
#9893 = PLANE('',#9894);
#9894 = AXIS2_PLACEMENT_3D('',#9895,#9896,#9897);
#9895 = CARTESIAN_POINT('',(-4.091426690538,0.495,0.874745725546));
#9896 = DIRECTION('',(1.925014880134E-31,1.,-5.472315783042E-31));
#9897 = DIRECTION('',(0.,5.472315783042E-31,1.));
#9898 = ADVANCED_FACE('',(#9899),#9956,.T.);
#9899 = FACE_BOUND('',#9900,.T.);
#9900 = EDGE_LOOP('',(#9901,#9902,#9910,#9918,#9926,#9934,#9942,#9950));
#9901 = ORIENTED_EDGE('',*,*,#9862,.F.);
#9902 = ORIENTED_EDGE('',*,*,#9903,.T.);
#9903 = EDGE_CURVE('',#9863,#9904,#9906,.T.);
#9904 = VERTEX_POINT('',#9905);
#9905 = CARTESIAN_POINT('',(-3.49,0.375,0.93988764291));
#9906 = LINE('',#9907,#9908);
#9907 = CARTESIAN_POINT('',(-3.49,1.8725,0.93988764291));
#9908 = VECTOR('',#9909,1.);
#9909 = DIRECTION('',(0.,-1.,0.));
#9910 = ORIENTED_EDGE('',*,*,#9911,.F.);
#9911 = EDGE_CURVE('',#9912,#9904,#9914,.T.);
#9912 = VERTEX_POINT('',#9913);
#9913 = CARTESIAN_POINT('',(-2.237701336216,0.375,0.93988764291));
#9914 = LINE('',#9915,#9916);
#9915 = CARTESIAN_POINT('',(-2.237701336216,0.375,0.93988764291));
#9916 = VECTOR('',#9917,1.);
#9917 = DIRECTION('',(-1.,0.,1.110223024625E-16));
#9918 = ORIENTED_EDGE('',*,*,#9919,.T.);
#9919 = EDGE_CURVE('',#9912,#9920,#9922,.T.);
#9920 = VERTEX_POINT('',#9921);
#9921 = CARTESIAN_POINT('',(-2.237701336216,-0.375,0.93988764291));
#9922 = LINE('',#9923,#9924);
#9923 = CARTESIAN_POINT('',(-2.237701336216,0.375,0.93988764291));
#9924 = VECTOR('',#9925,1.);
#9925 = DIRECTION('',(0.,-1.,0.));
#9926 = ORIENTED_EDGE('',*,*,#9927,.T.);
#9927 = EDGE_CURVE('',#9920,#9928,#9930,.T.);
#9928 = VERTEX_POINT('',#9929);
#9929 = CARTESIAN_POINT('',(-3.49,-0.375,0.93988764291));
#9930 = LINE('',#9931,#9932);
#9931 = CARTESIAN_POINT('',(-2.237701336216,-0.375,0.93988764291));
#9932 = VECTOR('',#9933,1.);
#9933 = DIRECTION('',(-1.,0.,1.110223024625E-16));
#9934 = ORIENTED_EDGE('',*,*,#9935,.T.);
#9935 = EDGE_CURVE('',#9928,#9936,#9938,.T.);
#9936 = VERTEX_POINT('',#9937);
#9937 = CARTESIAN_POINT('',(-3.49,-0.495,0.93988764291));
#9938 = LINE('',#9939,#9940);
#9939 = CARTESIAN_POINT('',(-3.49,1.8725,0.93988764291));
#9940 = VECTOR('',#9941,1.);
#9941 = DIRECTION('',(0.,-1.,0.));
#9942 = ORIENTED_EDGE('',*,*,#9943,.T.);
#9943 = EDGE_CURVE('',#9936,#9944,#9946,.T.);
#9944 = VERTEX_POINT('',#9945);
#9945 = CARTESIAN_POINT('',(-3.91,-0.495,0.93988764291));
#9946 = LINE('',#9947,#9948);
#9947 = CARTESIAN_POINT('',(-2.237701336216,-0.495,0.93988764291));
#9948 = VECTOR('',#9949,1.);
#9949 = DIRECTION('',(-1.,0.,1.110223024625E-16));
#9950 = ORIENTED_EDGE('',*,*,#9951,.T.);
#9951 = EDGE_CURVE('',#9944,#9865,#9952,.T.);
#9952 = LINE('',#9953,#9954);
#9953 = CARTESIAN_POINT('',(-3.91,5.551115123126E-17,0.93988764291));
#9954 = VECTOR('',#9955,1.);
#9955 = DIRECTION('',(0.,1.,0.));
#9956 = PLANE('',#9957);
#9957 = AXIS2_PLACEMENT_3D('',#9958,#9959,#9960);
#9958 = CARTESIAN_POINT('',(-2.237701336216,0.495,0.93988764291));
#9959 = DIRECTION('',(-1.110223024625E-16,-0.,-1.));
#9960 = DIRECTION('',(-1.,0.,1.110223024625E-16));
#9961 = ADVANCED_FACE('',(#9962),#9980,.T.);
#9962 = FACE_BOUND('',#9963,.T.);
#9963 = EDGE_LOOP('',(#9964,#9965,#9973,#9979));
#9964 = ORIENTED_EDGE('',*,*,#9888,.F.);
#9965 = ORIENTED_EDGE('',*,*,#9966,.F.);
#9966 = EDGE_CURVE('',#9967,#9881,#9969,.T.);
#9967 = VERTEX_POINT('',#9968);
#9968 = CARTESIAN_POINT('',(-3.49,0.375,1.43988764291));
#9969 = LINE('',#9970,#9971);
#9970 = CARTESIAN_POINT('',(-3.49,1.8725,1.43988764291));
#9971 = VECTOR('',#9972,1.);
#9972 = DIRECTION('',(0.,1.,0.));
#9973 = ORIENTED_EDGE('',*,*,#9974,.T.);
#9974 = EDGE_CURVE('',#9967,#9904,#9975,.T.);
#9975 = LINE('',#9976,#9977);
#9976 = CARTESIAN_POINT('',(-3.49,0.375,0.437372862773));
#9977 = VECTOR('',#9978,1.);
#9978 = DIRECTION('',(0.,-5.472315783042E-31,-1.));
#9979 = ORIENTED_EDGE('',*,*,#9903,.F.);
#9980 = PLANE('',#9981);
#9981 = AXIS2_PLACEMENT_3D('',#9982,#9983,#9984);
#9982 = CARTESIAN_POINT('',(-3.49,3.25,0.));
#9983 = DIRECTION('',(1.,0.,0.));
#9984 = DIRECTION('',(0.,-1.,0.));
#9985 = ADVANCED_FACE('',(#9986),#10036,.T.);
#9986 = FACE_BOUND('',#9987,.T.);
#9987 = EDGE_LOOP('',(#9988,#9989,#9997,#10005,#10013,#10021,#10029,
    #10035));
#9988 = ORIENTED_EDGE('',*,*,#9880,.F.);
#9989 = ORIENTED_EDGE('',*,*,#9990,.T.);
#9990 = EDGE_CURVE('',#9873,#9991,#9993,.T.);
#9991 = VERTEX_POINT('',#9992);
#9992 = CARTESIAN_POINT('',(-3.91,-0.495,1.43988764291));
#9993 = LINE('',#9994,#9995);
#9994 = CARTESIAN_POINT('',(-3.91,5.551115123126E-17,1.43988764291));
#9995 = VECTOR('',#9996,1.);
#9996 = DIRECTION('',(0.,-1.,0.));
#9997 = ORIENTED_EDGE('',*,*,#9998,.T.);
#9998 = EDGE_CURVE('',#9991,#9999,#10001,.T.);
#9999 = VERTEX_POINT('',#10000);
#10000 = CARTESIAN_POINT('',(-3.49,-0.495,1.43988764291));
#10001 = LINE('',#10002,#10003);
#10002 = CARTESIAN_POINT('',(-4.237701336216,-0.495,1.43988764291));
#10003 = VECTOR('',#10004,1.);
#10004 = DIRECTION('',(1.,0.,-1.110223024625E-16));
#10005 = ORIENTED_EDGE('',*,*,#10006,.T.);
#10006 = EDGE_CURVE('',#9999,#10007,#10009,.T.);
#10007 = VERTEX_POINT('',#10008);
#10008 = CARTESIAN_POINT('',(-3.49,-0.375,1.43988764291));
#10009 = LINE('',#10010,#10011);
#10010 = CARTESIAN_POINT('',(-3.49,1.8725,1.43988764291));
#10011 = VECTOR('',#10012,1.);
#10012 = DIRECTION('',(0.,1.,0.));
#10013 = ORIENTED_EDGE('',*,*,#10014,.T.);
#10014 = EDGE_CURVE('',#10007,#10015,#10017,.T.);
#10015 = VERTEX_POINT('',#10016);
#10016 = CARTESIAN_POINT('',(-2.237701336216,-0.375,1.43988764291));
#10017 = LINE('',#10018,#10019);
#10018 = CARTESIAN_POINT('',(-4.237701336216,-0.375,1.43988764291));
#10019 = VECTOR('',#10020,1.);
#10020 = DIRECTION('',(1.,0.,-1.110223024625E-16));
#10021 = ORIENTED_EDGE('',*,*,#10022,.F.);
#10022 = EDGE_CURVE('',#10023,#10015,#10025,.T.);
#10023 = VERTEX_POINT('',#10024);
#10024 = CARTESIAN_POINT('',(-2.237701336216,0.375,1.43988764291));
#10025 = LINE('',#10026,#10027);
#10026 = CARTESIAN_POINT('',(-2.237701336216,0.375,1.43988764291));
#10027 = VECTOR('',#10028,1.);
#10028 = DIRECTION('',(0.,-1.,0.));
#10029 = ORIENTED_EDGE('',*,*,#10030,.F.);
#10030 = EDGE_CURVE('',#9967,#10023,#10031,.T.);
#10031 = LINE('',#10032,#10033);
#10032 = CARTESIAN_POINT('',(-4.237701336216,0.375,1.43988764291));
#10033 = VECTOR('',#10034,1.);
#10034 = DIRECTION('',(1.,0.,-1.110223024625E-16));
#10035 = ORIENTED_EDGE('',*,*,#9966,.T.);
#10036 = PLANE('',#10037);
#10037 = AXIS2_PLACEMENT_3D('',#10038,#10039,#10040);
#10038 = CARTESIAN_POINT('',(-4.237701336216,0.495,1.43988764291));
#10039 = DIRECTION('',(1.110223024625E-16,0.,1.));
#10040 = DIRECTION('',(1.,0.,-1.110223024625E-16));
#10041 = ADVANCED_FACE('',(#10042),#10053,.T.);
#10042 = FACE_BOUND('',#10043,.T.);
#10043 = EDGE_LOOP('',(#10044,#10045,#10051,#10052));
#10044 = ORIENTED_EDGE('',*,*,#9951,.F.);
#10045 = ORIENTED_EDGE('',*,*,#10046,.T.);
#10046 = EDGE_CURVE('',#9944,#9991,#10047,.T.);
#10047 = LINE('',#10048,#10049);
#10048 = CARTESIAN_POINT('',(-3.91,-0.495,0.));
#10049 = VECTOR('',#10050,1.);
#10050 = DIRECTION('',(0.,0.,1.));
#10051 = ORIENTED_EDGE('',*,*,#9990,.F.);
#10052 = ORIENTED_EDGE('',*,*,#9872,.F.);
#10053 = PLANE('',#10054);
#10054 = AXIS2_PLACEMENT_3D('',#10055,#10056,#10057);
#10055 = CARTESIAN_POINT('',(-3.91,-0.495,0.));
#10056 = DIRECTION('',(-1.,0.,0.));
#10057 = DIRECTION('',(0.,1.,0.));
#10058 = ADVANCED_FACE('',(#10059),#10070,.F.);
#10059 = FACE_BOUND('',#10060,.F.);
#10060 = EDGE_LOOP('',(#10061,#10062,#10063,#10064));
#10061 = ORIENTED_EDGE('',*,*,#9943,.T.);
#10062 = ORIENTED_EDGE('',*,*,#10046,.T.);
#10063 = ORIENTED_EDGE('',*,*,#9998,.T.);
#10064 = ORIENTED_EDGE('',*,*,#10065,.T.);
#10065 = EDGE_CURVE('',#9999,#9936,#10066,.T.);
#10066 = LINE('',#10067,#10068);
#10067 = CARTESIAN_POINT('',(-3.49,-0.495,0.437372862773));
#10068 = VECTOR('',#10069,1.);
#10069 = DIRECTION('',(0.,-5.472315783042E-31,-1.));
#10070 = PLANE('',#10071);
#10071 = AXIS2_PLACEMENT_3D('',#10072,#10073,#10074);
#10072 = CARTESIAN_POINT('',(-4.091426690538,-0.495,0.874745725546));
#10073 = DIRECTION('',(1.925014880134E-31,1.,-5.472315783042E-31));
#10074 = DIRECTION('',(0.,5.472315783042E-31,1.));
#10075 = ADVANCED_FACE('',(#10076),#10087,.T.);
#10076 = FACE_BOUND('',#10077,.T.);
#10077 = EDGE_LOOP('',(#10078,#10084,#10085,#10086));
#10078 = ORIENTED_EDGE('',*,*,#10079,.F.);
#10079 = EDGE_CURVE('',#10007,#9928,#10080,.T.);
#10080 = LINE('',#10081,#10082);
#10081 = CARTESIAN_POINT('',(-3.49,-0.375,0.437372862773));
#10082 = VECTOR('',#10083,1.);
#10083 = DIRECTION('',(0.,-5.472315783042E-31,-1.));
#10084 = ORIENTED_EDGE('',*,*,#10006,.F.);
#10085 = ORIENTED_EDGE('',*,*,#10065,.T.);
#10086 = ORIENTED_EDGE('',*,*,#9935,.F.);
#10087 = PLANE('',#10088);
#10088 = AXIS2_PLACEMENT_3D('',#10089,#10090,#10091);
#10089 = CARTESIAN_POINT('',(-3.49,3.25,0.));
#10090 = DIRECTION('',(1.,0.,0.));
#10091 = DIRECTION('',(0.,-1.,0.));
#10092 = ADVANCED_FACE('',(#10093),#10104,.F.);
#10093 = FACE_BOUND('',#10094,.F.);
#10094 = EDGE_LOOP('',(#10095,#10096,#10097,#10103));
#10095 = ORIENTED_EDGE('',*,*,#10079,.F.);
#10096 = ORIENTED_EDGE('',*,*,#10014,.T.);
#10097 = ORIENTED_EDGE('',*,*,#10098,.T.);
#10098 = EDGE_CURVE('',#10015,#9920,#10099,.T.);
#10099 = LINE('',#10100,#10101);
#10100 = CARTESIAN_POINT('',(-2.237701336216,-0.375,1.43988764291));
#10101 = VECTOR('',#10102,1.);
#10102 = DIRECTION('',(0.,0.,-1.));
#10103 = ORIENTED_EDGE('',*,*,#9927,.T.);
#10104 = PLANE('',#10105);
#10105 = AXIS2_PLACEMENT_3D('',#10106,#10107,#10108);
#10106 = CARTESIAN_POINT('',(-4.091426690538,-0.375,0.874745725546));
#10107 = DIRECTION('',(1.925014880134E-31,1.,-5.472315783042E-31));
#10108 = DIRECTION('',(0.,5.472315783042E-31,1.));
#10109 = ADVANCED_FACE('',(#10110),#10121,.T.);
#10110 = FACE_BOUND('',#10111,.T.);
#10111 = EDGE_LOOP('',(#10112,#10113,#10114,#10115));
#10112 = ORIENTED_EDGE('',*,*,#10022,.T.);
#10113 = ORIENTED_EDGE('',*,*,#10098,.T.);
#10114 = ORIENTED_EDGE('',*,*,#9919,.F.);
#10115 = ORIENTED_EDGE('',*,*,#10116,.F.);
#10116 = EDGE_CURVE('',#10023,#9912,#10117,.T.);
#10117 = LINE('',#10118,#10119);
#10118 = CARTESIAN_POINT('',(-2.237701336216,0.375,1.43988764291));
#10119 = VECTOR('',#10120,1.);
#10120 = DIRECTION('',(0.,0.,-1.));
#10121 = PLANE('',#10122);
#10122 = AXIS2_PLACEMENT_3D('',#10123,#10124,#10125);
#10123 = CARTESIAN_POINT('',(-2.237701336216,0.375,1.43988764291));
#10124 = DIRECTION('',(1.,0.,0.));
#10125 = DIRECTION('',(0.,0.,-1.));
#10126 = ADVANCED_FACE('',(#10127),#10133,.T.);
#10127 = FACE_BOUND('',#10128,.T.);
#10128 = EDGE_LOOP('',(#10129,#10130,#10131,#10132));
#10129 = ORIENTED_EDGE('',*,*,#9974,.F.);
#10130 = ORIENTED_EDGE('',*,*,#10030,.T.);
#10131 = ORIENTED_EDGE('',*,*,#10116,.T.);
#10132 = ORIENTED_EDGE('',*,*,#9911,.T.);
#10133 = PLANE('',#10134);
#10134 = AXIS2_PLACEMENT_3D('',#10135,#10136,#10137);
#10135 = CARTESIAN_POINT('',(-4.091426690538,0.375,0.874745725546));
#10136 = DIRECTION('',(1.925014880134E-31,1.,-5.472315783042E-31));
#10137 = DIRECTION('',(0.,5.472315783042E-31,1.));
#10138 = MANIFOLD_SOLID_BREP('',#10139);
#10139 = CLOSED_SHELL('',(#10140,#10198,#10264,#10320,#10344,#10400,
    #10459,#10476,#10493,#10560,#10577,#10608,#10632,#10657,#10674,
    #10698,#10723,#10740,#10763,#10780,#10799,#10816));
#10140 = ADVANCED_FACE('',(#10141),#10193,.T.);
#10141 = FACE_BOUND('',#10142,.T.);
#10142 = EDGE_LOOP('',(#10143,#10154,#10162,#10171,#10179,#10187));
#10143 = ORIENTED_EDGE('',*,*,#10144,.T.);
#10144 = EDGE_CURVE('',#10145,#10147,#10149,.T.);
#10145 = VERTEX_POINT('',#10146);
#10146 = CARTESIAN_POINT('',(-4.237701336216,2.775,0.93988764291));
#10147 = VERTEX_POINT('',#10148);
#10148 = CARTESIAN_POINT('',(-4.24,2.775,0.939877074976));
#10149 = CIRCLE('',#10150,0.25);
#10150 = AXIS2_PLACEMENT_3D('',#10151,#10152,#10153);
#10151 = CARTESIAN_POINT('',(-4.237701336216,2.775,0.68988764291));
#10152 = DIRECTION('',(0.,-1.,0.));
#10153 = DIRECTION('',(-3.5527136788E-15,0.,1.));
#10154 = ORIENTED_EDGE('',*,*,#10155,.T.);
#10155 = EDGE_CURVE('',#10147,#10156,#10158,.T.);
#10156 = VERTEX_POINT('',#10157);
#10157 = CARTESIAN_POINT('',(-4.24,2.775,1.439884120332));
#10158 = LINE('',#10159,#10160);
#10159 = CARTESIAN_POINT('',(-4.24,2.775,0.437372862773));
#10160 = VECTOR('',#10161,1.);
#10161 = DIRECTION('',(0.,5.472315783042E-31,1.));
#10162 = ORIENTED_EDGE('',*,*,#10163,.T.);
#10163 = EDGE_CURVE('',#10156,#10164,#10166,.T.);
#10164 = VERTEX_POINT('',#10165);
#10165 = CARTESIAN_POINT('',(-4.237701336216,2.775,1.43988764291));
#10166 = CIRCLE('',#10167,0.75);
#10167 = AXIS2_PLACEMENT_3D('',#10168,#10169,#10170);
#10168 = CARTESIAN_POINT('',(-4.237701336216,2.775,0.68988764291));
#10169 = DIRECTION('',(0.,1.,-0.));
#10170 = DIRECTION('',(-0.939692620786,0.,0.342020143326));
#10171 = ORIENTED_EDGE('',*,*,#10172,.T.);
#10172 = EDGE_CURVE('',#10164,#10173,#10175,.T.);
#10173 = VERTEX_POINT('',#10174);
#10174 = CARTESIAN_POINT('',(-3.49,2.775,1.43988764291));
#10175 = LINE('',#10176,#10177);
#10176 = CARTESIAN_POINT('',(-4.237701336216,2.775,1.43988764291));
#10177 = VECTOR('',#10178,1.);
#10178 = DIRECTION('',(1.,0.,-1.110223024625E-16));
#10179 = ORIENTED_EDGE('',*,*,#10180,.T.);
#10180 = EDGE_CURVE('',#10173,#10181,#10183,.T.);
#10181 = VERTEX_POINT('',#10182);
#10182 = CARTESIAN_POINT('',(-3.49,2.775,0.93988764291));
#10183 = LINE('',#10184,#10185);
#10184 = CARTESIAN_POINT('',(-3.49,2.775,0.437372862773));
#10185 = VECTOR('',#10186,1.);
#10186 = DIRECTION('',(0.,-5.472315783042E-31,-1.));
#10187 = ORIENTED_EDGE('',*,*,#10188,.T.);
#10188 = EDGE_CURVE('',#10181,#10145,#10189,.T.);
#10189 = LINE('',#10190,#10191);
#10190 = CARTESIAN_POINT('',(-2.237701336216,2.775,0.93988764291));
#10191 = VECTOR('',#10192,1.);
#10192 = DIRECTION('',(-1.,0.,1.110223024625E-16));
#10193 = PLANE('',#10194);
#10194 = AXIS2_PLACEMENT_3D('',#10195,#10196,#10197);
#10195 = CARTESIAN_POINT('',(-4.091426690538,2.775,0.874745725546));
#10196 = DIRECTION('',(1.925014880134E-31,1.,-5.472315783042E-31));
#10197 = DIRECTION('',(0.,5.472315783042E-31,1.));
#10198 = ADVANCED_FACE('',(#10199),#10259,.F.);
#10199 = FACE_BOUND('',#10200,.F.);
#10200 = EDGE_LOOP('',(#10201,#10209,#10218,#10226,#10235,#10243,#10252,
    #10258));
#10201 = ORIENTED_EDGE('',*,*,#10202,.F.);
#10202 = EDGE_CURVE('',#10203,#10147,#10205,.T.);
#10203 = VERTEX_POINT('',#10204);
#10204 = CARTESIAN_POINT('',(-4.24,2.655,0.939877074976));
#10205 = LINE('',#10206,#10207);
#10206 = CARTESIAN_POINT('',(-4.24,2.775,0.939877074976));
#10207 = VECTOR('',#10208,1.);
#10208 = DIRECTION('',(0.,1.,0.));
#10209 = ORIENTED_EDGE('',*,*,#10210,.T.);
#10210 = EDGE_CURVE('',#10203,#10211,#10213,.T.);
#10211 = VERTEX_POINT('',#10212);
#10212 = CARTESIAN_POINT('',(-4.472624491413,2.655,0.775392678742));
#10213 = CIRCLE('',#10214,0.25);
#10214 = AXIS2_PLACEMENT_3D('',#10215,#10216,#10217);
#10215 = CARTESIAN_POINT('',(-4.237701336216,2.655,0.68988764291));
#10216 = DIRECTION('',(0.,-1.,0.));
#10217 = DIRECTION('',(-3.5527136788E-15,0.,1.));
#10218 = ORIENTED_EDGE('',*,*,#10219,.T.);
#10219 = EDGE_CURVE('',#10211,#10220,#10222,.T.);
#10220 = VERTEX_POINT('',#10221);
#10221 = CARTESIAN_POINT('',(-4.472624491413,1.905,0.775392678742));
#10222 = LINE('',#10223,#10224);
#10223 = CARTESIAN_POINT('',(-4.472624491413,2.655,0.775392678742));
#10224 = VECTOR('',#10225,1.);
#10225 = DIRECTION('',(0.,-1.,0.));
#10226 = ORIENTED_EDGE('',*,*,#10227,.F.);
#10227 = EDGE_CURVE('',#10228,#10220,#10230,.T.);
#10228 = VERTEX_POINT('',#10229);
#10229 = CARTESIAN_POINT('',(-4.24,1.905,0.939877074976));
#10230 = CIRCLE('',#10231,0.25);
#10231 = AXIS2_PLACEMENT_3D('',#10232,#10233,#10234);
#10232 = CARTESIAN_POINT('',(-4.237701336216,1.905,0.68988764291));
#10233 = DIRECTION('',(0.,-1.,0.));
#10234 = DIRECTION('',(-3.5527136788E-15,0.,1.));
#10235 = ORIENTED_EDGE('',*,*,#10236,.F.);
#10236 = EDGE_CURVE('',#10237,#10228,#10239,.T.);
#10237 = VERTEX_POINT('',#10238);
#10238 = CARTESIAN_POINT('',(-4.24,1.785,0.939877074976));
#10239 = LINE('',#10240,#10241);
#10240 = CARTESIAN_POINT('',(-4.24,2.775,0.939877074976));
#10241 = VECTOR('',#10242,1.);
#10242 = DIRECTION('',(0.,1.,0.));
#10243 = ORIENTED_EDGE('',*,*,#10244,.F.);
#10244 = EDGE_CURVE('',#10245,#10237,#10247,.T.);
#10245 = VERTEX_POINT('',#10246);
#10246 = CARTESIAN_POINT('',(-4.237701336216,1.785,0.93988764291));
#10247 = CIRCLE('',#10248,0.25);
#10248 = AXIS2_PLACEMENT_3D('',#10249,#10250,#10251);
#10249 = CARTESIAN_POINT('',(-4.237701336216,1.785,0.68988764291));
#10250 = DIRECTION('',(0.,-1.,0.));
#10251 = DIRECTION('',(-3.5527136788E-15,0.,1.));
#10252 = ORIENTED_EDGE('',*,*,#10253,.F.);
#10253 = EDGE_CURVE('',#10145,#10245,#10254,.T.);
#10254 = LINE('',#10255,#10256);
#10255 = CARTESIAN_POINT('',(-4.237701336216,2.775,0.93988764291));
#10256 = VECTOR('',#10257,1.);
#10257 = DIRECTION('',(0.,-1.,0.));
#10258 = ORIENTED_EDGE('',*,*,#10144,.T.);
#10259 = CYLINDRICAL_SURFACE('',#10260,0.25);
#10260 = AXIS2_PLACEMENT_3D('',#10261,#10262,#10263);
#10261 = CARTESIAN_POINT('',(-4.237701336216,2.775,0.68988764291));
#10262 = DIRECTION('',(0.,1.,0.));
#10263 = DIRECTION('',(-3.5527136788E-15,0.,1.));
#10264 = ADVANCED_FACE('',(#10265),#10315,.T.);
#10265 = FACE_BOUND('',#10266,.T.);
#10266 = EDGE_LOOP('',(#10267,#10268,#10276,#10284,#10292,#10300,#10308,
    #10314));
#10267 = ORIENTED_EDGE('',*,*,#10188,.F.);
#10268 = ORIENTED_EDGE('',*,*,#10269,.T.);
#10269 = EDGE_CURVE('',#10181,#10270,#10272,.T.);
#10270 = VERTEX_POINT('',#10271);
#10271 = CARTESIAN_POINT('',(-3.49,2.655,0.93988764291));
#10272 = LINE('',#10273,#10274);
#10273 = CARTESIAN_POINT('',(-3.49,3.0125,0.93988764291));
#10274 = VECTOR('',#10275,1.);
#10275 = DIRECTION('',(0.,-1.,0.));
#10276 = ORIENTED_EDGE('',*,*,#10277,.F.);
#10277 = EDGE_CURVE('',#10278,#10270,#10280,.T.);
#10278 = VERTEX_POINT('',#10279);
#10279 = CARTESIAN_POINT('',(-2.237701336216,2.655,0.93988764291));
#10280 = LINE('',#10281,#10282);
#10281 = CARTESIAN_POINT('',(-2.237701336216,2.655,0.93988764291));
#10282 = VECTOR('',#10283,1.);
#10283 = DIRECTION('',(-1.,0.,1.110223024625E-16));
#10284 = ORIENTED_EDGE('',*,*,#10285,.T.);
#10285 = EDGE_CURVE('',#10278,#10286,#10288,.T.);
#10286 = VERTEX_POINT('',#10287);
#10287 = CARTESIAN_POINT('',(-2.237701336216,1.905,0.93988764291));
#10288 = LINE('',#10289,#10290);
#10289 = CARTESIAN_POINT('',(-2.237701336216,2.655,0.93988764291));
#10290 = VECTOR('',#10291,1.);
#10291 = DIRECTION('',(0.,-1.,0.));
#10292 = ORIENTED_EDGE('',*,*,#10293,.T.);
#10293 = EDGE_CURVE('',#10286,#10294,#10296,.T.);
#10294 = VERTEX_POINT('',#10295);
#10295 = CARTESIAN_POINT('',(-3.49,1.905,0.93988764291));
#10296 = LINE('',#10297,#10298);
#10297 = CARTESIAN_POINT('',(-2.237701336216,1.905,0.93988764291));
#10298 = VECTOR('',#10299,1.);
#10299 = DIRECTION('',(-1.,0.,1.110223024625E-16));
#10300 = ORIENTED_EDGE('',*,*,#10301,.T.);
#10301 = EDGE_CURVE('',#10294,#10302,#10304,.T.);
#10302 = VERTEX_POINT('',#10303);
#10303 = CARTESIAN_POINT('',(-3.49,1.785,0.93988764291));
#10304 = LINE('',#10305,#10306);
#10305 = CARTESIAN_POINT('',(-3.49,3.0125,0.93988764291));
#10306 = VECTOR('',#10307,1.);
#10307 = DIRECTION('',(0.,-1.,0.));
#10308 = ORIENTED_EDGE('',*,*,#10309,.T.);
#10309 = EDGE_CURVE('',#10302,#10245,#10310,.T.);
#10310 = LINE('',#10311,#10312);
#10311 = CARTESIAN_POINT('',(-2.237701336216,1.785,0.93988764291));
#10312 = VECTOR('',#10313,1.);
#10313 = DIRECTION('',(-1.,0.,1.110223024625E-16));
#10314 = ORIENTED_EDGE('',*,*,#10253,.F.);
#10315 = PLANE('',#10316);
#10316 = AXIS2_PLACEMENT_3D('',#10317,#10318,#10319);
#10317 = CARTESIAN_POINT('',(-2.237701336216,2.775,0.93988764291));
#10318 = DIRECTION('',(-1.110223024625E-16,-0.,-1.));
#10319 = DIRECTION('',(-1.,0.,1.110223024625E-16));
#10320 = ADVANCED_FACE('',(#10321),#10339,.T.);
#10321 = FACE_BOUND('',#10322,.T.);
#10322 = EDGE_LOOP('',(#10323,#10324,#10332,#10338));
#10323 = ORIENTED_EDGE('',*,*,#10180,.F.);
#10324 = ORIENTED_EDGE('',*,*,#10325,.F.);
#10325 = EDGE_CURVE('',#10326,#10173,#10328,.T.);
#10326 = VERTEX_POINT('',#10327);
#10327 = CARTESIAN_POINT('',(-3.49,2.655,1.43988764291));
#10328 = LINE('',#10329,#10330);
#10329 = CARTESIAN_POINT('',(-3.49,3.0125,1.43988764291));
#10330 = VECTOR('',#10331,1.);
#10331 = DIRECTION('',(0.,1.,0.));
#10332 = ORIENTED_EDGE('',*,*,#10333,.T.);
#10333 = EDGE_CURVE('',#10326,#10270,#10334,.T.);
#10334 = LINE('',#10335,#10336);
#10335 = CARTESIAN_POINT('',(-3.49,2.655,0.437372862773));
#10336 = VECTOR('',#10337,1.);
#10337 = DIRECTION('',(0.,-5.472315783042E-31,-1.));
#10338 = ORIENTED_EDGE('',*,*,#10269,.F.);
#10339 = PLANE('',#10340);
#10340 = AXIS2_PLACEMENT_3D('',#10341,#10342,#10343);
#10341 = CARTESIAN_POINT('',(-3.49,3.25,0.));
#10342 = DIRECTION('',(1.,0.,0.));
#10343 = DIRECTION('',(0.,-1.,0.));
#10344 = ADVANCED_FACE('',(#10345),#10395,.T.);
#10345 = FACE_BOUND('',#10346,.T.);
#10346 = EDGE_LOOP('',(#10347,#10348,#10356,#10364,#10372,#10380,#10388,
    #10394));
#10347 = ORIENTED_EDGE('',*,*,#10172,.F.);
#10348 = ORIENTED_EDGE('',*,*,#10349,.T.);
#10349 = EDGE_CURVE('',#10164,#10350,#10352,.T.);
#10350 = VERTEX_POINT('',#10351);
#10351 = CARTESIAN_POINT('',(-4.237701336216,1.785,1.43988764291));
#10352 = LINE('',#10353,#10354);
#10353 = CARTESIAN_POINT('',(-4.237701336216,2.775,1.43988764291));
#10354 = VECTOR('',#10355,1.);
#10355 = DIRECTION('',(0.,-1.,0.));
#10356 = ORIENTED_EDGE('',*,*,#10357,.T.);
#10357 = EDGE_CURVE('',#10350,#10358,#10360,.T.);
#10358 = VERTEX_POINT('',#10359);
#10359 = CARTESIAN_POINT('',(-3.49,1.785,1.43988764291));
#10360 = LINE('',#10361,#10362);
#10361 = CARTESIAN_POINT('',(-4.237701336216,1.785,1.43988764291));
#10362 = VECTOR('',#10363,1.);
#10363 = DIRECTION('',(1.,0.,-1.110223024625E-16));
#10364 = ORIENTED_EDGE('',*,*,#10365,.T.);
#10365 = EDGE_CURVE('',#10358,#10366,#10368,.T.);
#10366 = VERTEX_POINT('',#10367);
#10367 = CARTESIAN_POINT('',(-3.49,1.905,1.43988764291));
#10368 = LINE('',#10369,#10370);
#10369 = CARTESIAN_POINT('',(-3.49,3.0125,1.43988764291));
#10370 = VECTOR('',#10371,1.);
#10371 = DIRECTION('',(0.,1.,0.));
#10372 = ORIENTED_EDGE('',*,*,#10373,.T.);
#10373 = EDGE_CURVE('',#10366,#10374,#10376,.T.);
#10374 = VERTEX_POINT('',#10375);
#10375 = CARTESIAN_POINT('',(-2.237701336216,1.905,1.43988764291));
#10376 = LINE('',#10377,#10378);
#10377 = CARTESIAN_POINT('',(-4.237701336216,1.905,1.43988764291));
#10378 = VECTOR('',#10379,1.);
#10379 = DIRECTION('',(1.,0.,-1.110223024625E-16));
#10380 = ORIENTED_EDGE('',*,*,#10381,.F.);
#10381 = EDGE_CURVE('',#10382,#10374,#10384,.T.);
#10382 = VERTEX_POINT('',#10383);
#10383 = CARTESIAN_POINT('',(-2.237701336216,2.655,1.43988764291));
#10384 = LINE('',#10385,#10386);
#10385 = CARTESIAN_POINT('',(-2.237701336216,2.655,1.43988764291));
#10386 = VECTOR('',#10387,1.);
#10387 = DIRECTION('',(0.,-1.,0.));
#10388 = ORIENTED_EDGE('',*,*,#10389,.F.);
#10389 = EDGE_CURVE('',#10326,#10382,#10390,.T.);
#10390 = LINE('',#10391,#10392);
#10391 = CARTESIAN_POINT('',(-4.237701336216,2.655,1.43988764291));
#10392 = VECTOR('',#10393,1.);
#10393 = DIRECTION('',(1.,0.,-1.110223024625E-16));
#10394 = ORIENTED_EDGE('',*,*,#10325,.T.);
#10395 = PLANE('',#10396);
#10396 = AXIS2_PLACEMENT_3D('',#10397,#10398,#10399);
#10397 = CARTESIAN_POINT('',(-4.237701336216,2.775,1.43988764291));
#10398 = DIRECTION('',(1.110223024625E-16,0.,1.));
#10399 = DIRECTION('',(1.,0.,-1.110223024625E-16));
#10400 = ADVANCED_FACE('',(#10401),#10454,.T.);
#10401 = FACE_BOUND('',#10402,.T.);
#10402 = EDGE_LOOP('',(#10403,#10404,#10412,#10421,#10429,#10438,#10446,
    #10453));
#10403 = ORIENTED_EDGE('',*,*,#10163,.F.);
#10404 = ORIENTED_EDGE('',*,*,#10405,.F.);
#10405 = EDGE_CURVE('',#10406,#10156,#10408,.T.);
#10406 = VERTEX_POINT('',#10407);
#10407 = CARTESIAN_POINT('',(-4.24,2.655,1.439884120332));
#10408 = LINE('',#10409,#10410);
#10409 = CARTESIAN_POINT('',(-4.24,2.775,1.439884120332));
#10410 = VECTOR('',#10411,1.);
#10411 = DIRECTION('',(0.,1.,0.));
#10412 = ORIENTED_EDGE('',*,*,#10413,.F.);
#10413 = EDGE_CURVE('',#10414,#10406,#10416,.T.);
#10414 = VERTEX_POINT('',#10415);
#10415 = CARTESIAN_POINT('',(-4.942470801806,2.655,0.946402750404));
#10416 = CIRCLE('',#10417,0.75);
#10417 = AXIS2_PLACEMENT_3D('',#10418,#10419,#10420);
#10418 = CARTESIAN_POINT('',(-4.237701336216,2.655,0.68988764291));
#10419 = DIRECTION('',(0.,1.,-0.));
#10420 = DIRECTION('',(-0.939692620786,0.,0.342020143326));
#10421 = ORIENTED_EDGE('',*,*,#10422,.T.);
#10422 = EDGE_CURVE('',#10414,#10423,#10425,.T.);
#10423 = VERTEX_POINT('',#10424);
#10424 = CARTESIAN_POINT('',(-4.942470801806,1.905,0.946402750404));
#10425 = LINE('',#10426,#10427);
#10426 = CARTESIAN_POINT('',(-4.942470801806,2.655,0.946402750404));
#10427 = VECTOR('',#10428,1.);
#10428 = DIRECTION('',(0.,-1.,0.));
#10429 = ORIENTED_EDGE('',*,*,#10430,.T.);
#10430 = EDGE_CURVE('',#10423,#10431,#10433,.T.);
#10431 = VERTEX_POINT('',#10432);
#10432 = CARTESIAN_POINT('',(-4.24,1.905,1.439884120332));
#10433 = CIRCLE('',#10434,0.75);
#10434 = AXIS2_PLACEMENT_3D('',#10435,#10436,#10437);
#10435 = CARTESIAN_POINT('',(-4.237701336216,1.905,0.68988764291));
#10436 = DIRECTION('',(0.,1.,-0.));
#10437 = DIRECTION('',(-0.939692620786,0.,0.342020143326));
#10438 = ORIENTED_EDGE('',*,*,#10439,.F.);
#10439 = EDGE_CURVE('',#10440,#10431,#10442,.T.);
#10440 = VERTEX_POINT('',#10441);
#10441 = CARTESIAN_POINT('',(-4.24,1.785,1.439884120332));
#10442 = LINE('',#10443,#10444);
#10443 = CARTESIAN_POINT('',(-4.24,2.775,1.439884120332));
#10444 = VECTOR('',#10445,1.);
#10445 = DIRECTION('',(0.,1.,0.));
#10446 = ORIENTED_EDGE('',*,*,#10447,.T.);
#10447 = EDGE_CURVE('',#10440,#10350,#10448,.T.);
#10448 = CIRCLE('',#10449,0.75);
#10449 = AXIS2_PLACEMENT_3D('',#10450,#10451,#10452);
#10450 = CARTESIAN_POINT('',(-4.237701336216,1.785,0.68988764291));
#10451 = DIRECTION('',(0.,1.,-0.));
#10452 = DIRECTION('',(-0.939692620786,0.,0.342020143326));
#10453 = ORIENTED_EDGE('',*,*,#10349,.F.);
#10454 = CYLINDRICAL_SURFACE('',#10455,0.75);
#10455 = AXIS2_PLACEMENT_3D('',#10456,#10457,#10458);
#10456 = CARTESIAN_POINT('',(-4.237701336216,2.775,0.68988764291));
#10457 = DIRECTION('',(0.,1.,0.));
#10458 = DIRECTION('',(-0.939692620786,0.,0.342020143326));
#10459 = ADVANCED_FACE('',(#10460),#10471,.T.);
#10460 = FACE_BOUND('',#10461,.T.);
#10461 = EDGE_LOOP('',(#10462,#10463,#10464,#10470));
#10462 = ORIENTED_EDGE('',*,*,#10155,.F.);
#10463 = ORIENTED_EDGE('',*,*,#10202,.F.);
#10464 = ORIENTED_EDGE('',*,*,#10465,.T.);
#10465 = EDGE_CURVE('',#10203,#10406,#10466,.T.);
#10466 = LINE('',#10467,#10468);
#10467 = CARTESIAN_POINT('',(-4.24,2.655,0.437372862773));
#10468 = VECTOR('',#10469,1.);
#10469 = DIRECTION('',(0.,5.472315783042E-31,1.));
#10470 = ORIENTED_EDGE('',*,*,#10405,.T.);
#10471 = PLANE('',#10472);
#10472 = AXIS2_PLACEMENT_3D('',#10473,#10474,#10475);
#10473 = CARTESIAN_POINT('',(-4.24,-3.25,0.));
#10474 = DIRECTION('',(-1.,0.,0.));
#10475 = DIRECTION('',(0.,1.,0.));
#10476 = ADVANCED_FACE('',(#10477),#10488,.T.);
#10477 = FACE_BOUND('',#10478,.T.);
#10478 = EDGE_LOOP('',(#10479,#10480,#10481,#10487));
#10479 = ORIENTED_EDGE('',*,*,#10333,.F.);
#10480 = ORIENTED_EDGE('',*,*,#10389,.T.);
#10481 = ORIENTED_EDGE('',*,*,#10482,.T.);
#10482 = EDGE_CURVE('',#10382,#10278,#10483,.T.);
#10483 = LINE('',#10484,#10485);
#10484 = CARTESIAN_POINT('',(-2.237701336216,2.655,1.43988764291));
#10485 = VECTOR('',#10486,1.);
#10486 = DIRECTION('',(0.,0.,-1.));
#10487 = ORIENTED_EDGE('',*,*,#10277,.T.);
#10488 = PLANE('',#10489);
#10489 = AXIS2_PLACEMENT_3D('',#10490,#10491,#10492);
#10490 = CARTESIAN_POINT('',(-4.091426690538,2.655,0.874745725546));
#10491 = DIRECTION('',(1.925014880134E-31,1.,-5.472315783042E-31));
#10492 = DIRECTION('',(0.,5.472315783042E-31,1.));
#10493 = ADVANCED_FACE('',(#10494),#10555,.T.);
#10494 = FACE_BOUND('',#10495,.T.);
#10495 = EDGE_LOOP('',(#10496,#10506,#10514,#10523,#10529,#10530,#10531,
    #10532,#10540,#10549));
#10496 = ORIENTED_EDGE('',*,*,#10497,.T.);
#10497 = EDGE_CURVE('',#10498,#10500,#10502,.T.);
#10498 = VERTEX_POINT('',#10499);
#10499 = CARTESIAN_POINT('',(-5.79,2.655,-2.70609920631E-16));
#10500 = VERTEX_POINT('',#10501);
#10501 = CARTESIAN_POINT('',(-5.79,2.655,0.5));
#10502 = LINE('',#10503,#10504);
#10503 = CARTESIAN_POINT('',(-5.79,2.655,-2.70609920631E-16));
#10504 = VECTOR('',#10505,1.);
#10505 = DIRECTION('',(1.7763568394E-15,0.,1.));
#10506 = ORIENTED_EDGE('',*,*,#10507,.T.);
#10507 = EDGE_CURVE('',#10500,#10508,#10510,.T.);
#10508 = VERTEX_POINT('',#10509);
#10509 = CARTESIAN_POINT('',(-5.28,2.655,0.5));
#10510 = LINE('',#10511,#10512);
#10511 = CARTESIAN_POINT('',(-5.79,2.655,0.5));
#10512 = VECTOR('',#10513,1.);
#10513 = DIRECTION('',(1.,0.,0.));
#10514 = ORIENTED_EDGE('',*,*,#10515,.T.);
#10515 = EDGE_CURVE('',#10508,#10516,#10518,.T.);
#10516 = VERTEX_POINT('',#10517);
#10517 = CARTESIAN_POINT('',(-5.045076844804,2.655,0.664494964169));
#10518 = CIRCLE('',#10519,0.25);
#10519 = AXIS2_PLACEMENT_3D('',#10520,#10521,#10522);
#10520 = CARTESIAN_POINT('',(-5.28,2.655,0.75));
#10521 = DIRECTION('',(0.,-1.,0.));
#10522 = DIRECTION('',(0.,0.,-1.));
#10523 = ORIENTED_EDGE('',*,*,#10524,.T.);
#10524 = EDGE_CURVE('',#10516,#10414,#10525,.T.);
#10525 = LINE('',#10526,#10527);
#10526 = CARTESIAN_POINT('',(-5.045076844804,2.655,0.664494964169));
#10527 = VECTOR('',#10528,1.);
#10528 = DIRECTION('',(0.342020143326,0.,0.939692620786));
#10529 = ORIENTED_EDGE('',*,*,#10413,.T.);
#10530 = ORIENTED_EDGE('',*,*,#10465,.F.);
#10531 = ORIENTED_EDGE('',*,*,#10210,.T.);
#10532 = ORIENTED_EDGE('',*,*,#10533,.T.);
#10533 = EDGE_CURVE('',#10211,#10534,#10536,.T.);
#10534 = VERTEX_POINT('',#10535);
#10535 = CARTESIAN_POINT('',(-4.575230534411,2.655,0.493484892506));
#10536 = LINE('',#10537,#10538);
#10537 = CARTESIAN_POINT('',(-4.472624491413,2.655,0.775392678742));
#10538 = VECTOR('',#10539,1.);
#10539 = DIRECTION('',(-0.342020143326,0.,-0.939692620786));
#10540 = ORIENTED_EDGE('',*,*,#10541,.T.);
#10541 = EDGE_CURVE('',#10534,#10542,#10544,.T.);
#10542 = VERTEX_POINT('',#10543);
#10543 = CARTESIAN_POINT('',(-5.28,2.655,-2.22044604925E-16));
#10544 = CIRCLE('',#10545,0.75);
#10545 = AXIS2_PLACEMENT_3D('',#10546,#10547,#10548);
#10546 = CARTESIAN_POINT('',(-5.28,2.655,0.75));
#10547 = DIRECTION('',(0.,1.,0.));
#10548 = DIRECTION('',(0.939692620786,0.,-0.342020143326));
#10549 = ORIENTED_EDGE('',*,*,#10550,.T.);
#10550 = EDGE_CURVE('',#10542,#10498,#10551,.T.);
#10551 = LINE('',#10552,#10553);
#10552 = CARTESIAN_POINT('',(-5.28,2.655,-2.22044604925E-16));
#10553 = VECTOR('',#10554,1.);
#10554 = DIRECTION('',(-1.,0.,-9.522610922745E-17));
#10555 = PLANE('',#10556);
#10556 = AXIS2_PLACEMENT_3D('',#10557,#10558,#10559);
#10557 = CARTESIAN_POINT('',(-4.091426690538,2.655,0.874745725546));
#10558 = DIRECTION('',(1.925014880134E-31,1.,-5.472315783042E-31));
#10559 = DIRECTION('',(0.,5.472315783042E-31,1.));
#10560 = ADVANCED_FACE('',(#10561),#10572,.T.);
#10561 = FACE_BOUND('',#10562,.T.);
#10562 = EDGE_LOOP('',(#10563,#10564,#10570,#10571));
#10563 = ORIENTED_EDGE('',*,*,#10381,.T.);
#10564 = ORIENTED_EDGE('',*,*,#10565,.T.);
#10565 = EDGE_CURVE('',#10374,#10286,#10566,.T.);
#10566 = LINE('',#10567,#10568);
#10567 = CARTESIAN_POINT('',(-2.237701336216,1.905,1.43988764291));
#10568 = VECTOR('',#10569,1.);
#10569 = DIRECTION('',(0.,0.,-1.));
#10570 = ORIENTED_EDGE('',*,*,#10285,.F.);
#10571 = ORIENTED_EDGE('',*,*,#10482,.F.);
#10572 = PLANE('',#10573);
#10573 = AXIS2_PLACEMENT_3D('',#10574,#10575,#10576);
#10574 = CARTESIAN_POINT('',(-2.237701336216,2.655,1.43988764291));
#10575 = DIRECTION('',(1.,0.,0.));
#10576 = DIRECTION('',(0.,0.,-1.));
#10577 = ADVANCED_FACE('',(#10578),#10603,.T.);
#10578 = FACE_BOUND('',#10579,.T.);
#10579 = EDGE_LOOP('',(#10580,#10588,#10596,#10602));
#10580 = ORIENTED_EDGE('',*,*,#10581,.T.);
#10581 = EDGE_CURVE('',#10498,#10582,#10584,.T.);
#10582 = VERTEX_POINT('',#10583);
#10583 = CARTESIAN_POINT('',(-5.79,1.905,-2.70609920631E-16));
#10584 = LINE('',#10585,#10586);
#10585 = CARTESIAN_POINT('',(-5.79,2.655,-2.70609920631E-16));
#10586 = VECTOR('',#10587,1.);
#10587 = DIRECTION('',(0.,-1.,0.));
#10588 = ORIENTED_EDGE('',*,*,#10589,.T.);
#10589 = EDGE_CURVE('',#10582,#10590,#10592,.T.);
#10590 = VERTEX_POINT('',#10591);
#10591 = CARTESIAN_POINT('',(-5.79,1.905,0.5));
#10592 = LINE('',#10593,#10594);
#10593 = CARTESIAN_POINT('',(-5.79,1.905,-2.70609920631E-16));
#10594 = VECTOR('',#10595,1.);
#10595 = DIRECTION('',(1.7763568394E-15,0.,1.));
#10596 = ORIENTED_EDGE('',*,*,#10597,.F.);
#10597 = EDGE_CURVE('',#10500,#10590,#10598,.T.);
#10598 = LINE('',#10599,#10600);
#10599 = CARTESIAN_POINT('',(-5.79,2.655,0.5));
#10600 = VECTOR('',#10601,1.);
#10601 = DIRECTION('',(0.,-1.,0.));
#10602 = ORIENTED_EDGE('',*,*,#10497,.F.);
#10603 = PLANE('',#10604);
#10604 = AXIS2_PLACEMENT_3D('',#10605,#10606,#10607);
#10605 = CARTESIAN_POINT('',(-5.79,2.655,-2.70609920631E-16));
#10606 = DIRECTION('',(-1.,0.,1.7763568394E-15));
#10607 = DIRECTION('',(1.7763568394E-15,0.,1.));
#10608 = ADVANCED_FACE('',(#10609),#10627,.T.);
#10609 = FACE_BOUND('',#10610,.T.);
#10610 = EDGE_LOOP('',(#10611,#10619,#10625,#10626));
#10611 = ORIENTED_EDGE('',*,*,#10612,.T.);
#10612 = EDGE_CURVE('',#10542,#10613,#10615,.T.);
#10613 = VERTEX_POINT('',#10614);
#10614 = CARTESIAN_POINT('',(-5.28,1.905,-2.22044604925E-16));
#10615 = LINE('',#10616,#10617);
#10616 = CARTESIAN_POINT('',(-5.28,2.655,-2.22044604925E-16));
#10617 = VECTOR('',#10618,1.);
#10618 = DIRECTION('',(0.,-1.,0.));
#10619 = ORIENTED_EDGE('',*,*,#10620,.T.);
#10620 = EDGE_CURVE('',#10613,#10582,#10621,.T.);
#10621 = LINE('',#10622,#10623);
#10622 = CARTESIAN_POINT('',(-5.28,1.905,-2.22044604925E-16));
#10623 = VECTOR('',#10624,1.);
#10624 = DIRECTION('',(-1.,0.,-9.522610922745E-17));
#10625 = ORIENTED_EDGE('',*,*,#10581,.F.);
#10626 = ORIENTED_EDGE('',*,*,#10550,.F.);
#10627 = PLANE('',#10628);
#10628 = AXIS2_PLACEMENT_3D('',#10629,#10630,#10631);
#10629 = CARTESIAN_POINT('',(-5.28,2.655,-2.22044604925E-16));
#10630 = DIRECTION('',(9.522610922745E-17,0.,-1.));
#10631 = DIRECTION('',(-1.,0.,-9.522610922745E-17));
#10632 = ADVANCED_FACE('',(#10633),#10652,.T.);
#10633 = FACE_BOUND('',#10634,.T.);
#10634 = EDGE_LOOP('',(#10635,#10643,#10650,#10651));
#10635 = ORIENTED_EDGE('',*,*,#10636,.T.);
#10636 = EDGE_CURVE('',#10534,#10637,#10639,.T.);
#10637 = VERTEX_POINT('',#10638);
#10638 = CARTESIAN_POINT('',(-4.575230534411,1.905,0.493484892506));
#10639 = LINE('',#10640,#10641);
#10640 = CARTESIAN_POINT('',(-4.575230534411,2.655,0.493484892506));
#10641 = VECTOR('',#10642,1.);
#10642 = DIRECTION('',(0.,-1.,0.));
#10643 = ORIENTED_EDGE('',*,*,#10644,.T.);
#10644 = EDGE_CURVE('',#10637,#10613,#10645,.T.);
#10645 = CIRCLE('',#10646,0.75);
#10646 = AXIS2_PLACEMENT_3D('',#10647,#10648,#10649);
#10647 = CARTESIAN_POINT('',(-5.28,1.905,0.75));
#10648 = DIRECTION('',(0.,1.,0.));
#10649 = DIRECTION('',(0.939692620786,0.,-0.342020143326));
#10650 = ORIENTED_EDGE('',*,*,#10612,.F.);
#10651 = ORIENTED_EDGE('',*,*,#10541,.F.);
#10652 = CYLINDRICAL_SURFACE('',#10653,0.75);
#10653 = AXIS2_PLACEMENT_3D('',#10654,#10655,#10656);
#10654 = CARTESIAN_POINT('',(-5.28,2.655,0.75));
#10655 = DIRECTION('',(0.,1.,0.));
#10656 = DIRECTION('',(0.939692620786,0.,-0.342020143326));
#10657 = ADVANCED_FACE('',(#10658),#10669,.T.);
#10658 = FACE_BOUND('',#10659,.T.);
#10659 = EDGE_LOOP('',(#10660,#10661,#10667,#10668));
#10660 = ORIENTED_EDGE('',*,*,#10219,.T.);
#10661 = ORIENTED_EDGE('',*,*,#10662,.T.);
#10662 = EDGE_CURVE('',#10220,#10637,#10663,.T.);
#10663 = LINE('',#10664,#10665);
#10664 = CARTESIAN_POINT('',(-4.472624491413,1.905,0.775392678742));
#10665 = VECTOR('',#10666,1.);
#10666 = DIRECTION('',(-0.342020143326,0.,-0.939692620786));
#10667 = ORIENTED_EDGE('',*,*,#10636,.F.);
#10668 = ORIENTED_EDGE('',*,*,#10533,.F.);
#10669 = PLANE('',#10670);
#10670 = AXIS2_PLACEMENT_3D('',#10671,#10672,#10673);
#10671 = CARTESIAN_POINT('',(-4.472624491413,2.655,0.775392678742));
#10672 = DIRECTION('',(0.939692620786,0.,-0.342020143326));
#10673 = DIRECTION('',(-0.342020143326,0.,-0.939692620786));
#10674 = ADVANCED_FACE('',(#10675),#10693,.T.);
#10675 = FACE_BOUND('',#10676,.T.);
#10676 = EDGE_LOOP('',(#10677,#10685,#10691,#10692));
#10677 = ORIENTED_EDGE('',*,*,#10678,.T.);
#10678 = EDGE_CURVE('',#10516,#10679,#10681,.T.);
#10679 = VERTEX_POINT('',#10680);
#10680 = CARTESIAN_POINT('',(-5.045076844804,1.905,0.664494964169));
#10681 = LINE('',#10682,#10683);
#10682 = CARTESIAN_POINT('',(-5.045076844804,2.655,0.664494964169));
#10683 = VECTOR('',#10684,1.);
#10684 = DIRECTION('',(0.,-1.,0.));
#10685 = ORIENTED_EDGE('',*,*,#10686,.T.);
#10686 = EDGE_CURVE('',#10679,#10423,#10687,.T.);
#10687 = LINE('',#10688,#10689);
#10688 = CARTESIAN_POINT('',(-5.045076844804,1.905,0.664494964169));
#10689 = VECTOR('',#10690,1.);
#10690 = DIRECTION('',(0.342020143326,0.,0.939692620786));
#10691 = ORIENTED_EDGE('',*,*,#10422,.F.);
#10692 = ORIENTED_EDGE('',*,*,#10524,.F.);
#10693 = PLANE('',#10694);
#10694 = AXIS2_PLACEMENT_3D('',#10695,#10696,#10697);
#10695 = CARTESIAN_POINT('',(-5.045076844804,2.655,0.664494964169));
#10696 = DIRECTION('',(-0.939692620786,0.,0.342020143326));
#10697 = DIRECTION('',(0.342020143326,0.,0.939692620786));
#10698 = ADVANCED_FACE('',(#10699),#10718,.F.);
#10699 = FACE_BOUND('',#10700,.F.);
#10700 = EDGE_LOOP('',(#10701,#10702,#10703,#10712));
#10701 = ORIENTED_EDGE('',*,*,#10515,.T.);
#10702 = ORIENTED_EDGE('',*,*,#10678,.T.);
#10703 = ORIENTED_EDGE('',*,*,#10704,.F.);
#10704 = EDGE_CURVE('',#10705,#10679,#10707,.T.);
#10705 = VERTEX_POINT('',#10706);
#10706 = CARTESIAN_POINT('',(-5.28,1.905,0.5));
#10707 = CIRCLE('',#10708,0.25);
#10708 = AXIS2_PLACEMENT_3D('',#10709,#10710,#10711);
#10709 = CARTESIAN_POINT('',(-5.28,1.905,0.75));
#10710 = DIRECTION('',(0.,-1.,0.));
#10711 = DIRECTION('',(0.,0.,-1.));
#10712 = ORIENTED_EDGE('',*,*,#10713,.F.);
#10713 = EDGE_CURVE('',#10508,#10705,#10714,.T.);
#10714 = LINE('',#10715,#10716);
#10715 = CARTESIAN_POINT('',(-5.28,2.655,0.5));
#10716 = VECTOR('',#10717,1.);
#10717 = DIRECTION('',(0.,-1.,0.));
#10718 = CYLINDRICAL_SURFACE('',#10719,0.25);
#10719 = AXIS2_PLACEMENT_3D('',#10720,#10721,#10722);
#10720 = CARTESIAN_POINT('',(-5.28,2.655,0.75));
#10721 = DIRECTION('',(0.,1.,0.));
#10722 = DIRECTION('',(0.,0.,-1.));
#10723 = ADVANCED_FACE('',(#10724),#10735,.T.);
#10724 = FACE_BOUND('',#10725,.T.);
#10725 = EDGE_LOOP('',(#10726,#10727,#10733,#10734));
#10726 = ORIENTED_EDGE('',*,*,#10597,.T.);
#10727 = ORIENTED_EDGE('',*,*,#10728,.T.);
#10728 = EDGE_CURVE('',#10590,#10705,#10729,.T.);
#10729 = LINE('',#10730,#10731);
#10730 = CARTESIAN_POINT('',(-5.79,1.905,0.5));
#10731 = VECTOR('',#10732,1.);
#10732 = DIRECTION('',(1.,0.,0.));
#10733 = ORIENTED_EDGE('',*,*,#10713,.F.);
#10734 = ORIENTED_EDGE('',*,*,#10507,.F.);
#10735 = PLANE('',#10736);
#10736 = AXIS2_PLACEMENT_3D('',#10737,#10738,#10739);
#10737 = CARTESIAN_POINT('',(-5.79,2.655,0.5));
#10738 = DIRECTION('',(0.,0.,1.));
#10739 = DIRECTION('',(1.,0.,0.));
#10740 = ADVANCED_FACE('',(#10741),#10758,.F.);
#10741 = FACE_BOUND('',#10742,.F.);
#10742 = EDGE_LOOP('',(#10743,#10744,#10745,#10746,#10747,#10748,#10754,
    #10755,#10756,#10757));
#10743 = ORIENTED_EDGE('',*,*,#10589,.T.);
#10744 = ORIENTED_EDGE('',*,*,#10728,.T.);
#10745 = ORIENTED_EDGE('',*,*,#10704,.T.);
#10746 = ORIENTED_EDGE('',*,*,#10686,.T.);
#10747 = ORIENTED_EDGE('',*,*,#10430,.T.);
#10748 = ORIENTED_EDGE('',*,*,#10749,.F.);
#10749 = EDGE_CURVE('',#10228,#10431,#10750,.T.);
#10750 = LINE('',#10751,#10752);
#10751 = CARTESIAN_POINT('',(-4.24,1.905,0.437372862773));
#10752 = VECTOR('',#10753,1.);
#10753 = DIRECTION('',(0.,5.472315783042E-31,1.));
#10754 = ORIENTED_EDGE('',*,*,#10227,.T.);
#10755 = ORIENTED_EDGE('',*,*,#10662,.T.);
#10756 = ORIENTED_EDGE('',*,*,#10644,.T.);
#10757 = ORIENTED_EDGE('',*,*,#10620,.T.);
#10758 = PLANE('',#10759);
#10759 = AXIS2_PLACEMENT_3D('',#10760,#10761,#10762);
#10760 = CARTESIAN_POINT('',(-4.091426690538,1.905,0.874745725546));
#10761 = DIRECTION('',(1.925014880134E-31,1.,-5.472315783042E-31));
#10762 = DIRECTION('',(0.,5.472315783042E-31,1.));
#10763 = ADVANCED_FACE('',(#10764),#10775,.T.);
#10764 = FACE_BOUND('',#10765,.T.);
#10765 = EDGE_LOOP('',(#10766,#10767,#10768,#10774));
#10766 = ORIENTED_EDGE('',*,*,#10749,.F.);
#10767 = ORIENTED_EDGE('',*,*,#10236,.F.);
#10768 = ORIENTED_EDGE('',*,*,#10769,.T.);
#10769 = EDGE_CURVE('',#10237,#10440,#10770,.T.);
#10770 = LINE('',#10771,#10772);
#10771 = CARTESIAN_POINT('',(-4.24,1.785,0.437372862773));
#10772 = VECTOR('',#10773,1.);
#10773 = DIRECTION('',(0.,5.472315783042E-31,1.));
#10774 = ORIENTED_EDGE('',*,*,#10439,.T.);
#10775 = PLANE('',#10776);
#10776 = AXIS2_PLACEMENT_3D('',#10777,#10778,#10779);
#10777 = CARTESIAN_POINT('',(-4.24,-3.25,0.));
#10778 = DIRECTION('',(-1.,0.,0.));
#10779 = DIRECTION('',(0.,1.,0.));
#10780 = ADVANCED_FACE('',(#10781),#10794,.F.);
#10781 = FACE_BOUND('',#10782,.F.);
#10782 = EDGE_LOOP('',(#10783,#10784,#10785,#10786,#10787,#10793));
#10783 = ORIENTED_EDGE('',*,*,#10244,.T.);
#10784 = ORIENTED_EDGE('',*,*,#10769,.T.);
#10785 = ORIENTED_EDGE('',*,*,#10447,.T.);
#10786 = ORIENTED_EDGE('',*,*,#10357,.T.);
#10787 = ORIENTED_EDGE('',*,*,#10788,.T.);
#10788 = EDGE_CURVE('',#10358,#10302,#10789,.T.);
#10789 = LINE('',#10790,#10791);
#10790 = CARTESIAN_POINT('',(-3.49,1.785,0.437372862773));
#10791 = VECTOR('',#10792,1.);
#10792 = DIRECTION('',(0.,-5.472315783042E-31,-1.));
#10793 = ORIENTED_EDGE('',*,*,#10309,.T.);
#10794 = PLANE('',#10795);
#10795 = AXIS2_PLACEMENT_3D('',#10796,#10797,#10798);
#10796 = CARTESIAN_POINT('',(-4.091426690538,1.785,0.874745725546));
#10797 = DIRECTION('',(1.925014880134E-31,1.,-5.472315783042E-31));
#10798 = DIRECTION('',(0.,5.472315783042E-31,1.));
#10799 = ADVANCED_FACE('',(#10800),#10811,.T.);
#10800 = FACE_BOUND('',#10801,.T.);
#10801 = EDGE_LOOP('',(#10802,#10808,#10809,#10810));
#10802 = ORIENTED_EDGE('',*,*,#10803,.F.);
#10803 = EDGE_CURVE('',#10366,#10294,#10804,.T.);
#10804 = LINE('',#10805,#10806);
#10805 = CARTESIAN_POINT('',(-3.49,1.905,0.437372862773));
#10806 = VECTOR('',#10807,1.);
#10807 = DIRECTION('',(0.,-5.472315783042E-31,-1.));
#10808 = ORIENTED_EDGE('',*,*,#10365,.F.);
#10809 = ORIENTED_EDGE('',*,*,#10788,.T.);
#10810 = ORIENTED_EDGE('',*,*,#10301,.F.);
#10811 = PLANE('',#10812);
#10812 = AXIS2_PLACEMENT_3D('',#10813,#10814,#10815);
#10813 = CARTESIAN_POINT('',(-3.49,3.25,0.));
#10814 = DIRECTION('',(1.,0.,0.));
#10815 = DIRECTION('',(0.,-1.,0.));
#10816 = ADVANCED_FACE('',(#10817),#10823,.F.);
#10817 = FACE_BOUND('',#10818,.F.);
#10818 = EDGE_LOOP('',(#10819,#10820,#10821,#10822));
#10819 = ORIENTED_EDGE('',*,*,#10803,.F.);
#10820 = ORIENTED_EDGE('',*,*,#10373,.T.);
#10821 = ORIENTED_EDGE('',*,*,#10565,.T.);
#10822 = ORIENTED_EDGE('',*,*,#10293,.T.);
#10823 = PLANE('',#10824);
#10824 = AXIS2_PLACEMENT_3D('',#10825,#10826,#10827);
#10825 = CARTESIAN_POINT('',(-4.091426690538,1.905,0.874745725546));
#10826 = DIRECTION('',(1.925014880134E-31,1.,-5.472315783042E-31));
#10827 = DIRECTION('',(0.,5.472315783042E-31,1.));
#10828 = ( GEOMETRIC_REPRESENTATION_CONTEXT(3) 
GLOBAL_UNCERTAINTY_ASSIGNED_CONTEXT((#10832)) 
GLOBAL_UNIT_ASSIGNED_CONTEXT((#10829,#10830,#10831)) 
REPRESENTATION_CONTEXT('Context #1',
  '3D Context with UNIT and UNCERTAINTY') );
#10829 = ( LENGTH_UNIT() NAMED_UNIT(*) SI_UNIT(.MILLI.,.METRE.) );
#10830 = ( NAMED_UNIT(*) PLANE_ANGLE_UNIT() SI_UNIT($,.RADIAN.) );
#10831 = ( NAMED_UNIT(*) SI_UNIT($,.STERADIAN.) SOLID_ANGLE_UNIT() );
#10832 = UNCERTAINTY_MEASURE_WITH_UNIT(LENGTH_MEASURE(1.E-07),#10829,
  'distance_accuracy_value','confusion accuracy');
#10833 = CONTEXT_DEPENDENT_SHAPE_REPRESENTATION(#10834,#10836);
#10834 = ( REPRESENTATION_RELATIONSHIP('','',#8335,#8312) 
REPRESENTATION_RELATIONSHIP_WITH_TRANSFORMATION(#10835) 
SHAPE_REPRESENTATION_RELATIONSHIP() );
#10835 = ITEM_DEFINED_TRANSFORMATION('','',#11,#8313);
#10836 = PRODUCT_DEFINITION_SHAPE('Placement','Placement of an item',
  #10837);
#10837 = NEXT_ASSEMBLY_USAGE_OCCURRENCE('10','','',#8307,#8330,$);
#10838 = PRODUCT_RELATED_PRODUCT_CATEGORY('part',$,(#8332));
#10839 = SHAPE_DEFINITION_REPRESENTATION(#10840,#10846);
#10840 = PRODUCT_DEFINITION_SHAPE('','',#10841);
#10841 = PRODUCT_DEFINITION('design','',#10842,#10845);
#10842 = PRODUCT_DEFINITION_FORMATION('','',#10843);
#10843 = PRODUCT('TO-252-3_TabPin2','TO-252-3_TabPin2','',(#10844));
#10844 = PRODUCT_CONTEXT('',#2,'mechanical');
#10845 = PRODUCT_DEFINITION_CONTEXT('part definition',#2,'design');
#10846 = SHAPE_REPRESENTATION('',(#11,#10847),#10851);
#10847 = AXIS2_PLACEMENT_3D('',#10848,#10849,#10850);
#10848 = CARTESIAN_POINT('',(0.,0.,0.));
#10849 = DIRECTION('',(0.,0.,1.));
#10850 = DIRECTION('',(1.,0.,0.));
#10851 = ( GEOMETRIC_REPRESENTATION_CONTEXT(3) 
GLOBAL_UNCERTAINTY_ASSIGNED_CONTEXT((#10855)) 
GLOBAL_UNIT_ASSIGNED_CONTEXT((#10852,#10853,#10854)) 
REPRESENTATION_CONTEXT('Context #1',
  '3D Context with UNIT and UNCERTAINTY') );
#10852 = ( LENGTH_UNIT() NAMED_UNIT(*) SI_UNIT(.MILLI.,.METRE.) );
#10853 = ( NAMED_UNIT(*) PLANE_ANGLE_UNIT() SI_UNIT($,.RADIAN.) );
#10854 = ( NAMED_UNIT(*) SI_UNIT($,.STERADIAN.) SOLID_ANGLE_UNIT() );
#10855 = UNCERTAINTY_MEASURE_WITH_UNIT(LENGTH_MEASURE(1.E-07),#10852,
  'distance_accuracy_value','confusion accuracy');
#10856 = CONTEXT_DEPENDENT_SHAPE_REPRESENTATION(#10857,#10859);
#10857 = ( REPRESENTATION_RELATIONSHIP('','',#10846,#10) 
REPRESENTATION_RELATIONSHIP_WITH_TRANSFORMATION(#10858) 
SHAPE_REPRESENTATION_RELATIONSHIP() );
#10858 = ITEM_DEFINED_TRANSFORMATION('','',#11,#55);
#10859 = PRODUCT_DEFINITION_SHAPE('Placement','Placement of an item',
  #10860);
#10860 = NEXT_ASSEMBLY_USAGE_OCCURRENCE('13','U1','',#5,#10841,$);
#10861 = PRODUCT_RELATED_PRODUCT_CATEGORY('part',$,(#10843));
#10862 = SHAPE_DEFINITION_REPRESENTATION(#10863,#10869);
#10863 = PRODUCT_DEFINITION_SHAPE('','',#10864);
#10864 = PRODUCT_DEFINITION('design','',#10865,#10868);
#10865 = PRODUCT_DEFINITION_FORMATION('','',#10866);
#10866 = PRODUCT('pcb-power 1.11.1','pcb-power 1.11.1','',(#10867));
#10867 = PRODUCT_CONTEXT('',#2,'mechanical');
#10868 = PRODUCT_DEFINITION_CONTEXT('part definition',#2,'design');
#10869 = SHAPE_REPRESENTATION('',(#11,#10870,#11212,#11700,#12390,#13080
    ),#13770);
#10870 = MANIFOLD_SOLID_BREP('',#10871);
#10871 = CLOSED_SHELL('',(#10872,#10912,#10959,#10983,#11014,#11054,
    #11078,#11095,#11126,#11138,#11166,#11178,#11203));
#10872 = ADVANCED_FACE('',(#10873),#10907,.F.);
#10873 = FACE_BOUND('',#10874,.F.);
#10874 = EDGE_LOOP('',(#10875,#10885,#10893,#10901));
#10875 = ORIENTED_EDGE('',*,*,#10876,.T.);
#10876 = EDGE_CURVE('',#10877,#10879,#10881,.T.);
#10877 = VERTEX_POINT('',#10878);
#10878 = CARTESIAN_POINT('',(-3.11,3.25,0.9));
#10879 = VERTEX_POINT('',#10880);
#10880 = CARTESIAN_POINT('',(-3.11,3.25,0.92));
#10881 = LINE('',#10882,#10883);
#10882 = CARTESIAN_POINT('',(-3.11,3.25,2.E-02));
#10883 = VECTOR('',#10884,1.);
#10884 = DIRECTION('',(0.,0.,1.));
#10885 = ORIENTED_EDGE('',*,*,#10886,.T.);
#10886 = EDGE_CURVE('',#10879,#10887,#10889,.T.);
#10887 = VERTEX_POINT('',#10888);
#10888 = CARTESIAN_POINT('',(-3.11,-3.25,0.92));
#10889 = LINE('',#10890,#10891);
#10890 = CARTESIAN_POINT('',(-3.11,3.25,0.92));
#10891 = VECTOR('',#10892,1.);
#10892 = DIRECTION('',(0.,-1.,0.));
#10893 = ORIENTED_EDGE('',*,*,#10894,.F.);
#10894 = EDGE_CURVE('',#10895,#10887,#10897,.T.);
#10895 = VERTEX_POINT('',#10896);
#10896 = CARTESIAN_POINT('',(-3.11,-3.25,0.9));
#10897 = LINE('',#10898,#10899);
#10898 = CARTESIAN_POINT('',(-3.11,-3.25,2.E-02));
#10899 = VECTOR('',#10900,1.);
#10900 = DIRECTION('',(0.,0.,1.));
#10901 = ORIENTED_EDGE('',*,*,#10902,.F.);
#10902 = EDGE_CURVE('',#10877,#10895,#10903,.T.);
#10903 = LINE('',#10904,#10905);
#10904 = CARTESIAN_POINT('',(-3.11,3.25,0.9));
#10905 = VECTOR('',#10906,1.);
#10906 = DIRECTION('',(0.,-1.,0.));
#10907 = PLANE('',#10908);
#10908 = AXIS2_PLACEMENT_3D('',#10909,#10910,#10911);
#10909 = CARTESIAN_POINT('',(-3.11,3.25,2.E-02));
#10910 = DIRECTION('',(1.,0.,0.));
#10911 = DIRECTION('',(0.,-1.,0.));
#10912 = ADVANCED_FACE('',(#10913),#10954,.F.);
#10913 = FACE_BOUND('',#10914,.F.);
#10914 = EDGE_LOOP('',(#10915,#10916,#10924,#10932,#10940,#10948));
#10915 = ORIENTED_EDGE('',*,*,#10876,.F.);
#10916 = ORIENTED_EDGE('',*,*,#10917,.T.);
#10917 = EDGE_CURVE('',#10877,#10918,#10920,.T.);
#10918 = VERTEX_POINT('',#10919);
#10919 = CARTESIAN_POINT('',(-2.91,3.25,2.E-02));
#10920 = LINE('',#10921,#10922);
#10921 = CARTESIAN_POINT('',(-2.812161100196,3.25,-0.410491159136));
#10922 = VECTOR('',#10923,1.);
#10923 = DIRECTION('',(0.221621103589,0.,-0.975132855791));
#10924 = ORIENTED_EDGE('',*,*,#10925,.F.);
#10925 = EDGE_CURVE('',#10926,#10918,#10928,.T.);
#10926 = VERTEX_POINT('',#10927);
#10927 = CARTESIAN_POINT('',(3.11,3.25,2.E-02));
#10928 = LINE('',#10929,#10930);
#10929 = CARTESIAN_POINT('',(3.11,3.25,2.E-02));
#10930 = VECTOR('',#10931,1.);
#10931 = DIRECTION('',(-1.,0.,0.));
#10932 = ORIENTED_EDGE('',*,*,#10933,.T.);
#10933 = EDGE_CURVE('',#10926,#10934,#10936,.T.);
#10934 = VERTEX_POINT('',#10935);
#10935 = CARTESIAN_POINT('',(3.11,3.25,0.52));
#10936 = LINE('',#10937,#10938);
#10937 = CARTESIAN_POINT('',(3.11,3.25,2.E-02));
#10938 = VECTOR('',#10939,1.);
#10939 = DIRECTION('',(0.,0.,1.));
#10940 = ORIENTED_EDGE('',*,*,#10941,.T.);
#10941 = EDGE_CURVE('',#10934,#10942,#10944,.T.);
#10942 = VERTEX_POINT('',#10943);
#10943 = CARTESIAN_POINT('',(2.998888888889,3.25,0.92));
#10944 = LINE('',#10945,#10946);
#10945 = CARTESIAN_POINT('',(3.04946991404,3.25,0.737908309456));
#10946 = VECTOR('',#10947,1.);
#10947 = DIRECTION('',(-0.267643863786,0.,0.96351790963));
#10948 = ORIENTED_EDGE('',*,*,#10949,.T.);
#10949 = EDGE_CURVE('',#10942,#10879,#10950,.T.);
#10950 = LINE('',#10951,#10952);
#10951 = CARTESIAN_POINT('',(2.61,3.25,0.92));
#10952 = VECTOR('',#10953,1.);
#10953 = DIRECTION('',(-1.,0.,0.));
#10954 = PLANE('',#10955);
#10955 = AXIS2_PLACEMENT_3D('',#10956,#10957,#10958);
#10956 = CARTESIAN_POINT('',(3.11,3.25,2.E-02));
#10957 = DIRECTION('',(0.,-1.,0.));
#10958 = DIRECTION('',(-1.,0.,0.));
#10959 = ADVANCED_FACE('',(#10960),#10978,.T.);
#10960 = FACE_BOUND('',#10961,.F.);
#10961 = EDGE_LOOP('',(#10962,#10963,#10964,#10972));
#10962 = ORIENTED_EDGE('',*,*,#10917,.F.);
#10963 = ORIENTED_EDGE('',*,*,#10902,.T.);
#10964 = ORIENTED_EDGE('',*,*,#10965,.T.);
#10965 = EDGE_CURVE('',#10895,#10966,#10968,.T.);
#10966 = VERTEX_POINT('',#10967);
#10967 = CARTESIAN_POINT('',(-2.91,-3.25,2.E-02));
#10968 = LINE('',#10969,#10970);
#10969 = CARTESIAN_POINT('',(-2.964911591356,-3.25,0.261611001965));
#10970 = VECTOR('',#10971,1.);
#10971 = DIRECTION('',(0.221621103589,0.,-0.975132855791));
#10972 = ORIENTED_EDGE('',*,*,#10973,.F.);
#10973 = EDGE_CURVE('',#10918,#10966,#10974,.T.);
#10974 = LINE('',#10975,#10976);
#10975 = CARTESIAN_POINT('',(-2.91,3.25,2.E-02));
#10976 = VECTOR('',#10977,1.);
#10977 = DIRECTION('',(0.,-1.,0.));
#10978 = PLANE('',#10979);
#10979 = AXIS2_PLACEMENT_3D('',#10980,#10981,#10982);
#10980 = CARTESIAN_POINT('',(-3.01,3.25,0.46));
#10981 = DIRECTION('',(-0.975132855791,0.,-0.221621103589));
#10982 = DIRECTION('',(0.,1.,0.));
#10983 = ADVANCED_FACE('',(#10984),#11009,.F.);
#10984 = FACE_BOUND('',#10985,.F.);
#10985 = EDGE_LOOP('',(#10986,#10996,#11002,#11003));
#10986 = ORIENTED_EDGE('',*,*,#10987,.T.);
#10987 = EDGE_CURVE('',#10988,#10990,#10992,.T.);
#10988 = VERTEX_POINT('',#10989);
#10989 = CARTESIAN_POINT('',(-2.61,2.75,2.32));
#10990 = VERTEX_POINT('',#10991);
#10991 = CARTESIAN_POINT('',(-2.61,-2.75,2.32));
#10992 = LINE('',#10993,#10994);
#10993 = CARTESIAN_POINT('',(-2.61,3.25,2.32));
#10994 = VECTOR('',#10995,1.);
#10995 = DIRECTION('',(0.,-1.,0.));
#10996 = ORIENTED_EDGE('',*,*,#10997,.T.);
#10997 = EDGE_CURVE('',#10990,#10887,#10998,.T.);
#10998 = LINE('',#10999,#11000);
#10999 = CARTESIAN_POINT('',(-2.529715447154,-2.669715447154,
    2.544796747967));
#11000 = VECTOR('',#11001,1.);
#11001 = DIRECTION('',(-0.318788356532,-0.318788356532,-0.892607398289)
  );
#11002 = ORIENTED_EDGE('',*,*,#10886,.F.);
#11003 = ORIENTED_EDGE('',*,*,#11004,.F.);
#11004 = EDGE_CURVE('',#10988,#10879,#11005,.T.);
#11005 = LINE('',#11006,#11007);
#11006 = CARTESIAN_POINT('',(-2.594756097561,2.734756097561,
    2.362682926829));
#11007 = VECTOR('',#11008,1.);
#11008 = DIRECTION('',(-0.318788356532,0.318788356532,-0.892607398289));
#11009 = PLANE('',#11010);
#11010 = AXIS2_PLACEMENT_3D('',#11011,#11012,#11013);
#11011 = CARTESIAN_POINT('',(-2.86,3.25,1.62));
#11012 = DIRECTION('',(0.941741911595,7.015149670815E-18,-0.336336396998
    ));
#11013 = DIRECTION('',(6.606460461117E-18,-1.,-2.359450164685E-18));
#11014 = ADVANCED_FACE('',(#11015),#11049,.F.);
#11015 = FACE_BOUND('',#11016,.F.);
#11016 = EDGE_LOOP('',(#11017,#11018,#11026,#11034,#11042,#11048));
#11017 = ORIENTED_EDGE('',*,*,#10894,.T.);
#11018 = ORIENTED_EDGE('',*,*,#11019,.T.);
#11019 = EDGE_CURVE('',#10887,#11020,#11022,.T.);
#11020 = VERTEX_POINT('',#11021);
#11021 = CARTESIAN_POINT('',(2.998888888889,-3.25,0.92));
#11022 = LINE('',#11023,#11024);
#11023 = CARTESIAN_POINT('',(-2.61,-3.25,0.92));
#11024 = VECTOR('',#11025,1.);
#11025 = DIRECTION('',(1.,0.,0.));
#11026 = ORIENTED_EDGE('',*,*,#11027,.F.);
#11027 = EDGE_CURVE('',#11028,#11020,#11030,.T.);
#11028 = VERTEX_POINT('',#11029);
#11029 = CARTESIAN_POINT('',(3.11,-3.25,0.52));
#11030 = LINE('',#11031,#11032);
#11031 = CARTESIAN_POINT('',(2.826690544413,-3.25,1.539914040115));
#11032 = VECTOR('',#11033,1.);
#11033 = DIRECTION('',(-0.267643863786,0.,0.96351790963));
#11034 = ORIENTED_EDGE('',*,*,#11035,.F.);
#11035 = EDGE_CURVE('',#11036,#11028,#11038,.T.);
#11036 = VERTEX_POINT('',#11037);
#11037 = CARTESIAN_POINT('',(3.11,-3.25,2.E-02));
#11038 = LINE('',#11039,#11040);
#11039 = CARTESIAN_POINT('',(3.11,-3.25,2.E-02));
#11040 = VECTOR('',#11041,1.);
#11041 = DIRECTION('',(0.,0.,1.));
#11042 = ORIENTED_EDGE('',*,*,#11043,.F.);
#11043 = EDGE_CURVE('',#10966,#11036,#11044,.T.);
#11044 = LINE('',#11045,#11046);
#11045 = CARTESIAN_POINT('',(-3.11,-3.25,2.E-02));
#11046 = VECTOR('',#11047,1.);
#11047 = DIRECTION('',(1.,0.,0.));
#11048 = ORIENTED_EDGE('',*,*,#10965,.F.);
#11049 = PLANE('',#11050);
#11050 = AXIS2_PLACEMENT_3D('',#11051,#11052,#11053);
#11051 = CARTESIAN_POINT('',(-3.11,-3.25,2.E-02));
#11052 = DIRECTION('',(0.,1.,0.));
#11053 = DIRECTION('',(1.,0.,0.));
#11054 = ADVANCED_FACE('',(#11055),#11073,.F.);
#11055 = FACE_BOUND('',#11056,.F.);
#11056 = EDGE_LOOP('',(#11057,#11065,#11071,#11072));
#11057 = ORIENTED_EDGE('',*,*,#11058,.F.);
#11058 = EDGE_CURVE('',#11059,#10942,#11061,.T.);
#11059 = VERTEX_POINT('',#11060);
#11060 = CARTESIAN_POINT('',(2.61,2.75,2.32));
#11061 = LINE('',#11062,#11063);
#11062 = CARTESIAN_POINT('',(2.56571473387,2.69306180069,2.479426958068)
  );
#11063 = VECTOR('',#11064,1.);
#11064 = DIRECTION('',(0.253078917766,0.325387179985,-0.911084103957));
#11065 = ORIENTED_EDGE('',*,*,#11066,.T.);
#11066 = EDGE_CURVE('',#11059,#10988,#11067,.T.);
#11067 = LINE('',#11068,#11069);
#11068 = CARTESIAN_POINT('',(2.61,2.75,2.32));
#11069 = VECTOR('',#11070,1.);
#11070 = DIRECTION('',(-1.,0.,0.));
#11071 = ORIENTED_EDGE('',*,*,#11004,.T.);
#11072 = ORIENTED_EDGE('',*,*,#10949,.F.);
#11073 = PLANE('',#11074);
#11074 = AXIS2_PLACEMENT_3D('',#11075,#11076,#11077);
#11075 = CARTESIAN_POINT('',(2.61,3.,1.62));
#11076 = DIRECTION('',(7.015149670815E-18,-0.941741911595,
    -0.336336396998));
#11077 = DIRECTION('',(-1.,-6.606460461117E-18,-2.359450164685E-18));
#11078 = ADVANCED_FACE('',(#11079),#11090,.F.);
#11079 = FACE_BOUND('',#11080,.F.);
#11080 = EDGE_LOOP('',(#11081,#11082,#11088,#11089));
#11081 = ORIENTED_EDGE('',*,*,#11043,.T.);
#11082 = ORIENTED_EDGE('',*,*,#11083,.T.);
#11083 = EDGE_CURVE('',#11036,#10926,#11084,.T.);
#11084 = LINE('',#11085,#11086);
#11085 = CARTESIAN_POINT('',(3.11,-3.25,2.E-02));
#11086 = VECTOR('',#11087,1.);
#11087 = DIRECTION('',(0.,1.,0.));
#11088 = ORIENTED_EDGE('',*,*,#10925,.T.);
#11089 = ORIENTED_EDGE('',*,*,#10973,.T.);
#11090 = PLANE('',#11091);
#11091 = AXIS2_PLACEMENT_3D('',#11092,#11093,#11094);
#11092 = CARTESIAN_POINT('',(-1.396506949214E-16,0.,2.E-02));
#11093 = DIRECTION('',(4.070108102062E-35,-3.727005214102E-35,1.));
#11094 = DIRECTION('',(1.,0.,-4.070108102062E-35));
#11095 = ADVANCED_FACE('',(#11096),#11121,.F.);
#11096 = FACE_BOUND('',#11097,.T.);
#11097 = EDGE_LOOP('',(#11098,#11106,#11112,#11113,#11119,#11120));
#11098 = ORIENTED_EDGE('',*,*,#11099,.F.);
#11099 = EDGE_CURVE('',#11100,#11059,#11102,.T.);
#11100 = VERTEX_POINT('',#11101);
#11101 = CARTESIAN_POINT('',(2.61,-2.75,2.32));
#11102 = LINE('',#11103,#11104);
#11103 = CARTESIAN_POINT('',(2.61,-3.25,2.32));
#11104 = VECTOR('',#11105,1.);
#11105 = DIRECTION('',(0.,1.,0.));
#11106 = ORIENTED_EDGE('',*,*,#11107,.T.);
#11107 = EDGE_CURVE('',#11100,#11020,#11108,.T.);
#11108 = LINE('',#11109,#11110);
#11109 = CARTESIAN_POINT('',(2.666180069016,-2.822231517306,
    2.117751751542));
#11110 = VECTOR('',#11111,1.);
#11111 = DIRECTION('',(0.253078917766,-0.325387179985,-0.911084103957));
#11112 = ORIENTED_EDGE('',*,*,#11027,.F.);
#11113 = ORIENTED_EDGE('',*,*,#11114,.T.);
#11114 = EDGE_CURVE('',#11028,#10934,#11115,.T.);
#11115 = LINE('',#11116,#11117);
#11116 = CARTESIAN_POINT('',(3.11,-3.25,0.52));
#11117 = VECTOR('',#11118,1.);
#11118 = DIRECTION('',(0.,1.,0.));
#11119 = ORIENTED_EDGE('',*,*,#10941,.T.);
#11120 = ORIENTED_EDGE('',*,*,#11058,.F.);
#11121 = PLANE('',#11122);
#11122 = AXIS2_PLACEMENT_3D('',#11123,#11124,#11125);
#11123 = CARTESIAN_POINT('',(2.86,-3.25,1.42));
#11124 = DIRECTION('',(-0.96351790963,0.,-0.267643863786));
#11125 = DIRECTION('',(0.,-1.,0.));
#11126 = ADVANCED_FACE('',(#11127),#11133,.F.);
#11127 = FACE_BOUND('',#11128,.F.);
#11128 = EDGE_LOOP('',(#11129,#11130,#11131,#11132));
#11129 = ORIENTED_EDGE('',*,*,#11035,.T.);
#11130 = ORIENTED_EDGE('',*,*,#11114,.T.);
#11131 = ORIENTED_EDGE('',*,*,#10933,.F.);
#11132 = ORIENTED_EDGE('',*,*,#11083,.F.);
#11133 = PLANE('',#11134);
#11134 = AXIS2_PLACEMENT_3D('',#11135,#11136,#11137);
#11135 = CARTESIAN_POINT('',(3.11,-3.25,2.E-02));
#11136 = DIRECTION('',(-1.,0.,0.));
#11137 = DIRECTION('',(0.,1.,0.));
#11138 = ADVANCED_FACE('',(#11139,#11150),#11161,.T.);
#11139 = FACE_BOUND('',#11140,.T.);
#11140 = EDGE_LOOP('',(#11141,#11142,#11148,#11149));
#11141 = ORIENTED_EDGE('',*,*,#10987,.T.);
#11142 = ORIENTED_EDGE('',*,*,#11143,.T.);
#11143 = EDGE_CURVE('',#10990,#11100,#11144,.T.);
#11144 = LINE('',#11145,#11146);
#11145 = CARTESIAN_POINT('',(-2.61,-2.75,2.32));
#11146 = VECTOR('',#11147,1.);
#11147 = DIRECTION('',(1.,0.,0.));
#11148 = ORIENTED_EDGE('',*,*,#11099,.T.);
#11149 = ORIENTED_EDGE('',*,*,#11066,.T.);
#11150 = FACE_BOUND('',#11151,.T.);
#11151 = EDGE_LOOP('',(#11152));
#11152 = ORIENTED_EDGE('',*,*,#11153,.T.);
#11153 = EDGE_CURVE('',#11154,#11154,#11156,.T.);
#11154 = VERTEX_POINT('',#11155);
#11155 = CARTESIAN_POINT('',(-2.,-1.118303597555E-16,2.32));
#11156 = CIRCLE('',#11157,0.5);
#11157 = AXIS2_PLACEMENT_3D('',#11158,#11159,#11160);
#11158 = CARTESIAN_POINT('',(-1.5,1.063432015924E-17,2.32));
#11159 = DIRECTION('',(-4.070108102062E-35,3.727005214102E-35,-1.));
#11160 = DIRECTION('',(-1.,-1.516931411834E-69,4.070108102062E-35));
#11161 = PLANE('',#11162);
#11162 = AXIS2_PLACEMENT_3D('',#11163,#11164,#11165);
#11163 = CARTESIAN_POINT('',(-1.396506949214E-16,0.,2.32));
#11164 = DIRECTION('',(4.070108102062E-35,-3.727005214102E-35,1.));
#11165 = DIRECTION('',(1.,0.,-4.070108102062E-35));
#11166 = ADVANCED_FACE('',(#11167),#11173,.F.);
#11167 = FACE_BOUND('',#11168,.F.);
#11168 = EDGE_LOOP('',(#11169,#11170,#11171,#11172));
#11169 = ORIENTED_EDGE('',*,*,#10997,.F.);
#11170 = ORIENTED_EDGE('',*,*,#11143,.T.);
#11171 = ORIENTED_EDGE('',*,*,#11107,.T.);
#11172 = ORIENTED_EDGE('',*,*,#11019,.F.);
#11173 = PLANE('',#11174);
#11174 = AXIS2_PLACEMENT_3D('',#11175,#11176,#11177);
#11175 = CARTESIAN_POINT('',(-2.61,-3.,1.62));
#11176 = DIRECTION('',(-7.015149670815E-18,0.941741911595,
    -0.336336396998));
#11177 = DIRECTION('',(1.,6.606460461117E-18,-2.359450164685E-18));
#11178 = ADVANCED_FACE('',(#11179),#11198,.F.);
#11179 = FACE_BOUND('',#11180,.F.);
#11180 = EDGE_LOOP('',(#11181,#11190,#11196,#11197));
#11181 = ORIENTED_EDGE('',*,*,#11182,.F.);
#11182 = EDGE_CURVE('',#11183,#11183,#11185,.T.);
#11183 = VERTEX_POINT('',#11184);
#11184 = CARTESIAN_POINT('',(-2.,-1.118303597555E-16,2.22));
#11185 = CIRCLE('',#11186,0.5);
#11186 = AXIS2_PLACEMENT_3D('',#11187,#11188,#11189);
#11187 = CARTESIAN_POINT('',(-1.5,1.063432015924E-17,2.22));
#11188 = DIRECTION('',(-4.070108102062E-35,3.727005214102E-35,-1.));
#11189 = DIRECTION('',(-1.,-1.516931411834E-69,4.070108102062E-35));
#11190 = ORIENTED_EDGE('',*,*,#11191,.F.);
#11191 = EDGE_CURVE('',#11154,#11183,#11192,.T.);
#11192 = LINE('',#11193,#11194);
#11193 = CARTESIAN_POINT('',(-2.,-1.118303597555E-16,2.32));
#11194 = VECTOR('',#11195,1.);
#11195 = DIRECTION('',(-4.070108102062E-35,3.727005214102E-35,-1.));
#11196 = ORIENTED_EDGE('',*,*,#11153,.T.);
#11197 = ORIENTED_EDGE('',*,*,#11191,.T.);
#11198 = CYLINDRICAL_SURFACE('',#11199,0.5);
#11199 = AXIS2_PLACEMENT_3D('',#11200,#11201,#11202);
#11200 = CARTESIAN_POINT('',(-1.5,1.063432015924E-17,2.32));
#11201 = DIRECTION('',(-4.070108102062E-35,3.727005214102E-35,-1.));
#11202 = DIRECTION('',(-1.,-1.516931411834E-69,4.070108102062E-35));
#11203 = ADVANCED_FACE('',(#11204),#11207,.F.);
#11204 = FACE_BOUND('',#11205,.F.);
#11205 = EDGE_LOOP('',(#11206));
#11206 = ORIENTED_EDGE('',*,*,#11182,.T.);
#11207 = PLANE('',#11208);
#11208 = AXIS2_PLACEMENT_3D('',#11209,#11210,#11211);
#11209 = CARTESIAN_POINT('',(-1.5,1.063432015924E-17,2.22));
#11210 = DIRECTION('',(-4.070108102062E-35,3.727005214102E-35,-1.));
#11211 = DIRECTION('',(-1.,-1.516931411834E-69,4.070108102062E-35));
#11212 = MANIFOLD_SOLID_BREP('',#11213);
#11213 = CLOSED_SHELL('',(#11214,#11254,#11287,#11394,#11419,#11518,
    #11535,#11552,#11569,#11586,#11603,#11620,#11637,#11654,#11671,
    #11688));
#11214 = ADVANCED_FACE('',(#11215),#11249,.T.);
#11215 = FACE_BOUND('',#11216,.T.);
#11216 = EDGE_LOOP('',(#11217,#11227,#11235,#11243));
#11217 = ORIENTED_EDGE('',*,*,#11218,.F.);
#11218 = EDGE_CURVE('',#11219,#11221,#11223,.T.);
#11219 = VERTEX_POINT('',#11220);
#11220 = CARTESIAN_POINT('',(4.11,-2.66,0.));
#11221 = VERTEX_POINT('',#11222);
#11222 = CARTESIAN_POINT('',(4.11,-2.66,0.5));
#11223 = LINE('',#11224,#11225);
#11224 = CARTESIAN_POINT('',(4.11,-2.66,0.));
#11225 = VECTOR('',#11226,1.);
#11226 = DIRECTION('',(0.,0.,1.));
#11227 = ORIENTED_EDGE('',*,*,#11228,.T.);
#11228 = EDGE_CURVE('',#11219,#11229,#11231,.T.);
#11229 = VERTEX_POINT('',#11230);
#11230 = CARTESIAN_POINT('',(4.11,-1.97,0.));
#11231 = LINE('',#11232,#11233);
#11232 = CARTESIAN_POINT('',(4.11,-2.7,0.));
#11233 = VECTOR('',#11234,1.);
#11234 = DIRECTION('',(0.,1.,0.));
#11235 = ORIENTED_EDGE('',*,*,#11236,.F.);
#11236 = EDGE_CURVE('',#11237,#11229,#11239,.T.);
#11237 = VERTEX_POINT('',#11238);
#11238 = CARTESIAN_POINT('',(4.11,-1.97,0.5));
#11239 = LINE('',#11240,#11241);
#11240 = CARTESIAN_POINT('',(4.11,-1.97,0.));
#11241 = VECTOR('',#11242,1.);
#11242 = DIRECTION('',(-0.,-0.,-1.));
#11243 = ORIENTED_EDGE('',*,*,#11244,.T.);
#11244 = EDGE_CURVE('',#11237,#11221,#11245,.T.);
#11245 = LINE('',#11246,#11247);
#11246 = CARTESIAN_POINT('',(4.11,2.7,0.5));
#11247 = VECTOR('',#11248,1.);
#11248 = DIRECTION('',(0.,-1.,0.));
#11249 = PLANE('',#11250);
#11250 = AXIS2_PLACEMENT_3D('',#11251,#11252,#11253);
#11251 = CARTESIAN_POINT('',(4.11,0.,0.));
#11252 = DIRECTION('',(1.,0.,0.));
#11253 = DIRECTION('',(0.,-1.,0.));
#11254 = ADVANCED_FACE('',(#11255),#11282,.T.);
#11255 = FACE_BOUND('',#11256,.T.);
#11256 = EDGE_LOOP('',(#11257,#11258,#11267,#11275));
#11257 = ORIENTED_EDGE('',*,*,#11218,.T.);
#11258 = ORIENTED_EDGE('',*,*,#11259,.T.);
#11259 = EDGE_CURVE('',#11221,#11260,#11262,.T.);
#11260 = VERTEX_POINT('',#11261);
#11261 = CARTESIAN_POINT('',(4.07,-2.7,0.5));
#11262 = CIRCLE('',#11263,4.E-02);
#11263 = AXIS2_PLACEMENT_3D('',#11264,#11265,#11266);
#11264 = CARTESIAN_POINT('',(4.07,-2.66,0.5));
#11265 = DIRECTION('',(-0.,-0.,-1.));
#11266 = DIRECTION('',(0.,-1.,0.));
#11267 = ORIENTED_EDGE('',*,*,#11268,.F.);
#11268 = EDGE_CURVE('',#11269,#11260,#11271,.T.);
#11269 = VERTEX_POINT('',#11270);
#11270 = CARTESIAN_POINT('',(4.07,-2.7,0.));
#11271 = LINE('',#11272,#11273);
#11272 = CARTESIAN_POINT('',(4.07,-2.7,0.));
#11273 = VECTOR('',#11274,1.);
#11274 = DIRECTION('',(0.,0.,1.));
#11275 = ORIENTED_EDGE('',*,*,#11276,.F.);
#11276 = EDGE_CURVE('',#11219,#11269,#11277,.T.);
#11277 = CIRCLE('',#11278,4.E-02);
#11278 = AXIS2_PLACEMENT_3D('',#11279,#11280,#11281);
#11279 = CARTESIAN_POINT('',(4.07,-2.66,0.));
#11280 = DIRECTION('',(-0.,-0.,-1.));
#11281 = DIRECTION('',(0.,-1.,0.));
#11282 = CYLINDRICAL_SURFACE('',#11283,4.E-02);
#11283 = AXIS2_PLACEMENT_3D('',#11284,#11285,#11286);
#11284 = CARTESIAN_POINT('',(4.07,-2.66,0.));
#11285 = DIRECTION('',(0.,0.,1.));
#11286 = DIRECTION('',(1.,0.,0.));
#11287 = ADVANCED_FACE('',(#11288),#11389,.F.);
#11288 = FACE_BOUND('',#11289,.F.);
#11289 = EDGE_LOOP('',(#11290,#11291,#11299,#11307,#11315,#11323,#11331,
    #11339,#11347,#11356,#11364,#11373,#11381,#11388));
#11290 = ORIENTED_EDGE('',*,*,#11259,.T.);
#11291 = ORIENTED_EDGE('',*,*,#11292,.T.);
#11292 = EDGE_CURVE('',#11260,#11293,#11295,.T.);
#11293 = VERTEX_POINT('',#11294);
#11294 = CARTESIAN_POINT('',(3.11,-2.7,0.5));
#11295 = LINE('',#11296,#11297);
#11296 = CARTESIAN_POINT('',(4.11,-2.7,0.5));
#11297 = VECTOR('',#11298,1.);
#11298 = DIRECTION('',(-1.,0.,0.));
#11299 = ORIENTED_EDGE('',*,*,#11300,.T.);
#11300 = EDGE_CURVE('',#11293,#11301,#11303,.T.);
#11301 = VERTEX_POINT('',#11302);
#11302 = CARTESIAN_POINT('',(3.11,-2.16,0.5));
#11303 = LINE('',#11304,#11305);
#11304 = CARTESIAN_POINT('',(3.11,-2.7,0.5));
#11305 = VECTOR('',#11306,1.);
#11306 = DIRECTION('',(0.,1.,0.));
#11307 = ORIENTED_EDGE('',*,*,#11308,.T.);
#11308 = EDGE_CURVE('',#11301,#11309,#11311,.T.);
#11309 = VERTEX_POINT('',#11310);
#11310 = CARTESIAN_POINT('',(-1.13,-2.16,0.5));
#11311 = LINE('',#11312,#11313);
#11312 = CARTESIAN_POINT('',(3.11,-2.16,0.5));
#11313 = VECTOR('',#11314,1.);
#11314 = DIRECTION('',(-1.,0.,0.));
#11315 = ORIENTED_EDGE('',*,*,#11316,.T.);
#11316 = EDGE_CURVE('',#11309,#11317,#11319,.T.);
#11317 = VERTEX_POINT('',#11318);
#11318 = CARTESIAN_POINT('',(-1.13,2.16,0.5));
#11319 = LINE('',#11320,#11321);
#11320 = CARTESIAN_POINT('',(-1.13,-2.16,0.5));
#11321 = VECTOR('',#11322,1.);
#11322 = DIRECTION('',(0.,1.,0.));
#11323 = ORIENTED_EDGE('',*,*,#11324,.T.);
#11324 = EDGE_CURVE('',#11317,#11325,#11327,.T.);
#11325 = VERTEX_POINT('',#11326);
#11326 = CARTESIAN_POINT('',(3.11,2.16,0.5));
#11327 = LINE('',#11328,#11329);
#11328 = CARTESIAN_POINT('',(-1.13,2.16,0.5));
#11329 = VECTOR('',#11330,1.);
#11330 = DIRECTION('',(1.,0.,0.));
#11331 = ORIENTED_EDGE('',*,*,#11332,.T.);
#11332 = EDGE_CURVE('',#11325,#11333,#11335,.T.);
#11333 = VERTEX_POINT('',#11334);
#11334 = CARTESIAN_POINT('',(3.11,2.7,0.5));
#11335 = LINE('',#11336,#11337);
#11336 = CARTESIAN_POINT('',(3.11,2.16,0.5));
#11337 = VECTOR('',#11338,1.);
#11338 = DIRECTION('',(0.,1.,0.));
#11339 = ORIENTED_EDGE('',*,*,#11340,.T.);
#11340 = EDGE_CURVE('',#11333,#11341,#11343,.T.);
#11341 = VERTEX_POINT('',#11342);
#11342 = CARTESIAN_POINT('',(4.07,2.7,0.5));
#11343 = LINE('',#11344,#11345);
#11344 = CARTESIAN_POINT('',(3.11,2.7,0.5));
#11345 = VECTOR('',#11346,1.);
#11346 = DIRECTION('',(1.,0.,0.));
#11347 = ORIENTED_EDGE('',*,*,#11348,.F.);
#11348 = EDGE_CURVE('',#11349,#11341,#11351,.T.);
#11349 = VERTEX_POINT('',#11350);
#11350 = CARTESIAN_POINT('',(4.11,2.66,0.5));
#11351 = CIRCLE('',#11352,4.E-02);
#11352 = AXIS2_PLACEMENT_3D('',#11353,#11354,#11355);
#11353 = CARTESIAN_POINT('',(4.07,2.66,0.5));
#11354 = DIRECTION('',(-0.,0.,1.));
#11355 = DIRECTION('',(0.,-1.,0.));
#11356 = ORIENTED_EDGE('',*,*,#11357,.T.);
#11357 = EDGE_CURVE('',#11349,#11358,#11360,.T.);
#11358 = VERTEX_POINT('',#11359);
#11359 = CARTESIAN_POINT('',(4.11,1.97,0.5));
#11360 = LINE('',#11361,#11362);
#11361 = CARTESIAN_POINT('',(4.11,2.7,0.5));
#11362 = VECTOR('',#11363,1.);
#11363 = DIRECTION('',(0.,-1.,0.));
#11364 = ORIENTED_EDGE('',*,*,#11365,.F.);
#11365 = EDGE_CURVE('',#11366,#11358,#11368,.T.);
#11366 = VERTEX_POINT('',#11367);
#11367 = CARTESIAN_POINT('',(4.03,1.89,0.5));
#11368 = CIRCLE('',#11369,8.E-02);
#11369 = AXIS2_PLACEMENT_3D('',#11370,#11371,#11372);
#11370 = CARTESIAN_POINT('',(4.11,1.89,0.5));
#11371 = DIRECTION('',(0.,0.,-1.));
#11372 = DIRECTION('',(1.,0.,0.));
#11373 = ORIENTED_EDGE('',*,*,#11374,.T.);
#11374 = EDGE_CURVE('',#11366,#11375,#11377,.T.);
#11375 = VERTEX_POINT('',#11376);
#11376 = CARTESIAN_POINT('',(4.03,-1.89,0.5));
#11377 = LINE('',#11378,#11379);
#11378 = CARTESIAN_POINT('',(4.03,1.89,0.5));
#11379 = VECTOR('',#11380,1.);
#11380 = DIRECTION('',(0.,-1.,0.));
#11381 = ORIENTED_EDGE('',*,*,#11382,.F.);
#11382 = EDGE_CURVE('',#11237,#11375,#11383,.T.);
#11383 = CIRCLE('',#11384,8.E-02);
#11384 = AXIS2_PLACEMENT_3D('',#11385,#11386,#11387);
#11385 = CARTESIAN_POINT('',(4.11,-1.89,0.5));
#11386 = DIRECTION('',(0.,0.,-1.));
#11387 = DIRECTION('',(1.,0.,0.));
#11388 = ORIENTED_EDGE('',*,*,#11244,.T.);
#11389 = PLANE('',#11390);
#11390 = AXIS2_PLACEMENT_3D('',#11391,#11392,#11393);
#11391 = CARTESIAN_POINT('',(1.705187969925,6.260656153901E-17,0.5));
#11392 = DIRECTION('',(-0.,-0.,-1.));
#11393 = DIRECTION('',(-1.,0.,0.));
#11394 = ADVANCED_FACE('',(#11395),#11414,.F.);
#11395 = FACE_BOUND('',#11396,.F.);
#11396 = EDGE_LOOP('',(#11397,#11398,#11406,#11413));
#11397 = ORIENTED_EDGE('',*,*,#11382,.T.);
#11398 = ORIENTED_EDGE('',*,*,#11399,.F.);
#11399 = EDGE_CURVE('',#11400,#11375,#11402,.T.);
#11400 = VERTEX_POINT('',#11401);
#11401 = CARTESIAN_POINT('',(4.03,-1.89,0.));
#11402 = LINE('',#11403,#11404);
#11403 = CARTESIAN_POINT('',(4.03,-1.89,0.));
#11404 = VECTOR('',#11405,1.);
#11405 = DIRECTION('',(0.,0.,1.));
#11406 = ORIENTED_EDGE('',*,*,#11407,.T.);
#11407 = EDGE_CURVE('',#11400,#11229,#11408,.T.);
#11408 = CIRCLE('',#11409,8.E-02);
#11409 = AXIS2_PLACEMENT_3D('',#11410,#11411,#11412);
#11410 = CARTESIAN_POINT('',(4.11,-1.89,0.));
#11411 = DIRECTION('',(0.,0.,1.));
#11412 = DIRECTION('',(1.,0.,0.));
#11413 = ORIENTED_EDGE('',*,*,#11236,.F.);
#11414 = CYLINDRICAL_SURFACE('',#11415,8.E-02);
#11415 = AXIS2_PLACEMENT_3D('',#11416,#11417,#11418);
#11416 = CARTESIAN_POINT('',(4.11,-1.89,0.));
#11417 = DIRECTION('',(-0.,-0.,-1.));
#11418 = DIRECTION('',(1.,0.,0.));
#11419 = ADVANCED_FACE('',(#11420),#11513,.T.);
#11420 = FACE_BOUND('',#11421,.T.);
#11421 = EDGE_LOOP('',(#11422,#11423,#11424,#11432,#11440,#11448,#11456,
    #11464,#11472,#11480,#11489,#11497,#11506,#11512));
#11422 = ORIENTED_EDGE('',*,*,#11228,.F.);
#11423 = ORIENTED_EDGE('',*,*,#11276,.T.);
#11424 = ORIENTED_EDGE('',*,*,#11425,.T.);
#11425 = EDGE_CURVE('',#11269,#11426,#11428,.T.);
#11426 = VERTEX_POINT('',#11427);
#11427 = CARTESIAN_POINT('',(3.11,-2.7,0.));
#11428 = LINE('',#11429,#11430);
#11429 = CARTESIAN_POINT('',(4.11,-2.7,0.));
#11430 = VECTOR('',#11431,1.);
#11431 = DIRECTION('',(-1.,0.,0.));
#11432 = ORIENTED_EDGE('',*,*,#11433,.T.);
#11433 = EDGE_CURVE('',#11426,#11434,#11436,.T.);
#11434 = VERTEX_POINT('',#11435);
#11435 = CARTESIAN_POINT('',(3.11,-2.16,0.));
#11436 = LINE('',#11437,#11438);
#11437 = CARTESIAN_POINT('',(3.11,-2.7,0.));
#11438 = VECTOR('',#11439,1.);
#11439 = DIRECTION('',(0.,1.,0.));
#11440 = ORIENTED_EDGE('',*,*,#11441,.T.);
#11441 = EDGE_CURVE('',#11434,#11442,#11444,.T.);
#11442 = VERTEX_POINT('',#11443);
#11443 = CARTESIAN_POINT('',(-1.13,-2.16,0.));
#11444 = LINE('',#11445,#11446);
#11445 = CARTESIAN_POINT('',(3.11,-2.16,0.));
#11446 = VECTOR('',#11447,1.);
#11447 = DIRECTION('',(-1.,0.,0.));
#11448 = ORIENTED_EDGE('',*,*,#11449,.T.);
#11449 = EDGE_CURVE('',#11442,#11450,#11452,.T.);
#11450 = VERTEX_POINT('',#11451);
#11451 = CARTESIAN_POINT('',(-1.13,2.16,0.));
#11452 = LINE('',#11453,#11454);
#11453 = CARTESIAN_POINT('',(-1.13,-2.16,0.));
#11454 = VECTOR('',#11455,1.);
#11455 = DIRECTION('',(0.,1.,0.));
#11456 = ORIENTED_EDGE('',*,*,#11457,.T.);
#11457 = EDGE_CURVE('',#11450,#11458,#11460,.T.);
#11458 = VERTEX_POINT('',#11459);
#11459 = CARTESIAN_POINT('',(3.11,2.16,0.));
#11460 = LINE('',#11461,#11462);
#11461 = CARTESIAN_POINT('',(-1.13,2.16,0.));
#11462 = VECTOR('',#11463,1.);
#11463 = DIRECTION('',(1.,0.,0.));
#11464 = ORIENTED_EDGE('',*,*,#11465,.T.);
#11465 = EDGE_CURVE('',#11458,#11466,#11468,.T.);
#11466 = VERTEX_POINT('',#11467);
#11467 = CARTESIAN_POINT('',(3.11,2.7,0.));
#11468 = LINE('',#11469,#11470);
#11469 = CARTESIAN_POINT('',(3.11,2.16,0.));
#11470 = VECTOR('',#11471,1.);
#11471 = DIRECTION('',(0.,1.,0.));
#11472 = ORIENTED_EDGE('',*,*,#11473,.T.);
#11473 = EDGE_CURVE('',#11466,#11474,#11476,.T.);
#11474 = VERTEX_POINT('',#11475);
#11475 = CARTESIAN_POINT('',(4.07,2.7,0.));
#11476 = LINE('',#11477,#11478);
#11477 = CARTESIAN_POINT('',(3.11,2.7,0.));
#11478 = VECTOR('',#11479,1.);
#11479 = DIRECTION('',(1.,0.,0.));
#11480 = ORIENTED_EDGE('',*,*,#11481,.F.);
#11481 = EDGE_CURVE('',#11482,#11474,#11484,.T.);
#11482 = VERTEX_POINT('',#11483);
#11483 = CARTESIAN_POINT('',(4.11,2.66,0.));
#11484 = CIRCLE('',#11485,4.E-02);
#11485 = AXIS2_PLACEMENT_3D('',#11486,#11487,#11488);
#11486 = CARTESIAN_POINT('',(4.07,2.66,0.));
#11487 = DIRECTION('',(-0.,0.,1.));
#11488 = DIRECTION('',(0.,-1.,0.));
#11489 = ORIENTED_EDGE('',*,*,#11490,.F.);
#11490 = EDGE_CURVE('',#11491,#11482,#11493,.T.);
#11491 = VERTEX_POINT('',#11492);
#11492 = CARTESIAN_POINT('',(4.11,1.97,0.));
#11493 = LINE('',#11494,#11495);
#11494 = CARTESIAN_POINT('',(4.11,-2.7,0.));
#11495 = VECTOR('',#11496,1.);
#11496 = DIRECTION('',(0.,1.,0.));
#11497 = ORIENTED_EDGE('',*,*,#11498,.T.);
#11498 = EDGE_CURVE('',#11491,#11499,#11501,.T.);
#11499 = VERTEX_POINT('',#11500);
#11500 = CARTESIAN_POINT('',(4.03,1.89,0.));
#11501 = CIRCLE('',#11502,8.E-02);
#11502 = AXIS2_PLACEMENT_3D('',#11503,#11504,#11505);
#11503 = CARTESIAN_POINT('',(4.11,1.89,0.));
#11504 = DIRECTION('',(0.,0.,1.));
#11505 = DIRECTION('',(1.,0.,0.));
#11506 = ORIENTED_EDGE('',*,*,#11507,.T.);
#11507 = EDGE_CURVE('',#11499,#11400,#11508,.T.);
#11508 = LINE('',#11509,#11510);
#11509 = CARTESIAN_POINT('',(4.03,1.89,0.));
#11510 = VECTOR('',#11511,1.);
#11511 = DIRECTION('',(0.,-1.,0.));
#11512 = ORIENTED_EDGE('',*,*,#11407,.T.);
#11513 = PLANE('',#11514);
#11514 = AXIS2_PLACEMENT_3D('',#11515,#11516,#11517);
#11515 = CARTESIAN_POINT('',(1.705187969925,6.260656153901E-17,0.));
#11516 = DIRECTION('',(-0.,-0.,-1.));
#11517 = DIRECTION('',(-1.,0.,0.));
#11518 = ADVANCED_FACE('',(#11519),#11530,.T.);
#11519 = FACE_BOUND('',#11520,.T.);
#11520 = EDGE_LOOP('',(#11521,#11522,#11523,#11524));
#11521 = ORIENTED_EDGE('',*,*,#11425,.F.);
#11522 = ORIENTED_EDGE('',*,*,#11268,.T.);
#11523 = ORIENTED_EDGE('',*,*,#11292,.T.);
#11524 = ORIENTED_EDGE('',*,*,#11525,.F.);
#11525 = EDGE_CURVE('',#11426,#11293,#11526,.T.);
#11526 = LINE('',#11527,#11528);
#11527 = CARTESIAN_POINT('',(3.11,-2.7,0.));
#11528 = VECTOR('',#11529,1.);
#11529 = DIRECTION('',(0.,0.,1.));
#11530 = PLANE('',#11531);
#11531 = AXIS2_PLACEMENT_3D('',#11532,#11533,#11534);
#11532 = CARTESIAN_POINT('',(4.11,-2.7,0.));
#11533 = DIRECTION('',(0.,-1.,0.));
#11534 = DIRECTION('',(-1.,0.,0.));
#11535 = ADVANCED_FACE('',(#11536),#11547,.T.);
#11536 = FACE_BOUND('',#11537,.T.);
#11537 = EDGE_LOOP('',(#11538,#11544,#11545,#11546));
#11538 = ORIENTED_EDGE('',*,*,#11539,.T.);
#11539 = EDGE_CURVE('',#11499,#11366,#11540,.T.);
#11540 = LINE('',#11541,#11542);
#11541 = CARTESIAN_POINT('',(4.03,1.89,0.));
#11542 = VECTOR('',#11543,1.);
#11543 = DIRECTION('',(0.,0.,1.));
#11544 = ORIENTED_EDGE('',*,*,#11374,.T.);
#11545 = ORIENTED_EDGE('',*,*,#11399,.F.);
#11546 = ORIENTED_EDGE('',*,*,#11507,.F.);
#11547 = PLANE('',#11548);
#11548 = AXIS2_PLACEMENT_3D('',#11549,#11550,#11551);
#11549 = CARTESIAN_POINT('',(4.03,1.89,0.));
#11550 = DIRECTION('',(1.,0.,0.));
#11551 = DIRECTION('',(0.,-1.,0.));
#11552 = ADVANCED_FACE('',(#11553),#11564,.F.);
#11553 = FACE_BOUND('',#11554,.F.);
#11554 = EDGE_LOOP('',(#11555,#11556,#11557,#11563));
#11555 = ORIENTED_EDGE('',*,*,#11539,.T.);
#11556 = ORIENTED_EDGE('',*,*,#11365,.T.);
#11557 = ORIENTED_EDGE('',*,*,#11558,.T.);
#11558 = EDGE_CURVE('',#11358,#11491,#11559,.T.);
#11559 = LINE('',#11560,#11561);
#11560 = CARTESIAN_POINT('',(4.11,1.97,0.));
#11561 = VECTOR('',#11562,1.);
#11562 = DIRECTION('',(-0.,-0.,-1.));
#11563 = ORIENTED_EDGE('',*,*,#11498,.T.);
#11564 = CYLINDRICAL_SURFACE('',#11565,8.E-02);
#11565 = AXIS2_PLACEMENT_3D('',#11566,#11567,#11568);
#11566 = CARTESIAN_POINT('',(4.11,1.89,0.));
#11567 = DIRECTION('',(-0.,-0.,-1.));
#11568 = DIRECTION('',(1.,0.,0.));
#11569 = ADVANCED_FACE('',(#11570),#11581,.T.);
#11570 = FACE_BOUND('',#11571,.T.);
#11571 = EDGE_LOOP('',(#11572,#11573,#11574,#11580));
#11572 = ORIENTED_EDGE('',*,*,#11558,.T.);
#11573 = ORIENTED_EDGE('',*,*,#11490,.T.);
#11574 = ORIENTED_EDGE('',*,*,#11575,.T.);
#11575 = EDGE_CURVE('',#11482,#11349,#11576,.T.);
#11576 = LINE('',#11577,#11578);
#11577 = CARTESIAN_POINT('',(4.11,2.66,0.));
#11578 = VECTOR('',#11579,1.);
#11579 = DIRECTION('',(0.,0.,1.));
#11580 = ORIENTED_EDGE('',*,*,#11357,.T.);
#11581 = PLANE('',#11582);
#11582 = AXIS2_PLACEMENT_3D('',#11583,#11584,#11585);
#11583 = CARTESIAN_POINT('',(4.11,0.,0.));
#11584 = DIRECTION('',(1.,0.,0.));
#11585 = DIRECTION('',(0.,-1.,0.));
#11586 = ADVANCED_FACE('',(#11587),#11598,.T.);
#11587 = FACE_BOUND('',#11588,.T.);
#11588 = EDGE_LOOP('',(#11589,#11590,#11596,#11597));
#11589 = ORIENTED_EDGE('',*,*,#11481,.T.);
#11590 = ORIENTED_EDGE('',*,*,#11591,.T.);
#11591 = EDGE_CURVE('',#11474,#11341,#11592,.T.);
#11592 = LINE('',#11593,#11594);
#11593 = CARTESIAN_POINT('',(4.07,2.7,0.));
#11594 = VECTOR('',#11595,1.);
#11595 = DIRECTION('',(0.,0.,1.));
#11596 = ORIENTED_EDGE('',*,*,#11348,.F.);
#11597 = ORIENTED_EDGE('',*,*,#11575,.F.);
#11598 = CYLINDRICAL_SURFACE('',#11599,4.E-02);
#11599 = AXIS2_PLACEMENT_3D('',#11600,#11601,#11602);
#11600 = CARTESIAN_POINT('',(4.07,2.66,0.));
#11601 = DIRECTION('',(0.,0.,1.));
#11602 = DIRECTION('',(1.,0.,0.));
#11603 = ADVANCED_FACE('',(#11604),#11615,.T.);
#11604 = FACE_BOUND('',#11605,.T.);
#11605 = EDGE_LOOP('',(#11606,#11607,#11613,#11614));
#11606 = ORIENTED_EDGE('',*,*,#11473,.F.);
#11607 = ORIENTED_EDGE('',*,*,#11608,.T.);
#11608 = EDGE_CURVE('',#11466,#11333,#11609,.T.);
#11609 = LINE('',#11610,#11611);
#11610 = CARTESIAN_POINT('',(3.11,2.7,0.));
#11611 = VECTOR('',#11612,1.);
#11612 = DIRECTION('',(0.,0.,1.));
#11613 = ORIENTED_EDGE('',*,*,#11340,.T.);
#11614 = ORIENTED_EDGE('',*,*,#11591,.F.);
#11615 = PLANE('',#11616);
#11616 = AXIS2_PLACEMENT_3D('',#11617,#11618,#11619);
#11617 = CARTESIAN_POINT('',(3.11,2.7,0.));
#11618 = DIRECTION('',(0.,1.,0.));
#11619 = DIRECTION('',(1.,0.,0.));
#11620 = ADVANCED_FACE('',(#11621),#11632,.T.);
#11621 = FACE_BOUND('',#11622,.T.);
#11622 = EDGE_LOOP('',(#11623,#11629,#11630,#11631));
#11623 = ORIENTED_EDGE('',*,*,#11624,.T.);
#11624 = EDGE_CURVE('',#11458,#11325,#11625,.T.);
#11625 = LINE('',#11626,#11627);
#11626 = CARTESIAN_POINT('',(3.11,2.16,0.));
#11627 = VECTOR('',#11628,1.);
#11628 = DIRECTION('',(0.,0.,1.));
#11629 = ORIENTED_EDGE('',*,*,#11332,.T.);
#11630 = ORIENTED_EDGE('',*,*,#11608,.F.);
#11631 = ORIENTED_EDGE('',*,*,#11465,.F.);
#11632 = PLANE('',#11633);
#11633 = AXIS2_PLACEMENT_3D('',#11634,#11635,#11636);
#11634 = CARTESIAN_POINT('',(3.11,2.16,0.));
#11635 = DIRECTION('',(-1.,0.,0.));
#11636 = DIRECTION('',(0.,1.,0.));
#11637 = ADVANCED_FACE('',(#11638),#11649,.T.);
#11638 = FACE_BOUND('',#11639,.T.);
#11639 = EDGE_LOOP('',(#11640,#11646,#11647,#11648));
#11640 = ORIENTED_EDGE('',*,*,#11641,.T.);
#11641 = EDGE_CURVE('',#11450,#11317,#11642,.T.);
#11642 = LINE('',#11643,#11644);
#11643 = CARTESIAN_POINT('',(-1.13,2.16,0.));
#11644 = VECTOR('',#11645,1.);
#11645 = DIRECTION('',(0.,0.,1.));
#11646 = ORIENTED_EDGE('',*,*,#11324,.T.);
#11647 = ORIENTED_EDGE('',*,*,#11624,.F.);
#11648 = ORIENTED_EDGE('',*,*,#11457,.F.);
#11649 = PLANE('',#11650);
#11650 = AXIS2_PLACEMENT_3D('',#11651,#11652,#11653);
#11651 = CARTESIAN_POINT('',(-1.13,2.16,0.));
#11652 = DIRECTION('',(0.,1.,0.));
#11653 = DIRECTION('',(1.,0.,0.));
#11654 = ADVANCED_FACE('',(#11655),#11666,.T.);
#11655 = FACE_BOUND('',#11656,.T.);
#11656 = EDGE_LOOP('',(#11657,#11663,#11664,#11665));
#11657 = ORIENTED_EDGE('',*,*,#11658,.T.);
#11658 = EDGE_CURVE('',#11442,#11309,#11659,.T.);
#11659 = LINE('',#11660,#11661);
#11660 = CARTESIAN_POINT('',(-1.13,-2.16,0.));
#11661 = VECTOR('',#11662,1.);
#11662 = DIRECTION('',(0.,0.,1.));
#11663 = ORIENTED_EDGE('',*,*,#11316,.T.);
#11664 = ORIENTED_EDGE('',*,*,#11641,.F.);
#11665 = ORIENTED_EDGE('',*,*,#11449,.F.);
#11666 = PLANE('',#11667);
#11667 = AXIS2_PLACEMENT_3D('',#11668,#11669,#11670);
#11668 = CARTESIAN_POINT('',(-1.13,-2.16,0.));
#11669 = DIRECTION('',(-1.,0.,0.));
#11670 = DIRECTION('',(0.,1.,0.));
#11671 = ADVANCED_FACE('',(#11672),#11683,.T.);
#11672 = FACE_BOUND('',#11673,.T.);
#11673 = EDGE_LOOP('',(#11674,#11680,#11681,#11682));
#11674 = ORIENTED_EDGE('',*,*,#11675,.T.);
#11675 = EDGE_CURVE('',#11434,#11301,#11676,.T.);
#11676 = LINE('',#11677,#11678);
#11677 = CARTESIAN_POINT('',(3.11,-2.16,0.));
#11678 = VECTOR('',#11679,1.);
#11679 = DIRECTION('',(0.,0.,1.));
#11680 = ORIENTED_EDGE('',*,*,#11308,.T.);
#11681 = ORIENTED_EDGE('',*,*,#11658,.F.);
#11682 = ORIENTED_EDGE('',*,*,#11441,.F.);
#11683 = PLANE('',#11684);
#11684 = AXIS2_PLACEMENT_3D('',#11685,#11686,#11687);
#11685 = CARTESIAN_POINT('',(3.11,-2.16,0.));
#11686 = DIRECTION('',(0.,-1.,0.));
#11687 = DIRECTION('',(-1.,0.,0.));
#11688 = ADVANCED_FACE('',(#11689),#11695,.T.);
#11689 = FACE_BOUND('',#11690,.T.);
#11690 = EDGE_LOOP('',(#11691,#11692,#11693,#11694));
#11691 = ORIENTED_EDGE('',*,*,#11525,.T.);
#11692 = ORIENTED_EDGE('',*,*,#11300,.T.);
#11693 = ORIENTED_EDGE('',*,*,#11675,.F.);
#11694 = ORIENTED_EDGE('',*,*,#11433,.F.);
#11695 = PLANE('',#11696);
#11696 = AXIS2_PLACEMENT_3D('',#11697,#11698,#11699);
#11697 = CARTESIAN_POINT('',(3.11,-2.7,0.));
#11698 = DIRECTION('',(-1.,0.,0.));
#11699 = DIRECTION('',(0.,1.,0.));
#11700 = MANIFOLD_SOLID_BREP('',#11701);
#11701 = CLOSED_SHELL('',(#11702,#11760,#11826,#11882,#11906,#11962,
    #12021,#12038,#12055,#12122,#12139,#12170,#12194,#12219,#12236,
    #12260,#12285,#12302,#12325,#12342,#12361,#12378));
#11702 = ADVANCED_FACE('',(#11703),#11755,.T.);
#11703 = FACE_BOUND('',#11704,.T.);
#11704 = EDGE_LOOP('',(#11705,#11716,#11724,#11733,#11741,#11749));
#11705 = ORIENTED_EDGE('',*,*,#11706,.T.);
#11706 = EDGE_CURVE('',#11707,#11709,#11711,.T.);
#11707 = VERTEX_POINT('',#11708);
#11708 = CARTESIAN_POINT('',(-4.237701336216,-1.785,0.93988764291));
#11709 = VERTEX_POINT('',#11710);
#11710 = CARTESIAN_POINT('',(-4.24,-1.785,0.939877074976));
#11711 = CIRCLE('',#11712,0.25);
#11712 = AXIS2_PLACEMENT_3D('',#11713,#11714,#11715);
#11713 = CARTESIAN_POINT('',(-4.237701336216,-1.785,0.68988764291));
#11714 = DIRECTION('',(0.,-1.,0.));
#11715 = DIRECTION('',(-3.5527136788E-15,0.,1.));
#11716 = ORIENTED_EDGE('',*,*,#11717,.T.);
#11717 = EDGE_CURVE('',#11709,#11718,#11720,.T.);
#11718 = VERTEX_POINT('',#11719);
#11719 = CARTESIAN_POINT('',(-4.24,-1.785,1.439884120332));
#11720 = LINE('',#11721,#11722);
#11721 = CARTESIAN_POINT('',(-4.24,-1.785,0.437372862773));
#11722 = VECTOR('',#11723,1.);
#11723 = DIRECTION('',(0.,5.472315783042E-31,1.));
#11724 = ORIENTED_EDGE('',*,*,#11725,.T.);
#11725 = EDGE_CURVE('',#11718,#11726,#11728,.T.);
#11726 = VERTEX_POINT('',#11727);
#11727 = CARTESIAN_POINT('',(-4.237701336216,-1.785,1.43988764291));
#11728 = CIRCLE('',#11729,0.75);
#11729 = AXIS2_PLACEMENT_3D('',#11730,#11731,#11732);
#11730 = CARTESIAN_POINT('',(-4.237701336216,-1.785,0.68988764291));
#11731 = DIRECTION('',(0.,1.,-0.));
#11732 = DIRECTION('',(-0.939692620786,0.,0.342020143326));
#11733 = ORIENTED_EDGE('',*,*,#11734,.T.);
#11734 = EDGE_CURVE('',#11726,#11735,#11737,.T.);
#11735 = VERTEX_POINT('',#11736);
#11736 = CARTESIAN_POINT('',(-3.49,-1.785,1.43988764291));
#11737 = LINE('',#11738,#11739);
#11738 = CARTESIAN_POINT('',(-4.237701336216,-1.785,1.43988764291));
#11739 = VECTOR('',#11740,1.);
#11740 = DIRECTION('',(1.,0.,-1.110223024625E-16));
#11741 = ORIENTED_EDGE('',*,*,#11742,.T.);
#11742 = EDGE_CURVE('',#11735,#11743,#11745,.T.);
#11743 = VERTEX_POINT('',#11744);
#11744 = CARTESIAN_POINT('',(-3.49,-1.785,0.93988764291));
#11745 = LINE('',#11746,#11747);
#11746 = CARTESIAN_POINT('',(-3.49,-1.785,0.437372862773));
#11747 = VECTOR('',#11748,1.);
#11748 = DIRECTION('',(0.,-5.472315783042E-31,-1.));
#11749 = ORIENTED_EDGE('',*,*,#11750,.T.);
#11750 = EDGE_CURVE('',#11743,#11707,#11751,.T.);
#11751 = LINE('',#11752,#11753);
#11752 = CARTESIAN_POINT('',(-2.237701336216,-1.785,0.93988764291));
#11753 = VECTOR('',#11754,1.);
#11754 = DIRECTION('',(-1.,0.,1.110223024625E-16));
#11755 = PLANE('',#11756);
#11756 = AXIS2_PLACEMENT_3D('',#11757,#11758,#11759);
#11757 = CARTESIAN_POINT('',(-4.091426690538,-1.785,0.874745725546));
#11758 = DIRECTION('',(1.925014880134E-31,1.,-5.472315783042E-31));
#11759 = DIRECTION('',(0.,5.472315783042E-31,1.));
#11760 = ADVANCED_FACE('',(#11761),#11821,.F.);
#11761 = FACE_BOUND('',#11762,.F.);
#11762 = EDGE_LOOP('',(#11763,#11771,#11780,#11788,#11797,#11805,#11814,
    #11820));
#11763 = ORIENTED_EDGE('',*,*,#11764,.F.);
#11764 = EDGE_CURVE('',#11765,#11709,#11767,.T.);
#11765 = VERTEX_POINT('',#11766);
#11766 = CARTESIAN_POINT('',(-4.24,-1.905,0.939877074976));
#11767 = LINE('',#11768,#11769);
#11768 = CARTESIAN_POINT('',(-4.24,-1.785,0.939877074976));
#11769 = VECTOR('',#11770,1.);
#11770 = DIRECTION('',(0.,1.,0.));
#11771 = ORIENTED_EDGE('',*,*,#11772,.T.);
#11772 = EDGE_CURVE('',#11765,#11773,#11775,.T.);
#11773 = VERTEX_POINT('',#11774);
#11774 = CARTESIAN_POINT('',(-4.472624491413,-1.905,0.775392678742));
#11775 = CIRCLE('',#11776,0.25);
#11776 = AXIS2_PLACEMENT_3D('',#11777,#11778,#11779);
#11777 = CARTESIAN_POINT('',(-4.237701336216,-1.905,0.68988764291));
#11778 = DIRECTION('',(0.,-1.,0.));
#11779 = DIRECTION('',(-3.5527136788E-15,0.,1.));
#11780 = ORIENTED_EDGE('',*,*,#11781,.T.);
#11781 = EDGE_CURVE('',#11773,#11782,#11784,.T.);
#11782 = VERTEX_POINT('',#11783);
#11783 = CARTESIAN_POINT('',(-4.472624491413,-2.655,0.775392678742));
#11784 = LINE('',#11785,#11786);
#11785 = CARTESIAN_POINT('',(-4.472624491413,-1.905,0.775392678742));
#11786 = VECTOR('',#11787,1.);
#11787 = DIRECTION('',(0.,-1.,0.));
#11788 = ORIENTED_EDGE('',*,*,#11789,.F.);
#11789 = EDGE_CURVE('',#11790,#11782,#11792,.T.);
#11790 = VERTEX_POINT('',#11791);
#11791 = CARTESIAN_POINT('',(-4.24,-2.655,0.939877074976));
#11792 = CIRCLE('',#11793,0.25);
#11793 = AXIS2_PLACEMENT_3D('',#11794,#11795,#11796);
#11794 = CARTESIAN_POINT('',(-4.237701336216,-2.655,0.68988764291));
#11795 = DIRECTION('',(0.,-1.,0.));
#11796 = DIRECTION('',(-3.5527136788E-15,0.,1.));
#11797 = ORIENTED_EDGE('',*,*,#11798,.F.);
#11798 = EDGE_CURVE('',#11799,#11790,#11801,.T.);
#11799 = VERTEX_POINT('',#11800);
#11800 = CARTESIAN_POINT('',(-4.24,-2.775,0.939877074976));
#11801 = LINE('',#11802,#11803);
#11802 = CARTESIAN_POINT('',(-4.24,-1.785,0.939877074976));
#11803 = VECTOR('',#11804,1.);
#11804 = DIRECTION('',(0.,1.,0.));
#11805 = ORIENTED_EDGE('',*,*,#11806,.F.);
#11806 = EDGE_CURVE('',#11807,#11799,#11809,.T.);
#11807 = VERTEX_POINT('',#11808);
#11808 = CARTESIAN_POINT('',(-4.237701336216,-2.775,0.93988764291));
#11809 = CIRCLE('',#11810,0.25);
#11810 = AXIS2_PLACEMENT_3D('',#11811,#11812,#11813);
#11811 = CARTESIAN_POINT('',(-4.237701336216,-2.775,0.68988764291));
#11812 = DIRECTION('',(0.,-1.,0.));
#11813 = DIRECTION('',(-3.5527136788E-15,0.,1.));
#11814 = ORIENTED_EDGE('',*,*,#11815,.F.);
#11815 = EDGE_CURVE('',#11707,#11807,#11816,.T.);
#11816 = LINE('',#11817,#11818);
#11817 = CARTESIAN_POINT('',(-4.237701336216,-1.785,0.93988764291));
#11818 = VECTOR('',#11819,1.);
#11819 = DIRECTION('',(0.,-1.,0.));
#11820 = ORIENTED_EDGE('',*,*,#11706,.T.);
#11821 = CYLINDRICAL_SURFACE('',#11822,0.25);
#11822 = AXIS2_PLACEMENT_3D('',#11823,#11824,#11825);
#11823 = CARTESIAN_POINT('',(-4.237701336216,-1.785,0.68988764291));
#11824 = DIRECTION('',(0.,1.,0.));
#11825 = DIRECTION('',(-3.5527136788E-15,0.,1.));
#11826 = ADVANCED_FACE('',(#11827),#11877,.T.);
#11827 = FACE_BOUND('',#11828,.T.);
#11828 = EDGE_LOOP('',(#11829,#11830,#11838,#11846,#11854,#11862,#11870,
    #11876));
#11829 = ORIENTED_EDGE('',*,*,#11750,.F.);
#11830 = ORIENTED_EDGE('',*,*,#11831,.T.);
#11831 = EDGE_CURVE('',#11743,#11832,#11834,.T.);
#11832 = VERTEX_POINT('',#11833);
#11833 = CARTESIAN_POINT('',(-3.49,-1.905,0.93988764291));
#11834 = LINE('',#11835,#11836);
#11835 = CARTESIAN_POINT('',(-3.49,0.7325,0.93988764291));
#11836 = VECTOR('',#11837,1.);
#11837 = DIRECTION('',(0.,-1.,0.));
#11838 = ORIENTED_EDGE('',*,*,#11839,.F.);
#11839 = EDGE_CURVE('',#11840,#11832,#11842,.T.);
#11840 = VERTEX_POINT('',#11841);
#11841 = CARTESIAN_POINT('',(-2.237701336216,-1.905,0.93988764291));
#11842 = LINE('',#11843,#11844);
#11843 = CARTESIAN_POINT('',(-2.237701336216,-1.905,0.93988764291));
#11844 = VECTOR('',#11845,1.);
#11845 = DIRECTION('',(-1.,0.,1.110223024625E-16));
#11846 = ORIENTED_EDGE('',*,*,#11847,.T.);
#11847 = EDGE_CURVE('',#11840,#11848,#11850,.T.);
#11848 = VERTEX_POINT('',#11849);
#11849 = CARTESIAN_POINT('',(-2.237701336216,-2.655,0.93988764291));
#11850 = LINE('',#11851,#11852);
#11851 = CARTESIAN_POINT('',(-2.237701336216,-1.905,0.93988764291));
#11852 = VECTOR('',#11853,1.);
#11853 = DIRECTION('',(0.,-1.,0.));
#11854 = ORIENTED_EDGE('',*,*,#11855,.T.);
#11855 = EDGE_CURVE('',#11848,#11856,#11858,.T.);
#11856 = VERTEX_POINT('',#11857);
#11857 = CARTESIAN_POINT('',(-3.49,-2.655,0.93988764291));
#11858 = LINE('',#11859,#11860);
#11859 = CARTESIAN_POINT('',(-2.237701336216,-2.655,0.93988764291));
#11860 = VECTOR('',#11861,1.);
#11861 = DIRECTION('',(-1.,0.,1.110223024625E-16));
#11862 = ORIENTED_EDGE('',*,*,#11863,.T.);
#11863 = EDGE_CURVE('',#11856,#11864,#11866,.T.);
#11864 = VERTEX_POINT('',#11865);
#11865 = CARTESIAN_POINT('',(-3.49,-2.775,0.93988764291));
#11866 = LINE('',#11867,#11868);
#11867 = CARTESIAN_POINT('',(-3.49,0.7325,0.93988764291));
#11868 = VECTOR('',#11869,1.);
#11869 = DIRECTION('',(0.,-1.,0.));
#11870 = ORIENTED_EDGE('',*,*,#11871,.T.);
#11871 = EDGE_CURVE('',#11864,#11807,#11872,.T.);
#11872 = LINE('',#11873,#11874);
#11873 = CARTESIAN_POINT('',(-2.237701336216,-2.775,0.93988764291));
#11874 = VECTOR('',#11875,1.);
#11875 = DIRECTION('',(-1.,0.,1.110223024625E-16));
#11876 = ORIENTED_EDGE('',*,*,#11815,.F.);
#11877 = PLANE('',#11878);
#11878 = AXIS2_PLACEMENT_3D('',#11879,#11880,#11881);
#11879 = CARTESIAN_POINT('',(-2.237701336216,-1.785,0.93988764291));
#11880 = DIRECTION('',(-1.110223024625E-16,-0.,-1.));
#11881 = DIRECTION('',(-1.,0.,1.110223024625E-16));
#11882 = ADVANCED_FACE('',(#11883),#11901,.T.);
#11883 = FACE_BOUND('',#11884,.T.);
#11884 = EDGE_LOOP('',(#11885,#11886,#11894,#11900));
#11885 = ORIENTED_EDGE('',*,*,#11742,.F.);
#11886 = ORIENTED_EDGE('',*,*,#11887,.F.);
#11887 = EDGE_CURVE('',#11888,#11735,#11890,.T.);
#11888 = VERTEX_POINT('',#11889);
#11889 = CARTESIAN_POINT('',(-3.49,-1.905,1.43988764291));
#11890 = LINE('',#11891,#11892);
#11891 = CARTESIAN_POINT('',(-3.49,0.7325,1.43988764291));
#11892 = VECTOR('',#11893,1.);
#11893 = DIRECTION('',(0.,1.,0.));
#11894 = ORIENTED_EDGE('',*,*,#11895,.T.);
#11895 = EDGE_CURVE('',#11888,#11832,#11896,.T.);
#11896 = LINE('',#11897,#11898);
#11897 = CARTESIAN_POINT('',(-3.49,-1.905,0.437372862773));
#11898 = VECTOR('',#11899,1.);
#11899 = DIRECTION('',(0.,-5.472315783042E-31,-1.));
#11900 = ORIENTED_EDGE('',*,*,#11831,.F.);
#11901 = PLANE('',#11902);
#11902 = AXIS2_PLACEMENT_3D('',#11903,#11904,#11905);
#11903 = CARTESIAN_POINT('',(-3.49,3.25,0.));
#11904 = DIRECTION('',(1.,0.,0.));
#11905 = DIRECTION('',(0.,-1.,0.));
#11906 = ADVANCED_FACE('',(#11907),#11957,.T.);
#11907 = FACE_BOUND('',#11908,.T.);
#11908 = EDGE_LOOP('',(#11909,#11910,#11918,#11926,#11934,#11942,#11950,
    #11956));
#11909 = ORIENTED_EDGE('',*,*,#11734,.F.);
#11910 = ORIENTED_EDGE('',*,*,#11911,.T.);
#11911 = EDGE_CURVE('',#11726,#11912,#11914,.T.);
#11912 = VERTEX_POINT('',#11913);
#11913 = CARTESIAN_POINT('',(-4.237701336216,-2.775,1.43988764291));
#11914 = LINE('',#11915,#11916);
#11915 = CARTESIAN_POINT('',(-4.237701336216,-1.785,1.43988764291));
#11916 = VECTOR('',#11917,1.);
#11917 = DIRECTION('',(0.,-1.,0.));
#11918 = ORIENTED_EDGE('',*,*,#11919,.T.);
#11919 = EDGE_CURVE('',#11912,#11920,#11922,.T.);
#11920 = VERTEX_POINT('',#11921);
#11921 = CARTESIAN_POINT('',(-3.49,-2.775,1.43988764291));
#11922 = LINE('',#11923,#11924);
#11923 = CARTESIAN_POINT('',(-4.237701336216,-2.775,1.43988764291));
#11924 = VECTOR('',#11925,1.);
#11925 = DIRECTION('',(1.,0.,-1.110223024625E-16));
#11926 = ORIENTED_EDGE('',*,*,#11927,.T.);
#11927 = EDGE_CURVE('',#11920,#11928,#11930,.T.);
#11928 = VERTEX_POINT('',#11929);
#11929 = CARTESIAN_POINT('',(-3.49,-2.655,1.43988764291));
#11930 = LINE('',#11931,#11932);
#11931 = CARTESIAN_POINT('',(-3.49,0.7325,1.43988764291));
#11932 = VECTOR('',#11933,1.);
#11933 = DIRECTION('',(0.,1.,0.));
#11934 = ORIENTED_EDGE('',*,*,#11935,.T.);
#11935 = EDGE_CURVE('',#11928,#11936,#11938,.T.);
#11936 = VERTEX_POINT('',#11937);
#11937 = CARTESIAN_POINT('',(-2.237701336216,-2.655,1.43988764291));
#11938 = LINE('',#11939,#11940);
#11939 = CARTESIAN_POINT('',(-4.237701336216,-2.655,1.43988764291));
#11940 = VECTOR('',#11941,1.);
#11941 = DIRECTION('',(1.,0.,-1.110223024625E-16));
#11942 = ORIENTED_EDGE('',*,*,#11943,.F.);
#11943 = EDGE_CURVE('',#11944,#11936,#11946,.T.);
#11944 = VERTEX_POINT('',#11945);
#11945 = CARTESIAN_POINT('',(-2.237701336216,-1.905,1.43988764291));
#11946 = LINE('',#11947,#11948);
#11947 = CARTESIAN_POINT('',(-2.237701336216,-1.905,1.43988764291));
#11948 = VECTOR('',#11949,1.);
#11949 = DIRECTION('',(0.,-1.,0.));
#11950 = ORIENTED_EDGE('',*,*,#11951,.F.);
#11951 = EDGE_CURVE('',#11888,#11944,#11952,.T.);
#11952 = LINE('',#11953,#11954);
#11953 = CARTESIAN_POINT('',(-4.237701336216,-1.905,1.43988764291));
#11954 = VECTOR('',#11955,1.);
#11955 = DIRECTION('',(1.,0.,-1.110223024625E-16));
#11956 = ORIENTED_EDGE('',*,*,#11887,.T.);
#11957 = PLANE('',#11958);
#11958 = AXIS2_PLACEMENT_3D('',#11959,#11960,#11961);
#11959 = CARTESIAN_POINT('',(-4.237701336216,-1.785,1.43988764291));
#11960 = DIRECTION('',(1.110223024625E-16,0.,1.));
#11961 = DIRECTION('',(1.,0.,-1.110223024625E-16));
#11962 = ADVANCED_FACE('',(#11963),#12016,.T.);
#11963 = FACE_BOUND('',#11964,.T.);
#11964 = EDGE_LOOP('',(#11965,#11966,#11974,#11983,#11991,#12000,#12008,
    #12015));
#11965 = ORIENTED_EDGE('',*,*,#11725,.F.);
#11966 = ORIENTED_EDGE('',*,*,#11967,.F.);
#11967 = EDGE_CURVE('',#11968,#11718,#11970,.T.);
#11968 = VERTEX_POINT('',#11969);
#11969 = CARTESIAN_POINT('',(-4.24,-1.905,1.439884120332));
#11970 = LINE('',#11971,#11972);
#11971 = CARTESIAN_POINT('',(-4.24,-1.785,1.439884120332));
#11972 = VECTOR('',#11973,1.);
#11973 = DIRECTION('',(0.,1.,0.));
#11974 = ORIENTED_EDGE('',*,*,#11975,.F.);
#11975 = EDGE_CURVE('',#11976,#11968,#11978,.T.);
#11976 = VERTEX_POINT('',#11977);
#11977 = CARTESIAN_POINT('',(-4.942470801806,-1.905,0.946402750404));
#11978 = CIRCLE('',#11979,0.75);
#11979 = AXIS2_PLACEMENT_3D('',#11980,#11981,#11982);
#11980 = CARTESIAN_POINT('',(-4.237701336216,-1.905,0.68988764291));
#11981 = DIRECTION('',(0.,1.,-0.));
#11982 = DIRECTION('',(-0.939692620786,0.,0.342020143326));
#11983 = ORIENTED_EDGE('',*,*,#11984,.T.);
#11984 = EDGE_CURVE('',#11976,#11985,#11987,.T.);
#11985 = VERTEX_POINT('',#11986);
#11986 = CARTESIAN_POINT('',(-4.942470801806,-2.655,0.946402750404));
#11987 = LINE('',#11988,#11989);
#11988 = CARTESIAN_POINT('',(-4.942470801806,-1.905,0.946402750404));
#11989 = VECTOR('',#11990,1.);
#11990 = DIRECTION('',(0.,-1.,0.));
#11991 = ORIENTED_EDGE('',*,*,#11992,.T.);
#11992 = EDGE_CURVE('',#11985,#11993,#11995,.T.);
#11993 = VERTEX_POINT('',#11994);
#11994 = CARTESIAN_POINT('',(-4.24,-2.655,1.439884120332));
#11995 = CIRCLE('',#11996,0.75);
#11996 = AXIS2_PLACEMENT_3D('',#11997,#11998,#11999);
#11997 = CARTESIAN_POINT('',(-4.237701336216,-2.655,0.68988764291));
#11998 = DIRECTION('',(0.,1.,-0.));
#11999 = DIRECTION('',(-0.939692620786,0.,0.342020143326));
#12000 = ORIENTED_EDGE('',*,*,#12001,.F.);
#12001 = EDGE_CURVE('',#12002,#11993,#12004,.T.);
#12002 = VERTEX_POINT('',#12003);
#12003 = CARTESIAN_POINT('',(-4.24,-2.775,1.439884120332));
#12004 = LINE('',#12005,#12006);
#12005 = CARTESIAN_POINT('',(-4.24,-1.785,1.439884120332));
#12006 = VECTOR('',#12007,1.);
#12007 = DIRECTION('',(0.,1.,0.));
#12008 = ORIENTED_EDGE('',*,*,#12009,.T.);
#12009 = EDGE_CURVE('',#12002,#11912,#12010,.T.);
#12010 = CIRCLE('',#12011,0.75);
#12011 = AXIS2_PLACEMENT_3D('',#12012,#12013,#12014);
#12012 = CARTESIAN_POINT('',(-4.237701336216,-2.775,0.68988764291));
#12013 = DIRECTION('',(0.,1.,-0.));
#12014 = DIRECTION('',(-0.939692620786,0.,0.342020143326));
#12015 = ORIENTED_EDGE('',*,*,#11911,.F.);
#12016 = CYLINDRICAL_SURFACE('',#12017,0.75);
#12017 = AXIS2_PLACEMENT_3D('',#12018,#12019,#12020);
#12018 = CARTESIAN_POINT('',(-4.237701336216,-1.785,0.68988764291));
#12019 = DIRECTION('',(0.,1.,0.));
#12020 = DIRECTION('',(-0.939692620786,0.,0.342020143326));
#12021 = ADVANCED_FACE('',(#12022),#12033,.T.);
#12022 = FACE_BOUND('',#12023,.T.);
#12023 = EDGE_LOOP('',(#12024,#12025,#12031,#12032));
#12024 = ORIENTED_EDGE('',*,*,#11764,.F.);
#12025 = ORIENTED_EDGE('',*,*,#12026,.T.);
#12026 = EDGE_CURVE('',#11765,#11968,#12027,.T.);
#12027 = LINE('',#12028,#12029);
#12028 = CARTESIAN_POINT('',(-4.24,-1.905,0.437372862773));
#12029 = VECTOR('',#12030,1.);
#12030 = DIRECTION('',(0.,5.472315783042E-31,1.));
#12031 = ORIENTED_EDGE('',*,*,#11967,.T.);
#12032 = ORIENTED_EDGE('',*,*,#11717,.F.);
#12033 = PLANE('',#12034);
#12034 = AXIS2_PLACEMENT_3D('',#12035,#12036,#12037);
#12035 = CARTESIAN_POINT('',(-4.24,-3.25,0.));
#12036 = DIRECTION('',(-1.,0.,0.));
#12037 = DIRECTION('',(0.,1.,0.));
#12038 = ADVANCED_FACE('',(#12039),#12050,.T.);
#12039 = FACE_BOUND('',#12040,.T.);
#12040 = EDGE_LOOP('',(#12041,#12042,#12043,#12049));
#12041 = ORIENTED_EDGE('',*,*,#11895,.F.);
#12042 = ORIENTED_EDGE('',*,*,#11951,.T.);
#12043 = ORIENTED_EDGE('',*,*,#12044,.T.);
#12044 = EDGE_CURVE('',#11944,#11840,#12045,.T.);
#12045 = LINE('',#12046,#12047);
#12046 = CARTESIAN_POINT('',(-2.237701336216,-1.905,1.43988764291));
#12047 = VECTOR('',#12048,1.);
#12048 = DIRECTION('',(0.,0.,-1.));
#12049 = ORIENTED_EDGE('',*,*,#11839,.T.);
#12050 = PLANE('',#12051);
#12051 = AXIS2_PLACEMENT_3D('',#12052,#12053,#12054);
#12052 = CARTESIAN_POINT('',(-4.091426690538,-1.905,0.874745725546));
#12053 = DIRECTION('',(1.925014880134E-31,1.,-5.472315783042E-31));
#12054 = DIRECTION('',(0.,5.472315783042E-31,1.));
#12055 = ADVANCED_FACE('',(#12056),#12117,.T.);
#12056 = FACE_BOUND('',#12057,.T.);
#12057 = EDGE_LOOP('',(#12058,#12068,#12076,#12085,#12091,#12092,#12093,
    #12094,#12102,#12111));
#12058 = ORIENTED_EDGE('',*,*,#12059,.T.);
#12059 = EDGE_CURVE('',#12060,#12062,#12064,.T.);
#12060 = VERTEX_POINT('',#12061);
#12061 = CARTESIAN_POINT('',(-5.79,-1.905,-2.70609920631E-16));
#12062 = VERTEX_POINT('',#12063);
#12063 = CARTESIAN_POINT('',(-5.79,-1.905,0.5));
#12064 = LINE('',#12065,#12066);
#12065 = CARTESIAN_POINT('',(-5.79,-1.905,-2.70609920631E-16));
#12066 = VECTOR('',#12067,1.);
#12067 = DIRECTION('',(1.7763568394E-15,0.,1.));
#12068 = ORIENTED_EDGE('',*,*,#12069,.T.);
#12069 = EDGE_CURVE('',#12062,#12070,#12072,.T.);
#12070 = VERTEX_POINT('',#12071);
#12071 = CARTESIAN_POINT('',(-5.28,-1.905,0.5));
#12072 = LINE('',#12073,#12074);
#12073 = CARTESIAN_POINT('',(-5.79,-1.905,0.5));
#12074 = VECTOR('',#12075,1.);
#12075 = DIRECTION('',(1.,0.,0.));
#12076 = ORIENTED_EDGE('',*,*,#12077,.T.);
#12077 = EDGE_CURVE('',#12070,#12078,#12080,.T.);
#12078 = VERTEX_POINT('',#12079);
#12079 = CARTESIAN_POINT('',(-5.045076844804,-1.905,0.664494964169));
#12080 = CIRCLE('',#12081,0.25);
#12081 = AXIS2_PLACEMENT_3D('',#12082,#12083,#12084);
#12082 = CARTESIAN_POINT('',(-5.28,-1.905,0.75));
#12083 = DIRECTION('',(0.,-1.,0.));
#12084 = DIRECTION('',(0.,0.,-1.));
#12085 = ORIENTED_EDGE('',*,*,#12086,.T.);
#12086 = EDGE_CURVE('',#12078,#11976,#12087,.T.);
#12087 = LINE('',#12088,#12089);
#12088 = CARTESIAN_POINT('',(-5.045076844804,-1.905,0.664494964169));
#12089 = VECTOR('',#12090,1.);
#12090 = DIRECTION('',(0.342020143326,0.,0.939692620786));
#12091 = ORIENTED_EDGE('',*,*,#11975,.T.);
#12092 = ORIENTED_EDGE('',*,*,#12026,.F.);
#12093 = ORIENTED_EDGE('',*,*,#11772,.T.);
#12094 = ORIENTED_EDGE('',*,*,#12095,.T.);
#12095 = EDGE_CURVE('',#11773,#12096,#12098,.T.);
#12096 = VERTEX_POINT('',#12097);
#12097 = CARTESIAN_POINT('',(-4.575230534411,-1.905,0.493484892506));
#12098 = LINE('',#12099,#12100);
#12099 = CARTESIAN_POINT('',(-4.472624491413,-1.905,0.775392678742));
#12100 = VECTOR('',#12101,1.);
#12101 = DIRECTION('',(-0.342020143326,0.,-0.939692620786));
#12102 = ORIENTED_EDGE('',*,*,#12103,.T.);
#12103 = EDGE_CURVE('',#12096,#12104,#12106,.T.);
#12104 = VERTEX_POINT('',#12105);
#12105 = CARTESIAN_POINT('',(-5.28,-1.905,-2.22044604925E-16));
#12106 = CIRCLE('',#12107,0.75);
#12107 = AXIS2_PLACEMENT_3D('',#12108,#12109,#12110);
#12108 = CARTESIAN_POINT('',(-5.28,-1.905,0.75));
#12109 = DIRECTION('',(0.,1.,0.));
#12110 = DIRECTION('',(0.939692620786,0.,-0.342020143326));
#12111 = ORIENTED_EDGE('',*,*,#12112,.T.);
#12112 = EDGE_CURVE('',#12104,#12060,#12113,.T.);
#12113 = LINE('',#12114,#12115);
#12114 = CARTESIAN_POINT('',(-5.28,-1.905,-2.22044604925E-16));
#12115 = VECTOR('',#12116,1.);
#12116 = DIRECTION('',(-1.,0.,-9.522610922745E-17));
#12117 = PLANE('',#12118);
#12118 = AXIS2_PLACEMENT_3D('',#12119,#12120,#12121);
#12119 = CARTESIAN_POINT('',(-4.091426690538,-1.905,0.874745725546));
#12120 = DIRECTION('',(1.925014880134E-31,1.,-5.472315783042E-31));
#12121 = DIRECTION('',(0.,5.472315783042E-31,1.));
#12122 = ADVANCED_FACE('',(#12123),#12134,.T.);
#12123 = FACE_BOUND('',#12124,.T.);
#12124 = EDGE_LOOP('',(#12125,#12126,#12132,#12133));
#12125 = ORIENTED_EDGE('',*,*,#11943,.T.);
#12126 = ORIENTED_EDGE('',*,*,#12127,.T.);
#12127 = EDGE_CURVE('',#11936,#11848,#12128,.T.);
#12128 = LINE('',#12129,#12130);
#12129 = CARTESIAN_POINT('',(-2.237701336216,-2.655,1.43988764291));
#12130 = VECTOR('',#12131,1.);
#12131 = DIRECTION('',(0.,0.,-1.));
#12132 = ORIENTED_EDGE('',*,*,#11847,.F.);
#12133 = ORIENTED_EDGE('',*,*,#12044,.F.);
#12134 = PLANE('',#12135);
#12135 = AXIS2_PLACEMENT_3D('',#12136,#12137,#12138);
#12136 = CARTESIAN_POINT('',(-2.237701336216,-1.905,1.43988764291));
#12137 = DIRECTION('',(1.,0.,0.));
#12138 = DIRECTION('',(0.,0.,-1.));
#12139 = ADVANCED_FACE('',(#12140),#12165,.T.);
#12140 = FACE_BOUND('',#12141,.T.);
#12141 = EDGE_LOOP('',(#12142,#12150,#12158,#12164));
#12142 = ORIENTED_EDGE('',*,*,#12143,.T.);
#12143 = EDGE_CURVE('',#12060,#12144,#12146,.T.);
#12144 = VERTEX_POINT('',#12145);
#12145 = CARTESIAN_POINT('',(-5.79,-2.655,-2.70609920631E-16));
#12146 = LINE('',#12147,#12148);
#12147 = CARTESIAN_POINT('',(-5.79,-1.905,-2.70609920631E-16));
#12148 = VECTOR('',#12149,1.);
#12149 = DIRECTION('',(0.,-1.,0.));
#12150 = ORIENTED_EDGE('',*,*,#12151,.T.);
#12151 = EDGE_CURVE('',#12144,#12152,#12154,.T.);
#12152 = VERTEX_POINT('',#12153);
#12153 = CARTESIAN_POINT('',(-5.79,-2.655,0.5));
#12154 = LINE('',#12155,#12156);
#12155 = CARTESIAN_POINT('',(-5.79,-2.655,-2.70609920631E-16));
#12156 = VECTOR('',#12157,1.);
#12157 = DIRECTION('',(1.7763568394E-15,0.,1.));
#12158 = ORIENTED_EDGE('',*,*,#12159,.F.);
#12159 = EDGE_CURVE('',#12062,#12152,#12160,.T.);
#12160 = LINE('',#12161,#12162);
#12161 = CARTESIAN_POINT('',(-5.79,-1.905,0.5));
#12162 = VECTOR('',#12163,1.);
#12163 = DIRECTION('',(0.,-1.,0.));
#12164 = ORIENTED_EDGE('',*,*,#12059,.F.);
#12165 = PLANE('',#12166);
#12166 = AXIS2_PLACEMENT_3D('',#12167,#12168,#12169);
#12167 = CARTESIAN_POINT('',(-5.79,-1.905,-2.70609920631E-16));
#12168 = DIRECTION('',(-1.,0.,1.7763568394E-15));
#12169 = DIRECTION('',(1.7763568394E-15,0.,1.));
#12170 = ADVANCED_FACE('',(#12171),#12189,.T.);
#12171 = FACE_BOUND('',#12172,.T.);
#12172 = EDGE_LOOP('',(#12173,#12181,#12187,#12188));
#12173 = ORIENTED_EDGE('',*,*,#12174,.T.);
#12174 = EDGE_CURVE('',#12104,#12175,#12177,.T.);
#12175 = VERTEX_POINT('',#12176);
#12176 = CARTESIAN_POINT('',(-5.28,-2.655,-2.22044604925E-16));
#12177 = LINE('',#12178,#12179);
#12178 = CARTESIAN_POINT('',(-5.28,-1.905,-2.22044604925E-16));
#12179 = VECTOR('',#12180,1.);
#12180 = DIRECTION('',(0.,-1.,0.));
#12181 = ORIENTED_EDGE('',*,*,#12182,.T.);
#12182 = EDGE_CURVE('',#12175,#12144,#12183,.T.);
#12183 = LINE('',#12184,#12185);
#12184 = CARTESIAN_POINT('',(-5.28,-2.655,-2.22044604925E-16));
#12185 = VECTOR('',#12186,1.);
#12186 = DIRECTION('',(-1.,0.,-9.522610922745E-17));
#12187 = ORIENTED_EDGE('',*,*,#12143,.F.);
#12188 = ORIENTED_EDGE('',*,*,#12112,.F.);
#12189 = PLANE('',#12190);
#12190 = AXIS2_PLACEMENT_3D('',#12191,#12192,#12193);
#12191 = CARTESIAN_POINT('',(-5.28,-1.905,-2.22044604925E-16));
#12192 = DIRECTION('',(9.522610922745E-17,0.,-1.));
#12193 = DIRECTION('',(-1.,0.,-9.522610922745E-17));
#12194 = ADVANCED_FACE('',(#12195),#12214,.T.);
#12195 = FACE_BOUND('',#12196,.T.);
#12196 = EDGE_LOOP('',(#12197,#12205,#12212,#12213));
#12197 = ORIENTED_EDGE('',*,*,#12198,.T.);
#12198 = EDGE_CURVE('',#12096,#12199,#12201,.T.);
#12199 = VERTEX_POINT('',#12200);
#12200 = CARTESIAN_POINT('',(-4.575230534411,-2.655,0.493484892506));
#12201 = LINE('',#12202,#12203);
#12202 = CARTESIAN_POINT('',(-4.575230534411,-1.905,0.493484892506));
#12203 = VECTOR('',#12204,1.);
#12204 = DIRECTION('',(0.,-1.,0.));
#12205 = ORIENTED_EDGE('',*,*,#12206,.T.);
#12206 = EDGE_CURVE('',#12199,#12175,#12207,.T.);
#12207 = CIRCLE('',#12208,0.75);
#12208 = AXIS2_PLACEMENT_3D('',#12209,#12210,#12211);
#12209 = CARTESIAN_POINT('',(-5.28,-2.655,0.75));
#12210 = DIRECTION('',(0.,1.,0.));
#12211 = DIRECTION('',(0.939692620786,0.,-0.342020143326));
#12212 = ORIENTED_EDGE('',*,*,#12174,.F.);
#12213 = ORIENTED_EDGE('',*,*,#12103,.F.);
#12214 = CYLINDRICAL_SURFACE('',#12215,0.75);
#12215 = AXIS2_PLACEMENT_3D('',#12216,#12217,#12218);
#12216 = CARTESIAN_POINT('',(-5.28,-1.905,0.75));
#12217 = DIRECTION('',(0.,1.,0.));
#12218 = DIRECTION('',(0.939692620786,0.,-0.342020143326));
#12219 = ADVANCED_FACE('',(#12220),#12231,.T.);
#12220 = FACE_BOUND('',#12221,.T.);
#12221 = EDGE_LOOP('',(#12222,#12223,#12229,#12230));
#12222 = ORIENTED_EDGE('',*,*,#11781,.T.);
#12223 = ORIENTED_EDGE('',*,*,#12224,.T.);
#12224 = EDGE_CURVE('',#11782,#12199,#12225,.T.);
#12225 = LINE('',#12226,#12227);
#12226 = CARTESIAN_POINT('',(-4.472624491413,-2.655,0.775392678742));
#12227 = VECTOR('',#12228,1.);
#12228 = DIRECTION('',(-0.342020143326,0.,-0.939692620786));
#12229 = ORIENTED_EDGE('',*,*,#12198,.F.);
#12230 = ORIENTED_EDGE('',*,*,#12095,.F.);
#12231 = PLANE('',#12232);
#12232 = AXIS2_PLACEMENT_3D('',#12233,#12234,#12235);
#12233 = CARTESIAN_POINT('',(-4.472624491413,-1.905,0.775392678742));
#12234 = DIRECTION('',(0.939692620786,0.,-0.342020143326));
#12235 = DIRECTION('',(-0.342020143326,0.,-0.939692620786));
#12236 = ADVANCED_FACE('',(#12237),#12255,.T.);
#12237 = FACE_BOUND('',#12238,.T.);
#12238 = EDGE_LOOP('',(#12239,#12247,#12253,#12254));
#12239 = ORIENTED_EDGE('',*,*,#12240,.T.);
#12240 = EDGE_CURVE('',#12078,#12241,#12243,.T.);
#12241 = VERTEX_POINT('',#12242);
#12242 = CARTESIAN_POINT('',(-5.045076844804,-2.655,0.664494964169));
#12243 = LINE('',#12244,#12245);
#12244 = CARTESIAN_POINT('',(-5.045076844804,-1.905,0.664494964169));
#12245 = VECTOR('',#12246,1.);
#12246 = DIRECTION('',(0.,-1.,0.));
#12247 = ORIENTED_EDGE('',*,*,#12248,.T.);
#12248 = EDGE_CURVE('',#12241,#11985,#12249,.T.);
#12249 = LINE('',#12250,#12251);
#12250 = CARTESIAN_POINT('',(-5.045076844804,-2.655,0.664494964169));
#12251 = VECTOR('',#12252,1.);
#12252 = DIRECTION('',(0.342020143326,0.,0.939692620786));
#12253 = ORIENTED_EDGE('',*,*,#11984,.F.);
#12254 = ORIENTED_EDGE('',*,*,#12086,.F.);
#12255 = PLANE('',#12256);
#12256 = AXIS2_PLACEMENT_3D('',#12257,#12258,#12259);
#12257 = CARTESIAN_POINT('',(-5.045076844804,-1.905,0.664494964169));
#12258 = DIRECTION('',(-0.939692620786,0.,0.342020143326));
#12259 = DIRECTION('',(0.342020143326,0.,0.939692620786));
#12260 = ADVANCED_FACE('',(#12261),#12280,.F.);
#12261 = FACE_BOUND('',#12262,.F.);
#12262 = EDGE_LOOP('',(#12263,#12264,#12265,#12274));
#12263 = ORIENTED_EDGE('',*,*,#12077,.T.);
#12264 = ORIENTED_EDGE('',*,*,#12240,.T.);
#12265 = ORIENTED_EDGE('',*,*,#12266,.F.);
#12266 = EDGE_CURVE('',#12267,#12241,#12269,.T.);
#12267 = VERTEX_POINT('',#12268);
#12268 = CARTESIAN_POINT('',(-5.28,-2.655,0.5));
#12269 = CIRCLE('',#12270,0.25);
#12270 = AXIS2_PLACEMENT_3D('',#12271,#12272,#12273);
#12271 = CARTESIAN_POINT('',(-5.28,-2.655,0.75));
#12272 = DIRECTION('',(0.,-1.,0.));
#12273 = DIRECTION('',(0.,0.,-1.));
#12274 = ORIENTED_EDGE('',*,*,#12275,.F.);
#12275 = EDGE_CURVE('',#12070,#12267,#12276,.T.);
#12276 = LINE('',#12277,#12278);
#12277 = CARTESIAN_POINT('',(-5.28,-1.905,0.5));
#12278 = VECTOR('',#12279,1.);
#12279 = DIRECTION('',(0.,-1.,0.));
#12280 = CYLINDRICAL_SURFACE('',#12281,0.25);
#12281 = AXIS2_PLACEMENT_3D('',#12282,#12283,#12284);
#12282 = CARTESIAN_POINT('',(-5.28,-1.905,0.75));
#12283 = DIRECTION('',(0.,1.,0.));
#12284 = DIRECTION('',(0.,0.,-1.));
#12285 = ADVANCED_FACE('',(#12286),#12297,.T.);
#12286 = FACE_BOUND('',#12287,.T.);
#12287 = EDGE_LOOP('',(#12288,#12289,#12295,#12296));
#12288 = ORIENTED_EDGE('',*,*,#12159,.T.);
#12289 = ORIENTED_EDGE('',*,*,#12290,.T.);
#12290 = EDGE_CURVE('',#12152,#12267,#12291,.T.);
#12291 = LINE('',#12292,#12293);
#12292 = CARTESIAN_POINT('',(-5.79,-2.655,0.5));
#12293 = VECTOR('',#12294,1.);
#12294 = DIRECTION('',(1.,0.,0.));
#12295 = ORIENTED_EDGE('',*,*,#12275,.F.);
#12296 = ORIENTED_EDGE('',*,*,#12069,.F.);
#12297 = PLANE('',#12298);
#12298 = AXIS2_PLACEMENT_3D('',#12299,#12300,#12301);
#12299 = CARTESIAN_POINT('',(-5.79,-1.905,0.5));
#12300 = DIRECTION('',(0.,0.,1.));
#12301 = DIRECTION('',(1.,0.,0.));
#12302 = ADVANCED_FACE('',(#12303),#12320,.F.);
#12303 = FACE_BOUND('',#12304,.F.);
#12304 = EDGE_LOOP('',(#12305,#12306,#12307,#12308,#12309,#12310,#12316,
    #12317,#12318,#12319));
#12305 = ORIENTED_EDGE('',*,*,#12151,.T.);
#12306 = ORIENTED_EDGE('',*,*,#12290,.T.);
#12307 = ORIENTED_EDGE('',*,*,#12266,.T.);
#12308 = ORIENTED_EDGE('',*,*,#12248,.T.);
#12309 = ORIENTED_EDGE('',*,*,#11992,.T.);
#12310 = ORIENTED_EDGE('',*,*,#12311,.F.);
#12311 = EDGE_CURVE('',#11790,#11993,#12312,.T.);
#12312 = LINE('',#12313,#12314);
#12313 = CARTESIAN_POINT('',(-4.24,-2.655,0.437372862773));
#12314 = VECTOR('',#12315,1.);
#12315 = DIRECTION('',(0.,5.472315783042E-31,1.));
#12316 = ORIENTED_EDGE('',*,*,#11789,.T.);
#12317 = ORIENTED_EDGE('',*,*,#12224,.T.);
#12318 = ORIENTED_EDGE('',*,*,#12206,.T.);
#12319 = ORIENTED_EDGE('',*,*,#12182,.T.);
#12320 = PLANE('',#12321);
#12321 = AXIS2_PLACEMENT_3D('',#12322,#12323,#12324);
#12322 = CARTESIAN_POINT('',(-4.091426690538,-2.655,0.874745725546));
#12323 = DIRECTION('',(1.925014880134E-31,1.,-5.472315783042E-31));
#12324 = DIRECTION('',(0.,5.472315783042E-31,1.));
#12325 = ADVANCED_FACE('',(#12326),#12337,.T.);
#12326 = FACE_BOUND('',#12327,.T.);
#12327 = EDGE_LOOP('',(#12328,#12329,#12335,#12336));
#12328 = ORIENTED_EDGE('',*,*,#11798,.F.);
#12329 = ORIENTED_EDGE('',*,*,#12330,.T.);
#12330 = EDGE_CURVE('',#11799,#12002,#12331,.T.);
#12331 = LINE('',#12332,#12333);
#12332 = CARTESIAN_POINT('',(-4.24,-2.775,0.437372862773));
#12333 = VECTOR('',#12334,1.);
#12334 = DIRECTION('',(0.,5.472315783042E-31,1.));
#12335 = ORIENTED_EDGE('',*,*,#12001,.T.);
#12336 = ORIENTED_EDGE('',*,*,#12311,.F.);
#12337 = PLANE('',#12338);
#12338 = AXIS2_PLACEMENT_3D('',#12339,#12340,#12341);
#12339 = CARTESIAN_POINT('',(-4.24,-3.25,0.));
#12340 = DIRECTION('',(-1.,0.,0.));
#12341 = DIRECTION('',(0.,1.,0.));
#12342 = ADVANCED_FACE('',(#12343),#12356,.F.);
#12343 = FACE_BOUND('',#12344,.F.);
#12344 = EDGE_LOOP('',(#12345,#12346,#12347,#12348,#12349,#12355));
#12345 = ORIENTED_EDGE('',*,*,#11806,.T.);
#12346 = ORIENTED_EDGE('',*,*,#12330,.T.);
#12347 = ORIENTED_EDGE('',*,*,#12009,.T.);
#12348 = ORIENTED_EDGE('',*,*,#11919,.T.);
#12349 = ORIENTED_EDGE('',*,*,#12350,.T.);
#12350 = EDGE_CURVE('',#11920,#11864,#12351,.T.);
#12351 = LINE('',#12352,#12353);
#12352 = CARTESIAN_POINT('',(-3.49,-2.775,0.437372862773));
#12353 = VECTOR('',#12354,1.);
#12354 = DIRECTION('',(0.,-5.472315783042E-31,-1.));
#12355 = ORIENTED_EDGE('',*,*,#11871,.T.);
#12356 = PLANE('',#12357);
#12357 = AXIS2_PLACEMENT_3D('',#12358,#12359,#12360);
#12358 = CARTESIAN_POINT('',(-4.091426690538,-2.775,0.874745725546));
#12359 = DIRECTION('',(1.925014880134E-31,1.,-5.472315783042E-31));
#12360 = DIRECTION('',(0.,5.472315783042E-31,1.));
#12361 = ADVANCED_FACE('',(#12362),#12373,.T.);
#12362 = FACE_BOUND('',#12363,.T.);
#12363 = EDGE_LOOP('',(#12364,#12370,#12371,#12372));
#12364 = ORIENTED_EDGE('',*,*,#12365,.F.);
#12365 = EDGE_CURVE('',#11928,#11856,#12366,.T.);
#12366 = LINE('',#12367,#12368);
#12367 = CARTESIAN_POINT('',(-3.49,-2.655,0.437372862773));
#12368 = VECTOR('',#12369,1.);
#12369 = DIRECTION('',(0.,-5.472315783042E-31,-1.));
#12370 = ORIENTED_EDGE('',*,*,#11927,.F.);
#12371 = ORIENTED_EDGE('',*,*,#12350,.T.);
#12372 = ORIENTED_EDGE('',*,*,#11863,.F.);
#12373 = PLANE('',#12374);
#12374 = AXIS2_PLACEMENT_3D('',#12375,#12376,#12377);
#12375 = CARTESIAN_POINT('',(-3.49,3.25,0.));
#12376 = DIRECTION('',(1.,0.,0.));
#12377 = DIRECTION('',(0.,-1.,0.));
#12378 = ADVANCED_FACE('',(#12379),#12385,.F.);
#12379 = FACE_BOUND('',#12380,.F.);
#12380 = EDGE_LOOP('',(#12381,#12382,#12383,#12384));
#12381 = ORIENTED_EDGE('',*,*,#12365,.F.);
#12382 = ORIENTED_EDGE('',*,*,#11935,.T.);
#12383 = ORIENTED_EDGE('',*,*,#12127,.T.);
#12384 = ORIENTED_EDGE('',*,*,#11855,.T.);
#12385 = PLANE('',#12386);
#12386 = AXIS2_PLACEMENT_3D('',#12387,#12388,#12389);
#12387 = CARTESIAN_POINT('',(-4.091426690538,-2.655,0.874745725546));
#12388 = DIRECTION('',(1.925014880134E-31,1.,-5.472315783042E-31));
#12389 = DIRECTION('',(0.,5.472315783042E-31,1.));
#12390 = MANIFOLD_SOLID_BREP('',#12391);
#12391 = CLOSED_SHELL('',(#12392,#12450,#12516,#12572,#12596,#12652,
    #12711,#12728,#12745,#12812,#12829,#12860,#12884,#12909,#12926,
    #12950,#12975,#12992,#13015,#13032,#13051,#13068));
#12392 = ADVANCED_FACE('',(#12393),#12445,.T.);
#12393 = FACE_BOUND('',#12394,.T.);
#12394 = EDGE_LOOP('',(#12395,#12406,#12414,#12423,#12431,#12439));
#12395 = ORIENTED_EDGE('',*,*,#12396,.T.);
#12396 = EDGE_CURVE('',#12397,#12399,#12401,.T.);
#12397 = VERTEX_POINT('',#12398);
#12398 = CARTESIAN_POINT('',(-4.237701336216,0.495,0.93988764291));
#12399 = VERTEX_POINT('',#12400);
#12400 = CARTESIAN_POINT('',(-4.24,0.495,0.939877074976));
#12401 = CIRCLE('',#12402,0.25);
#12402 = AXIS2_PLACEMENT_3D('',#12403,#12404,#12405);
#12403 = CARTESIAN_POINT('',(-4.237701336216,0.495,0.68988764291));
#12404 = DIRECTION('',(0.,-1.,0.));
#12405 = DIRECTION('',(-3.5527136788E-15,0.,1.));
#12406 = ORIENTED_EDGE('',*,*,#12407,.T.);
#12407 = EDGE_CURVE('',#12399,#12408,#12410,.T.);
#12408 = VERTEX_POINT('',#12409);
#12409 = CARTESIAN_POINT('',(-4.24,0.495,1.439884120332));
#12410 = LINE('',#12411,#12412);
#12411 = CARTESIAN_POINT('',(-4.24,0.495,0.437372862773));
#12412 = VECTOR('',#12413,1.);
#12413 = DIRECTION('',(0.,5.472315783042E-31,1.));
#12414 = ORIENTED_EDGE('',*,*,#12415,.T.);
#12415 = EDGE_CURVE('',#12408,#12416,#12418,.T.);
#12416 = VERTEX_POINT('',#12417);
#12417 = CARTESIAN_POINT('',(-4.237701336216,0.495,1.43988764291));
#12418 = CIRCLE('',#12419,0.75);
#12419 = AXIS2_PLACEMENT_3D('',#12420,#12421,#12422);
#12420 = CARTESIAN_POINT('',(-4.237701336216,0.495,0.68988764291));
#12421 = DIRECTION('',(0.,1.,-0.));
#12422 = DIRECTION('',(-0.939692620786,0.,0.342020143326));
#12423 = ORIENTED_EDGE('',*,*,#12424,.T.);
#12424 = EDGE_CURVE('',#12416,#12425,#12427,.T.);
#12425 = VERTEX_POINT('',#12426);
#12426 = CARTESIAN_POINT('',(-3.49,0.495,1.43988764291));
#12427 = LINE('',#12428,#12429);
#12428 = CARTESIAN_POINT('',(-4.237701336216,0.495,1.43988764291));
#12429 = VECTOR('',#12430,1.);
#12430 = DIRECTION('',(1.,0.,-1.110223024625E-16));
#12431 = ORIENTED_EDGE('',*,*,#12432,.T.);
#12432 = EDGE_CURVE('',#12425,#12433,#12435,.T.);
#12433 = VERTEX_POINT('',#12434);
#12434 = CARTESIAN_POINT('',(-3.49,0.495,0.93988764291));
#12435 = LINE('',#12436,#12437);
#12436 = CARTESIAN_POINT('',(-3.49,0.495,0.437372862773));
#12437 = VECTOR('',#12438,1.);
#12438 = DIRECTION('',(0.,-5.472315783042E-31,-1.));
#12439 = ORIENTED_EDGE('',*,*,#12440,.T.);
#12440 = EDGE_CURVE('',#12433,#12397,#12441,.T.);
#12441 = LINE('',#12442,#12443);
#12442 = CARTESIAN_POINT('',(-2.237701336216,0.495,0.93988764291));
#12443 = VECTOR('',#12444,1.);
#12444 = DIRECTION('',(-1.,0.,1.110223024625E-16));
#12445 = PLANE('',#12446);
#12446 = AXIS2_PLACEMENT_3D('',#12447,#12448,#12449);
#12447 = CARTESIAN_POINT('',(-4.091426690538,0.495,0.874745725546));
#12448 = DIRECTION('',(1.925014880134E-31,1.,-5.472315783042E-31));
#12449 = DIRECTION('',(0.,5.472315783042E-31,1.));
#12450 = ADVANCED_FACE('',(#12451),#12511,.F.);
#12451 = FACE_BOUND('',#12452,.F.);
#12452 = EDGE_LOOP('',(#12453,#12461,#12470,#12478,#12487,#12495,#12504,
    #12510));
#12453 = ORIENTED_EDGE('',*,*,#12454,.F.);
#12454 = EDGE_CURVE('',#12455,#12399,#12457,.T.);
#12455 = VERTEX_POINT('',#12456);
#12456 = CARTESIAN_POINT('',(-4.24,0.375,0.939877074976));
#12457 = LINE('',#12458,#12459);
#12458 = CARTESIAN_POINT('',(-4.24,0.495,0.939877074976));
#12459 = VECTOR('',#12460,1.);
#12460 = DIRECTION('',(0.,1.,0.));
#12461 = ORIENTED_EDGE('',*,*,#12462,.T.);
#12462 = EDGE_CURVE('',#12455,#12463,#12465,.T.);
#12463 = VERTEX_POINT('',#12464);
#12464 = CARTESIAN_POINT('',(-4.472624491413,0.375,0.775392678742));
#12465 = CIRCLE('',#12466,0.25);
#12466 = AXIS2_PLACEMENT_3D('',#12467,#12468,#12469);
#12467 = CARTESIAN_POINT('',(-4.237701336216,0.375,0.68988764291));
#12468 = DIRECTION('',(0.,-1.,0.));
#12469 = DIRECTION('',(-3.5527136788E-15,0.,1.));
#12470 = ORIENTED_EDGE('',*,*,#12471,.T.);
#12471 = EDGE_CURVE('',#12463,#12472,#12474,.T.);
#12472 = VERTEX_POINT('',#12473);
#12473 = CARTESIAN_POINT('',(-4.472624491413,-0.375,0.775392678742));
#12474 = LINE('',#12475,#12476);
#12475 = CARTESIAN_POINT('',(-4.472624491413,0.375,0.775392678742));
#12476 = VECTOR('',#12477,1.);
#12477 = DIRECTION('',(0.,-1.,0.));
#12478 = ORIENTED_EDGE('',*,*,#12479,.F.);
#12479 = EDGE_CURVE('',#12480,#12472,#12482,.T.);
#12480 = VERTEX_POINT('',#12481);
#12481 = CARTESIAN_POINT('',(-4.24,-0.375,0.939877074976));
#12482 = CIRCLE('',#12483,0.25);
#12483 = AXIS2_PLACEMENT_3D('',#12484,#12485,#12486);
#12484 = CARTESIAN_POINT('',(-4.237701336216,-0.375,0.68988764291));
#12485 = DIRECTION('',(0.,-1.,0.));
#12486 = DIRECTION('',(-3.5527136788E-15,0.,1.));
#12487 = ORIENTED_EDGE('',*,*,#12488,.F.);
#12488 = EDGE_CURVE('',#12489,#12480,#12491,.T.);
#12489 = VERTEX_POINT('',#12490);
#12490 = CARTESIAN_POINT('',(-4.24,-0.495,0.939877074976));
#12491 = LINE('',#12492,#12493);
#12492 = CARTESIAN_POINT('',(-4.24,0.495,0.939877074976));
#12493 = VECTOR('',#12494,1.);
#12494 = DIRECTION('',(0.,1.,0.));
#12495 = ORIENTED_EDGE('',*,*,#12496,.F.);
#12496 = EDGE_CURVE('',#12497,#12489,#12499,.T.);
#12497 = VERTEX_POINT('',#12498);
#12498 = CARTESIAN_POINT('',(-4.237701336216,-0.495,0.93988764291));
#12499 = CIRCLE('',#12500,0.25);
#12500 = AXIS2_PLACEMENT_3D('',#12501,#12502,#12503);
#12501 = CARTESIAN_POINT('',(-4.237701336216,-0.495,0.68988764291));
#12502 = DIRECTION('',(0.,-1.,0.));
#12503 = DIRECTION('',(-3.5527136788E-15,0.,1.));
#12504 = ORIENTED_EDGE('',*,*,#12505,.F.);
#12505 = EDGE_CURVE('',#12397,#12497,#12506,.T.);
#12506 = LINE('',#12507,#12508);
#12507 = CARTESIAN_POINT('',(-4.237701336216,0.495,0.93988764291));
#12508 = VECTOR('',#12509,1.);
#12509 = DIRECTION('',(0.,-1.,0.));
#12510 = ORIENTED_EDGE('',*,*,#12396,.T.);
#12511 = CYLINDRICAL_SURFACE('',#12512,0.25);
#12512 = AXIS2_PLACEMENT_3D('',#12513,#12514,#12515);
#12513 = CARTESIAN_POINT('',(-4.237701336216,0.495,0.68988764291));
#12514 = DIRECTION('',(0.,1.,0.));
#12515 = DIRECTION('',(-3.5527136788E-15,0.,1.));
#12516 = ADVANCED_FACE('',(#12517),#12567,.T.);
#12517 = FACE_BOUND('',#12518,.T.);
#12518 = EDGE_LOOP('',(#12519,#12520,#12528,#12536,#12544,#12552,#12560,
    #12566));
#12519 = ORIENTED_EDGE('',*,*,#12440,.F.);
#12520 = ORIENTED_EDGE('',*,*,#12521,.T.);
#12521 = EDGE_CURVE('',#12433,#12522,#12524,.T.);
#12522 = VERTEX_POINT('',#12523);
#12523 = CARTESIAN_POINT('',(-3.49,0.375,0.93988764291));
#12524 = LINE('',#12525,#12526);
#12525 = CARTESIAN_POINT('',(-3.49,1.8725,0.93988764291));
#12526 = VECTOR('',#12527,1.);
#12527 = DIRECTION('',(0.,-1.,0.));
#12528 = ORIENTED_EDGE('',*,*,#12529,.F.);
#12529 = EDGE_CURVE('',#12530,#12522,#12532,.T.);
#12530 = VERTEX_POINT('',#12531);
#12531 = CARTESIAN_POINT('',(-2.237701336216,0.375,0.93988764291));
#12532 = LINE('',#12533,#12534);
#12533 = CARTESIAN_POINT('',(-2.237701336216,0.375,0.93988764291));
#12534 = VECTOR('',#12535,1.);
#12535 = DIRECTION('',(-1.,0.,1.110223024625E-16));
#12536 = ORIENTED_EDGE('',*,*,#12537,.T.);
#12537 = EDGE_CURVE('',#12530,#12538,#12540,.T.);
#12538 = VERTEX_POINT('',#12539);
#12539 = CARTESIAN_POINT('',(-2.237701336216,-0.375,0.93988764291));
#12540 = LINE('',#12541,#12542);
#12541 = CARTESIAN_POINT('',(-2.237701336216,0.375,0.93988764291));
#12542 = VECTOR('',#12543,1.);
#12543 = DIRECTION('',(0.,-1.,0.));
#12544 = ORIENTED_EDGE('',*,*,#12545,.T.);
#12545 = EDGE_CURVE('',#12538,#12546,#12548,.T.);
#12546 = VERTEX_POINT('',#12547);
#12547 = CARTESIAN_POINT('',(-3.49,-0.375,0.93988764291));
#12548 = LINE('',#12549,#12550);
#12549 = CARTESIAN_POINT('',(-2.237701336216,-0.375,0.93988764291));
#12550 = VECTOR('',#12551,1.);
#12551 = DIRECTION('',(-1.,0.,1.110223024625E-16));
#12552 = ORIENTED_EDGE('',*,*,#12553,.T.);
#12553 = EDGE_CURVE('',#12546,#12554,#12556,.T.);
#12554 = VERTEX_POINT('',#12555);
#12555 = CARTESIAN_POINT('',(-3.49,-0.495,0.93988764291));
#12556 = LINE('',#12557,#12558);
#12557 = CARTESIAN_POINT('',(-3.49,1.8725,0.93988764291));
#12558 = VECTOR('',#12559,1.);
#12559 = DIRECTION('',(0.,-1.,0.));
#12560 = ORIENTED_EDGE('',*,*,#12561,.T.);
#12561 = EDGE_CURVE('',#12554,#12497,#12562,.T.);
#12562 = LINE('',#12563,#12564);
#12563 = CARTESIAN_POINT('',(-2.237701336216,-0.495,0.93988764291));
#12564 = VECTOR('',#12565,1.);
#12565 = DIRECTION('',(-1.,0.,1.110223024625E-16));
#12566 = ORIENTED_EDGE('',*,*,#12505,.F.);
#12567 = PLANE('',#12568);
#12568 = AXIS2_PLACEMENT_3D('',#12569,#12570,#12571);
#12569 = CARTESIAN_POINT('',(-2.237701336216,0.495,0.93988764291));
#12570 = DIRECTION('',(-1.110223024625E-16,-0.,-1.));
#12571 = DIRECTION('',(-1.,0.,1.110223024625E-16));
#12572 = ADVANCED_FACE('',(#12573),#12591,.T.);
#12573 = FACE_BOUND('',#12574,.T.);
#12574 = EDGE_LOOP('',(#12575,#12576,#12584,#12590));
#12575 = ORIENTED_EDGE('',*,*,#12432,.F.);
#12576 = ORIENTED_EDGE('',*,*,#12577,.F.);
#12577 = EDGE_CURVE('',#12578,#12425,#12580,.T.);
#12578 = VERTEX_POINT('',#12579);
#12579 = CARTESIAN_POINT('',(-3.49,0.375,1.43988764291));
#12580 = LINE('',#12581,#12582);
#12581 = CARTESIAN_POINT('',(-3.49,1.8725,1.43988764291));
#12582 = VECTOR('',#12583,1.);
#12583 = DIRECTION('',(0.,1.,0.));
#12584 = ORIENTED_EDGE('',*,*,#12585,.T.);
#12585 = EDGE_CURVE('',#12578,#12522,#12586,.T.);
#12586 = LINE('',#12587,#12588);
#12587 = CARTESIAN_POINT('',(-3.49,0.375,0.437372862773));
#12588 = VECTOR('',#12589,1.);
#12589 = DIRECTION('',(0.,-5.472315783042E-31,-1.));
#12590 = ORIENTED_EDGE('',*,*,#12521,.F.);
#12591 = PLANE('',#12592);
#12592 = AXIS2_PLACEMENT_3D('',#12593,#12594,#12595);
#12593 = CARTESIAN_POINT('',(-3.49,3.25,0.));
#12594 = DIRECTION('',(1.,0.,0.));
#12595 = DIRECTION('',(0.,-1.,0.));
#12596 = ADVANCED_FACE('',(#12597),#12647,.T.);
#12597 = FACE_BOUND('',#12598,.T.);
#12598 = EDGE_LOOP('',(#12599,#12600,#12608,#12616,#12624,#12632,#12640,
    #12646));
#12599 = ORIENTED_EDGE('',*,*,#12424,.F.);
#12600 = ORIENTED_EDGE('',*,*,#12601,.T.);
#12601 = EDGE_CURVE('',#12416,#12602,#12604,.T.);
#12602 = VERTEX_POINT('',#12603);
#12603 = CARTESIAN_POINT('',(-4.237701336216,-0.495,1.43988764291));
#12604 = LINE('',#12605,#12606);
#12605 = CARTESIAN_POINT('',(-4.237701336216,0.495,1.43988764291));
#12606 = VECTOR('',#12607,1.);
#12607 = DIRECTION('',(0.,-1.,0.));
#12608 = ORIENTED_EDGE('',*,*,#12609,.T.);
#12609 = EDGE_CURVE('',#12602,#12610,#12612,.T.);
#12610 = VERTEX_POINT('',#12611);
#12611 = CARTESIAN_POINT('',(-3.49,-0.495,1.43988764291));
#12612 = LINE('',#12613,#12614);
#12613 = CARTESIAN_POINT('',(-4.237701336216,-0.495,1.43988764291));
#12614 = VECTOR('',#12615,1.);
#12615 = DIRECTION('',(1.,0.,-1.110223024625E-16));
#12616 = ORIENTED_EDGE('',*,*,#12617,.T.);
#12617 = EDGE_CURVE('',#12610,#12618,#12620,.T.);
#12618 = VERTEX_POINT('',#12619);
#12619 = CARTESIAN_POINT('',(-3.49,-0.375,1.43988764291));
#12620 = LINE('',#12621,#12622);
#12621 = CARTESIAN_POINT('',(-3.49,1.8725,1.43988764291));
#12622 = VECTOR('',#12623,1.);
#12623 = DIRECTION('',(0.,1.,0.));
#12624 = ORIENTED_EDGE('',*,*,#12625,.T.);
#12625 = EDGE_CURVE('',#12618,#12626,#12628,.T.);
#12626 = VERTEX_POINT('',#12627);
#12627 = CARTESIAN_POINT('',(-2.237701336216,-0.375,1.43988764291));
#12628 = LINE('',#12629,#12630);
#12629 = CARTESIAN_POINT('',(-4.237701336216,-0.375,1.43988764291));
#12630 = VECTOR('',#12631,1.);
#12631 = DIRECTION('',(1.,0.,-1.110223024625E-16));
#12632 = ORIENTED_EDGE('',*,*,#12633,.F.);
#12633 = EDGE_CURVE('',#12634,#12626,#12636,.T.);
#12634 = VERTEX_POINT('',#12635);
#12635 = CARTESIAN_POINT('',(-2.237701336216,0.375,1.43988764291));
#12636 = LINE('',#12637,#12638);
#12637 = CARTESIAN_POINT('',(-2.237701336216,0.375,1.43988764291));
#12638 = VECTOR('',#12639,1.);
#12639 = DIRECTION('',(0.,-1.,0.));
#12640 = ORIENTED_EDGE('',*,*,#12641,.F.);
#12641 = EDGE_CURVE('',#12578,#12634,#12642,.T.);
#12642 = LINE('',#12643,#12644);
#12643 = CARTESIAN_POINT('',(-4.237701336216,0.375,1.43988764291));
#12644 = VECTOR('',#12645,1.);
#12645 = DIRECTION('',(1.,0.,-1.110223024625E-16));
#12646 = ORIENTED_EDGE('',*,*,#12577,.T.);
#12647 = PLANE('',#12648);
#12648 = AXIS2_PLACEMENT_3D('',#12649,#12650,#12651);
#12649 = CARTESIAN_POINT('',(-4.237701336216,0.495,1.43988764291));
#12650 = DIRECTION('',(1.110223024625E-16,0.,1.));
#12651 = DIRECTION('',(1.,0.,-1.110223024625E-16));
#12652 = ADVANCED_FACE('',(#12653),#12706,.T.);
#12653 = FACE_BOUND('',#12654,.T.);
#12654 = EDGE_LOOP('',(#12655,#12656,#12664,#12673,#12681,#12690,#12698,
    #12705));
#12655 = ORIENTED_EDGE('',*,*,#12415,.F.);
#12656 = ORIENTED_EDGE('',*,*,#12657,.F.);
#12657 = EDGE_CURVE('',#12658,#12408,#12660,.T.);
#12658 = VERTEX_POINT('',#12659);
#12659 = CARTESIAN_POINT('',(-4.24,0.375,1.439884120332));
#12660 = LINE('',#12661,#12662);
#12661 = CARTESIAN_POINT('',(-4.24,0.495,1.439884120332));
#12662 = VECTOR('',#12663,1.);
#12663 = DIRECTION('',(0.,1.,0.));
#12664 = ORIENTED_EDGE('',*,*,#12665,.F.);
#12665 = EDGE_CURVE('',#12666,#12658,#12668,.T.);
#12666 = VERTEX_POINT('',#12667);
#12667 = CARTESIAN_POINT('',(-4.942470801806,0.375,0.946402750404));
#12668 = CIRCLE('',#12669,0.75);
#12669 = AXIS2_PLACEMENT_3D('',#12670,#12671,#12672);
#12670 = CARTESIAN_POINT('',(-4.237701336216,0.375,0.68988764291));
#12671 = DIRECTION('',(0.,1.,-0.));
#12672 = DIRECTION('',(-0.939692620786,0.,0.342020143326));
#12673 = ORIENTED_EDGE('',*,*,#12674,.T.);
#12674 = EDGE_CURVE('',#12666,#12675,#12677,.T.);
#12675 = VERTEX_POINT('',#12676);
#12676 = CARTESIAN_POINT('',(-4.942470801806,-0.375,0.946402750404));
#12677 = LINE('',#12678,#12679);
#12678 = CARTESIAN_POINT('',(-4.942470801806,0.375,0.946402750404));
#12679 = VECTOR('',#12680,1.);
#12680 = DIRECTION('',(0.,-1.,0.));
#12681 = ORIENTED_EDGE('',*,*,#12682,.T.);
#12682 = EDGE_CURVE('',#12675,#12683,#12685,.T.);
#12683 = VERTEX_POINT('',#12684);
#12684 = CARTESIAN_POINT('',(-4.24,-0.375,1.439884120332));
#12685 = CIRCLE('',#12686,0.75);
#12686 = AXIS2_PLACEMENT_3D('',#12687,#12688,#12689);
#12687 = CARTESIAN_POINT('',(-4.237701336216,-0.375,0.68988764291));
#12688 = DIRECTION('',(0.,1.,-0.));
#12689 = DIRECTION('',(-0.939692620786,0.,0.342020143326));
#12690 = ORIENTED_EDGE('',*,*,#12691,.F.);
#12691 = EDGE_CURVE('',#12692,#12683,#12694,.T.);
#12692 = VERTEX_POINT('',#12693);
#12693 = CARTESIAN_POINT('',(-4.24,-0.495,1.439884120332));
#12694 = LINE('',#12695,#12696);
#12695 = CARTESIAN_POINT('',(-4.24,0.495,1.439884120332));
#12696 = VECTOR('',#12697,1.);
#12697 = DIRECTION('',(0.,1.,0.));
#12698 = ORIENTED_EDGE('',*,*,#12699,.T.);
#12699 = EDGE_CURVE('',#12692,#12602,#12700,.T.);
#12700 = CIRCLE('',#12701,0.75);
#12701 = AXIS2_PLACEMENT_3D('',#12702,#12703,#12704);
#12702 = CARTESIAN_POINT('',(-4.237701336216,-0.495,0.68988764291));
#12703 = DIRECTION('',(0.,1.,-0.));
#12704 = DIRECTION('',(-0.939692620786,0.,0.342020143326));
#12705 = ORIENTED_EDGE('',*,*,#12601,.F.);
#12706 = CYLINDRICAL_SURFACE('',#12707,0.75);
#12707 = AXIS2_PLACEMENT_3D('',#12708,#12709,#12710);
#12708 = CARTESIAN_POINT('',(-4.237701336216,0.495,0.68988764291));
#12709 = DIRECTION('',(0.,1.,0.));
#12710 = DIRECTION('',(-0.939692620786,0.,0.342020143326));
#12711 = ADVANCED_FACE('',(#12712),#12723,.T.);
#12712 = FACE_BOUND('',#12713,.T.);
#12713 = EDGE_LOOP('',(#12714,#12715,#12721,#12722));
#12714 = ORIENTED_EDGE('',*,*,#12454,.F.);
#12715 = ORIENTED_EDGE('',*,*,#12716,.T.);
#12716 = EDGE_CURVE('',#12455,#12658,#12717,.T.);
#12717 = LINE('',#12718,#12719);
#12718 = CARTESIAN_POINT('',(-4.24,0.375,0.437372862773));
#12719 = VECTOR('',#12720,1.);
#12720 = DIRECTION('',(0.,5.472315783042E-31,1.));
#12721 = ORIENTED_EDGE('',*,*,#12657,.T.);
#12722 = ORIENTED_EDGE('',*,*,#12407,.F.);
#12723 = PLANE('',#12724);
#12724 = AXIS2_PLACEMENT_3D('',#12725,#12726,#12727);
#12725 = CARTESIAN_POINT('',(-4.24,-3.25,0.));
#12726 = DIRECTION('',(-1.,0.,0.));
#12727 = DIRECTION('',(0.,1.,0.));
#12728 = ADVANCED_FACE('',(#12729),#12740,.T.);
#12729 = FACE_BOUND('',#12730,.T.);
#12730 = EDGE_LOOP('',(#12731,#12732,#12733,#12739));
#12731 = ORIENTED_EDGE('',*,*,#12585,.F.);
#12732 = ORIENTED_EDGE('',*,*,#12641,.T.);
#12733 = ORIENTED_EDGE('',*,*,#12734,.T.);
#12734 = EDGE_CURVE('',#12634,#12530,#12735,.T.);
#12735 = LINE('',#12736,#12737);
#12736 = CARTESIAN_POINT('',(-2.237701336216,0.375,1.43988764291));
#12737 = VECTOR('',#12738,1.);
#12738 = DIRECTION('',(0.,0.,-1.));
#12739 = ORIENTED_EDGE('',*,*,#12529,.T.);
#12740 = PLANE('',#12741);
#12741 = AXIS2_PLACEMENT_3D('',#12742,#12743,#12744);
#12742 = CARTESIAN_POINT('',(-4.091426690538,0.375,0.874745725546));
#12743 = DIRECTION('',(1.925014880134E-31,1.,-5.472315783042E-31));
#12744 = DIRECTION('',(0.,5.472315783042E-31,1.));
#12745 = ADVANCED_FACE('',(#12746),#12807,.T.);
#12746 = FACE_BOUND('',#12747,.T.);
#12747 = EDGE_LOOP('',(#12748,#12758,#12766,#12775,#12781,#12782,#12783,
    #12784,#12792,#12801));
#12748 = ORIENTED_EDGE('',*,*,#12749,.T.);
#12749 = EDGE_CURVE('',#12750,#12752,#12754,.T.);
#12750 = VERTEX_POINT('',#12751);
#12751 = CARTESIAN_POINT('',(-5.79,0.375,-2.70609920631E-16));
#12752 = VERTEX_POINT('',#12753);
#12753 = CARTESIAN_POINT('',(-5.79,0.375,0.5));
#12754 = LINE('',#12755,#12756);
#12755 = CARTESIAN_POINT('',(-5.79,0.375,-2.70609920631E-16));
#12756 = VECTOR('',#12757,1.);
#12757 = DIRECTION('',(1.7763568394E-15,0.,1.));
#12758 = ORIENTED_EDGE('',*,*,#12759,.T.);
#12759 = EDGE_CURVE('',#12752,#12760,#12762,.T.);
#12760 = VERTEX_POINT('',#12761);
#12761 = CARTESIAN_POINT('',(-5.28,0.375,0.5));
#12762 = LINE('',#12763,#12764);
#12763 = CARTESIAN_POINT('',(-5.79,0.375,0.5));
#12764 = VECTOR('',#12765,1.);
#12765 = DIRECTION('',(1.,0.,0.));
#12766 = ORIENTED_EDGE('',*,*,#12767,.T.);
#12767 = EDGE_CURVE('',#12760,#12768,#12770,.T.);
#12768 = VERTEX_POINT('',#12769);
#12769 = CARTESIAN_POINT('',(-5.045076844804,0.375,0.664494964169));
#12770 = CIRCLE('',#12771,0.25);
#12771 = AXIS2_PLACEMENT_3D('',#12772,#12773,#12774);
#12772 = CARTESIAN_POINT('',(-5.28,0.375,0.75));
#12773 = DIRECTION('',(0.,-1.,0.));
#12774 = DIRECTION('',(0.,0.,-1.));
#12775 = ORIENTED_EDGE('',*,*,#12776,.T.);
#12776 = EDGE_CURVE('',#12768,#12666,#12777,.T.);
#12777 = LINE('',#12778,#12779);
#12778 = CARTESIAN_POINT('',(-5.045076844804,0.375,0.664494964169));
#12779 = VECTOR('',#12780,1.);
#12780 = DIRECTION('',(0.342020143326,0.,0.939692620786));
#12781 = ORIENTED_EDGE('',*,*,#12665,.T.);
#12782 = ORIENTED_EDGE('',*,*,#12716,.F.);
#12783 = ORIENTED_EDGE('',*,*,#12462,.T.);
#12784 = ORIENTED_EDGE('',*,*,#12785,.T.);
#12785 = EDGE_CURVE('',#12463,#12786,#12788,.T.);
#12786 = VERTEX_POINT('',#12787);
#12787 = CARTESIAN_POINT('',(-4.575230534411,0.375,0.493484892506));
#12788 = LINE('',#12789,#12790);
#12789 = CARTESIAN_POINT('',(-4.472624491413,0.375,0.775392678742));
#12790 = VECTOR('',#12791,1.);
#12791 = DIRECTION('',(-0.342020143326,0.,-0.939692620786));
#12792 = ORIENTED_EDGE('',*,*,#12793,.T.);
#12793 = EDGE_CURVE('',#12786,#12794,#12796,.T.);
#12794 = VERTEX_POINT('',#12795);
#12795 = CARTESIAN_POINT('',(-5.28,0.375,-2.22044604925E-16));
#12796 = CIRCLE('',#12797,0.75);
#12797 = AXIS2_PLACEMENT_3D('',#12798,#12799,#12800);
#12798 = CARTESIAN_POINT('',(-5.28,0.375,0.75));
#12799 = DIRECTION('',(0.,1.,0.));
#12800 = DIRECTION('',(0.939692620786,0.,-0.342020143326));
#12801 = ORIENTED_EDGE('',*,*,#12802,.T.);
#12802 = EDGE_CURVE('',#12794,#12750,#12803,.T.);
#12803 = LINE('',#12804,#12805);
#12804 = CARTESIAN_POINT('',(-5.28,0.375,-2.22044604925E-16));
#12805 = VECTOR('',#12806,1.);
#12806 = DIRECTION('',(-1.,0.,-9.522610922745E-17));
#12807 = PLANE('',#12808);
#12808 = AXIS2_PLACEMENT_3D('',#12809,#12810,#12811);
#12809 = CARTESIAN_POINT('',(-4.091426690538,0.375,0.874745725546));
#12810 = DIRECTION('',(1.925014880134E-31,1.,-5.472315783042E-31));
#12811 = DIRECTION('',(0.,5.472315783042E-31,1.));
#12812 = ADVANCED_FACE('',(#12813),#12824,.T.);
#12813 = FACE_BOUND('',#12814,.T.);
#12814 = EDGE_LOOP('',(#12815,#12816,#12822,#12823));
#12815 = ORIENTED_EDGE('',*,*,#12633,.T.);
#12816 = ORIENTED_EDGE('',*,*,#12817,.T.);
#12817 = EDGE_CURVE('',#12626,#12538,#12818,.T.);
#12818 = LINE('',#12819,#12820);
#12819 = CARTESIAN_POINT('',(-2.237701336216,-0.375,1.43988764291));
#12820 = VECTOR('',#12821,1.);
#12821 = DIRECTION('',(0.,0.,-1.));
#12822 = ORIENTED_EDGE('',*,*,#12537,.F.);
#12823 = ORIENTED_EDGE('',*,*,#12734,.F.);
#12824 = PLANE('',#12825);
#12825 = AXIS2_PLACEMENT_3D('',#12826,#12827,#12828);
#12826 = CARTESIAN_POINT('',(-2.237701336216,0.375,1.43988764291));
#12827 = DIRECTION('',(1.,0.,0.));
#12828 = DIRECTION('',(0.,0.,-1.));
#12829 = ADVANCED_FACE('',(#12830),#12855,.T.);
#12830 = FACE_BOUND('',#12831,.T.);
#12831 = EDGE_LOOP('',(#12832,#12840,#12848,#12854));
#12832 = ORIENTED_EDGE('',*,*,#12833,.T.);
#12833 = EDGE_CURVE('',#12750,#12834,#12836,.T.);
#12834 = VERTEX_POINT('',#12835);
#12835 = CARTESIAN_POINT('',(-5.79,-0.375,-2.70609920631E-16));
#12836 = LINE('',#12837,#12838);
#12837 = CARTESIAN_POINT('',(-5.79,0.375,-2.70609920631E-16));
#12838 = VECTOR('',#12839,1.);
#12839 = DIRECTION('',(0.,-1.,0.));
#12840 = ORIENTED_EDGE('',*,*,#12841,.T.);
#12841 = EDGE_CURVE('',#12834,#12842,#12844,.T.);
#12842 = VERTEX_POINT('',#12843);
#12843 = CARTESIAN_POINT('',(-5.79,-0.375,0.5));
#12844 = LINE('',#12845,#12846);
#12845 = CARTESIAN_POINT('',(-5.79,-0.375,-2.70609920631E-16));
#12846 = VECTOR('',#12847,1.);
#12847 = DIRECTION('',(1.7763568394E-15,0.,1.));
#12848 = ORIENTED_EDGE('',*,*,#12849,.F.);
#12849 = EDGE_CURVE('',#12752,#12842,#12850,.T.);
#12850 = LINE('',#12851,#12852);
#12851 = CARTESIAN_POINT('',(-5.79,0.375,0.5));
#12852 = VECTOR('',#12853,1.);
#12853 = DIRECTION('',(0.,-1.,0.));
#12854 = ORIENTED_EDGE('',*,*,#12749,.F.);
#12855 = PLANE('',#12856);
#12856 = AXIS2_PLACEMENT_3D('',#12857,#12858,#12859);
#12857 = CARTESIAN_POINT('',(-5.79,0.375,-2.70609920631E-16));
#12858 = DIRECTION('',(-1.,0.,1.7763568394E-15));
#12859 = DIRECTION('',(1.7763568394E-15,0.,1.));
#12860 = ADVANCED_FACE('',(#12861),#12879,.T.);
#12861 = FACE_BOUND('',#12862,.T.);
#12862 = EDGE_LOOP('',(#12863,#12871,#12877,#12878));
#12863 = ORIENTED_EDGE('',*,*,#12864,.T.);
#12864 = EDGE_CURVE('',#12794,#12865,#12867,.T.);
#12865 = VERTEX_POINT('',#12866);
#12866 = CARTESIAN_POINT('',(-5.28,-0.375,-2.22044604925E-16));
#12867 = LINE('',#12868,#12869);
#12868 = CARTESIAN_POINT('',(-5.28,0.375,-2.22044604925E-16));
#12869 = VECTOR('',#12870,1.);
#12870 = DIRECTION('',(0.,-1.,0.));
#12871 = ORIENTED_EDGE('',*,*,#12872,.T.);
#12872 = EDGE_CURVE('',#12865,#12834,#12873,.T.);
#12873 = LINE('',#12874,#12875);
#12874 = CARTESIAN_POINT('',(-5.28,-0.375,-2.22044604925E-16));
#12875 = VECTOR('',#12876,1.);
#12876 = DIRECTION('',(-1.,0.,-9.522610922745E-17));
#12877 = ORIENTED_EDGE('',*,*,#12833,.F.);
#12878 = ORIENTED_EDGE('',*,*,#12802,.F.);
#12879 = PLANE('',#12880);
#12880 = AXIS2_PLACEMENT_3D('',#12881,#12882,#12883);
#12881 = CARTESIAN_POINT('',(-5.28,0.375,-2.22044604925E-16));
#12882 = DIRECTION('',(9.522610922745E-17,0.,-1.));
#12883 = DIRECTION('',(-1.,0.,-9.522610922745E-17));
#12884 = ADVANCED_FACE('',(#12885),#12904,.T.);
#12885 = FACE_BOUND('',#12886,.T.);
#12886 = EDGE_LOOP('',(#12887,#12895,#12902,#12903));
#12887 = ORIENTED_EDGE('',*,*,#12888,.T.);
#12888 = EDGE_CURVE('',#12786,#12889,#12891,.T.);
#12889 = VERTEX_POINT('',#12890);
#12890 = CARTESIAN_POINT('',(-4.575230534411,-0.375,0.493484892506));
#12891 = LINE('',#12892,#12893);
#12892 = CARTESIAN_POINT('',(-4.575230534411,0.375,0.493484892506));
#12893 = VECTOR('',#12894,1.);
#12894 = DIRECTION('',(0.,-1.,0.));
#12895 = ORIENTED_EDGE('',*,*,#12896,.T.);
#12896 = EDGE_CURVE('',#12889,#12865,#12897,.T.);
#12897 = CIRCLE('',#12898,0.75);
#12898 = AXIS2_PLACEMENT_3D('',#12899,#12900,#12901);
#12899 = CARTESIAN_POINT('',(-5.28,-0.375,0.75));
#12900 = DIRECTION('',(0.,1.,0.));
#12901 = DIRECTION('',(0.939692620786,0.,-0.342020143326));
#12902 = ORIENTED_EDGE('',*,*,#12864,.F.);
#12903 = ORIENTED_EDGE('',*,*,#12793,.F.);
#12904 = CYLINDRICAL_SURFACE('',#12905,0.75);
#12905 = AXIS2_PLACEMENT_3D('',#12906,#12907,#12908);
#12906 = CARTESIAN_POINT('',(-5.28,0.375,0.75));
#12907 = DIRECTION('',(0.,1.,0.));
#12908 = DIRECTION('',(0.939692620786,0.,-0.342020143326));
#12909 = ADVANCED_FACE('',(#12910),#12921,.T.);
#12910 = FACE_BOUND('',#12911,.T.);
#12911 = EDGE_LOOP('',(#12912,#12913,#12919,#12920));
#12912 = ORIENTED_EDGE('',*,*,#12471,.T.);
#12913 = ORIENTED_EDGE('',*,*,#12914,.T.);
#12914 = EDGE_CURVE('',#12472,#12889,#12915,.T.);
#12915 = LINE('',#12916,#12917);
#12916 = CARTESIAN_POINT('',(-4.472624491413,-0.375,0.775392678742));
#12917 = VECTOR('',#12918,1.);
#12918 = DIRECTION('',(-0.342020143326,0.,-0.939692620786));
#12919 = ORIENTED_EDGE('',*,*,#12888,.F.);
#12920 = ORIENTED_EDGE('',*,*,#12785,.F.);
#12921 = PLANE('',#12922);
#12922 = AXIS2_PLACEMENT_3D('',#12923,#12924,#12925);
#12923 = CARTESIAN_POINT('',(-4.472624491413,0.375,0.775392678742));
#12924 = DIRECTION('',(0.939692620786,0.,-0.342020143326));
#12925 = DIRECTION('',(-0.342020143326,0.,-0.939692620786));
#12926 = ADVANCED_FACE('',(#12927),#12945,.T.);
#12927 = FACE_BOUND('',#12928,.T.);
#12928 = EDGE_LOOP('',(#12929,#12937,#12943,#12944));
#12929 = ORIENTED_EDGE('',*,*,#12930,.T.);
#12930 = EDGE_CURVE('',#12768,#12931,#12933,.T.);
#12931 = VERTEX_POINT('',#12932);
#12932 = CARTESIAN_POINT('',(-5.045076844804,-0.375,0.664494964169));
#12933 = LINE('',#12934,#12935);
#12934 = CARTESIAN_POINT('',(-5.045076844804,0.375,0.664494964169));
#12935 = VECTOR('',#12936,1.);
#12936 = DIRECTION('',(0.,-1.,0.));
#12937 = ORIENTED_EDGE('',*,*,#12938,.T.);
#12938 = EDGE_CURVE('',#12931,#12675,#12939,.T.);
#12939 = LINE('',#12940,#12941);
#12940 = CARTESIAN_POINT('',(-5.045076844804,-0.375,0.664494964169));
#12941 = VECTOR('',#12942,1.);
#12942 = DIRECTION('',(0.342020143326,0.,0.939692620786));
#12943 = ORIENTED_EDGE('',*,*,#12674,.F.);
#12944 = ORIENTED_EDGE('',*,*,#12776,.F.);
#12945 = PLANE('',#12946);
#12946 = AXIS2_PLACEMENT_3D('',#12947,#12948,#12949);
#12947 = CARTESIAN_POINT('',(-5.045076844804,0.375,0.664494964169));
#12948 = DIRECTION('',(-0.939692620786,0.,0.342020143326));
#12949 = DIRECTION('',(0.342020143326,0.,0.939692620786));
#12950 = ADVANCED_FACE('',(#12951),#12970,.F.);
#12951 = FACE_BOUND('',#12952,.F.);
#12952 = EDGE_LOOP('',(#12953,#12954,#12955,#12964));
#12953 = ORIENTED_EDGE('',*,*,#12767,.T.);
#12954 = ORIENTED_EDGE('',*,*,#12930,.T.);
#12955 = ORIENTED_EDGE('',*,*,#12956,.F.);
#12956 = EDGE_CURVE('',#12957,#12931,#12959,.T.);
#12957 = VERTEX_POINT('',#12958);
#12958 = CARTESIAN_POINT('',(-5.28,-0.375,0.5));
#12959 = CIRCLE('',#12960,0.25);
#12960 = AXIS2_PLACEMENT_3D('',#12961,#12962,#12963);
#12961 = CARTESIAN_POINT('',(-5.28,-0.375,0.75));
#12962 = DIRECTION('',(0.,-1.,0.));
#12963 = DIRECTION('',(0.,0.,-1.));
#12964 = ORIENTED_EDGE('',*,*,#12965,.F.);
#12965 = EDGE_CURVE('',#12760,#12957,#12966,.T.);
#12966 = LINE('',#12967,#12968);
#12967 = CARTESIAN_POINT('',(-5.28,0.375,0.5));
#12968 = VECTOR('',#12969,1.);
#12969 = DIRECTION('',(0.,-1.,0.));
#12970 = CYLINDRICAL_SURFACE('',#12971,0.25);
#12971 = AXIS2_PLACEMENT_3D('',#12972,#12973,#12974);
#12972 = CARTESIAN_POINT('',(-5.28,0.375,0.75));
#12973 = DIRECTION('',(0.,1.,0.));
#12974 = DIRECTION('',(0.,0.,-1.));
#12975 = ADVANCED_FACE('',(#12976),#12987,.T.);
#12976 = FACE_BOUND('',#12977,.T.);
#12977 = EDGE_LOOP('',(#12978,#12979,#12985,#12986));
#12978 = ORIENTED_EDGE('',*,*,#12849,.T.);
#12979 = ORIENTED_EDGE('',*,*,#12980,.T.);
#12980 = EDGE_CURVE('',#12842,#12957,#12981,.T.);
#12981 = LINE('',#12982,#12983);
#12982 = CARTESIAN_POINT('',(-5.79,-0.375,0.5));
#12983 = VECTOR('',#12984,1.);
#12984 = DIRECTION('',(1.,0.,0.));
#12985 = ORIENTED_EDGE('',*,*,#12965,.F.);
#12986 = ORIENTED_EDGE('',*,*,#12759,.F.);
#12987 = PLANE('',#12988);
#12988 = AXIS2_PLACEMENT_3D('',#12989,#12990,#12991);
#12989 = CARTESIAN_POINT('',(-5.79,0.375,0.5));
#12990 = DIRECTION('',(0.,0.,1.));
#12991 = DIRECTION('',(1.,0.,0.));
#12992 = ADVANCED_FACE('',(#12993),#13010,.F.);
#12993 = FACE_BOUND('',#12994,.F.);
#12994 = EDGE_LOOP('',(#12995,#12996,#12997,#12998,#12999,#13000,#13006,
    #13007,#13008,#13009));
#12995 = ORIENTED_EDGE('',*,*,#12841,.T.);
#12996 = ORIENTED_EDGE('',*,*,#12980,.T.);
#12997 = ORIENTED_EDGE('',*,*,#12956,.T.);
#12998 = ORIENTED_EDGE('',*,*,#12938,.T.);
#12999 = ORIENTED_EDGE('',*,*,#12682,.T.);
#13000 = ORIENTED_EDGE('',*,*,#13001,.F.);
#13001 = EDGE_CURVE('',#12480,#12683,#13002,.T.);
#13002 = LINE('',#13003,#13004);
#13003 = CARTESIAN_POINT('',(-4.24,-0.375,0.437372862773));
#13004 = VECTOR('',#13005,1.);
#13005 = DIRECTION('',(0.,5.472315783042E-31,1.));
#13006 = ORIENTED_EDGE('',*,*,#12479,.T.);
#13007 = ORIENTED_EDGE('',*,*,#12914,.T.);
#13008 = ORIENTED_EDGE('',*,*,#12896,.T.);
#13009 = ORIENTED_EDGE('',*,*,#12872,.T.);
#13010 = PLANE('',#13011);
#13011 = AXIS2_PLACEMENT_3D('',#13012,#13013,#13014);
#13012 = CARTESIAN_POINT('',(-4.091426690538,-0.375,0.874745725546));
#13013 = DIRECTION('',(1.925014880134E-31,1.,-5.472315783042E-31));
#13014 = DIRECTION('',(0.,5.472315783042E-31,1.));
#13015 = ADVANCED_FACE('',(#13016),#13027,.T.);
#13016 = FACE_BOUND('',#13017,.T.);
#13017 = EDGE_LOOP('',(#13018,#13019,#13025,#13026));
#13018 = ORIENTED_EDGE('',*,*,#12488,.F.);
#13019 = ORIENTED_EDGE('',*,*,#13020,.T.);
#13020 = EDGE_CURVE('',#12489,#12692,#13021,.T.);
#13021 = LINE('',#13022,#13023);
#13022 = CARTESIAN_POINT('',(-4.24,-0.495,0.437372862773));
#13023 = VECTOR('',#13024,1.);
#13024 = DIRECTION('',(0.,5.472315783042E-31,1.));
#13025 = ORIENTED_EDGE('',*,*,#12691,.T.);
#13026 = ORIENTED_EDGE('',*,*,#13001,.F.);
#13027 = PLANE('',#13028);
#13028 = AXIS2_PLACEMENT_3D('',#13029,#13030,#13031);
#13029 = CARTESIAN_POINT('',(-4.24,-3.25,0.));
#13030 = DIRECTION('',(-1.,0.,0.));
#13031 = DIRECTION('',(0.,1.,0.));
#13032 = ADVANCED_FACE('',(#13033),#13046,.F.);
#13033 = FACE_BOUND('',#13034,.F.);
#13034 = EDGE_LOOP('',(#13035,#13036,#13037,#13038,#13039,#13045));
#13035 = ORIENTED_EDGE('',*,*,#12496,.T.);
#13036 = ORIENTED_EDGE('',*,*,#13020,.T.);
#13037 = ORIENTED_EDGE('',*,*,#12699,.T.);
#13038 = ORIENTED_EDGE('',*,*,#12609,.T.);
#13039 = ORIENTED_EDGE('',*,*,#13040,.T.);
#13040 = EDGE_CURVE('',#12610,#12554,#13041,.T.);
#13041 = LINE('',#13042,#13043);
#13042 = CARTESIAN_POINT('',(-3.49,-0.495,0.437372862773));
#13043 = VECTOR('',#13044,1.);
#13044 = DIRECTION('',(0.,-5.472315783042E-31,-1.));
#13045 = ORIENTED_EDGE('',*,*,#12561,.T.);
#13046 = PLANE('',#13047);
#13047 = AXIS2_PLACEMENT_3D('',#13048,#13049,#13050);
#13048 = CARTESIAN_POINT('',(-4.091426690538,-0.495,0.874745725546));
#13049 = DIRECTION('',(1.925014880134E-31,1.,-5.472315783042E-31));
#13050 = DIRECTION('',(0.,5.472315783042E-31,1.));
#13051 = ADVANCED_FACE('',(#13052),#13063,.T.);
#13052 = FACE_BOUND('',#13053,.T.);
#13053 = EDGE_LOOP('',(#13054,#13060,#13061,#13062));
#13054 = ORIENTED_EDGE('',*,*,#13055,.F.);
#13055 = EDGE_CURVE('',#12618,#12546,#13056,.T.);
#13056 = LINE('',#13057,#13058);
#13057 = CARTESIAN_POINT('',(-3.49,-0.375,0.437372862773));
#13058 = VECTOR('',#13059,1.);
#13059 = DIRECTION('',(0.,-5.472315783042E-31,-1.));
#13060 = ORIENTED_EDGE('',*,*,#12617,.F.);
#13061 = ORIENTED_EDGE('',*,*,#13040,.T.);
#13062 = ORIENTED_EDGE('',*,*,#12553,.F.);
#13063 = PLANE('',#13064);
#13064 = AXIS2_PLACEMENT_3D('',#13065,#13066,#13067);
#13065 = CARTESIAN_POINT('',(-3.49,3.25,0.));
#13066 = DIRECTION('',(1.,0.,0.));
#13067 = DIRECTION('',(0.,-1.,0.));
#13068 = ADVANCED_FACE('',(#13069),#13075,.F.);
#13069 = FACE_BOUND('',#13070,.F.);
#13070 = EDGE_LOOP('',(#13071,#13072,#13073,#13074));
#13071 = ORIENTED_EDGE('',*,*,#13055,.F.);
#13072 = ORIENTED_EDGE('',*,*,#12625,.T.);
#13073 = ORIENTED_EDGE('',*,*,#12817,.T.);
#13074 = ORIENTED_EDGE('',*,*,#12545,.T.);
#13075 = PLANE('',#13076);
#13076 = AXIS2_PLACEMENT_3D('',#13077,#13078,#13079);
#13077 = CARTESIAN_POINT('',(-4.091426690538,-0.375,0.874745725546));
#13078 = DIRECTION('',(1.925014880134E-31,1.,-5.472315783042E-31));
#13079 = DIRECTION('',(0.,5.472315783042E-31,1.));
#13080 = MANIFOLD_SOLID_BREP('',#13081);
#13081 = CLOSED_SHELL('',(#13082,#13140,#13206,#13262,#13286,#13342,
    #13401,#13418,#13435,#13502,#13519,#13550,#13574,#13599,#13616,
    #13640,#13665,#13682,#13705,#13722,#13741,#13758));
#13082 = ADVANCED_FACE('',(#13083),#13135,.T.);
#13083 = FACE_BOUND('',#13084,.T.);
#13084 = EDGE_LOOP('',(#13085,#13096,#13104,#13113,#13121,#13129));
#13085 = ORIENTED_EDGE('',*,*,#13086,.T.);
#13086 = EDGE_CURVE('',#13087,#13089,#13091,.T.);
#13087 = VERTEX_POINT('',#13088);
#13088 = CARTESIAN_POINT('',(-4.237701336216,2.775,0.93988764291));
#13089 = VERTEX_POINT('',#13090);
#13090 = CARTESIAN_POINT('',(-4.24,2.775,0.939877074976));
#13091 = CIRCLE('',#13092,0.25);
#13092 = AXIS2_PLACEMENT_3D('',#13093,#13094,#13095);
#13093 = CARTESIAN_POINT('',(-4.237701336216,2.775,0.68988764291));
#13094 = DIRECTION('',(0.,-1.,0.));
#13095 = DIRECTION('',(-3.5527136788E-15,0.,1.));
#13096 = ORIENTED_EDGE('',*,*,#13097,.T.);
#13097 = EDGE_CURVE('',#13089,#13098,#13100,.T.);
#13098 = VERTEX_POINT('',#13099);
#13099 = CARTESIAN_POINT('',(-4.24,2.775,1.439884120332));
#13100 = LINE('',#13101,#13102);
#13101 = CARTESIAN_POINT('',(-4.24,2.775,0.437372862773));
#13102 = VECTOR('',#13103,1.);
#13103 = DIRECTION('',(0.,5.472315783042E-31,1.));
#13104 = ORIENTED_EDGE('',*,*,#13105,.T.);
#13105 = EDGE_CURVE('',#13098,#13106,#13108,.T.);
#13106 = VERTEX_POINT('',#13107);
#13107 = CARTESIAN_POINT('',(-4.237701336216,2.775,1.43988764291));
#13108 = CIRCLE('',#13109,0.75);
#13109 = AXIS2_PLACEMENT_3D('',#13110,#13111,#13112);
#13110 = CARTESIAN_POINT('',(-4.237701336216,2.775,0.68988764291));
#13111 = DIRECTION('',(0.,1.,-0.));
#13112 = DIRECTION('',(-0.939692620786,0.,0.342020143326));
#13113 = ORIENTED_EDGE('',*,*,#13114,.T.);
#13114 = EDGE_CURVE('',#13106,#13115,#13117,.T.);
#13115 = VERTEX_POINT('',#13116);
#13116 = CARTESIAN_POINT('',(-3.49,2.775,1.43988764291));
#13117 = LINE('',#13118,#13119);
#13118 = CARTESIAN_POINT('',(-4.237701336216,2.775,1.43988764291));
#13119 = VECTOR('',#13120,1.);
#13120 = DIRECTION('',(1.,0.,-1.110223024625E-16));
#13121 = ORIENTED_EDGE('',*,*,#13122,.T.);
#13122 = EDGE_CURVE('',#13115,#13123,#13125,.T.);
#13123 = VERTEX_POINT('',#13124);
#13124 = CARTESIAN_POINT('',(-3.49,2.775,0.93988764291));
#13125 = LINE('',#13126,#13127);
#13126 = CARTESIAN_POINT('',(-3.49,2.775,0.437372862773));
#13127 = VECTOR('',#13128,1.);
#13128 = DIRECTION('',(0.,-5.472315783042E-31,-1.));
#13129 = ORIENTED_EDGE('',*,*,#13130,.T.);
#13130 = EDGE_CURVE('',#13123,#13087,#13131,.T.);
#13131 = LINE('',#13132,#13133);
#13132 = CARTESIAN_POINT('',(-2.237701336216,2.775,0.93988764291));
#13133 = VECTOR('',#13134,1.);
#13134 = DIRECTION('',(-1.,0.,1.110223024625E-16));
#13135 = PLANE('',#13136);
#13136 = AXIS2_PLACEMENT_3D('',#13137,#13138,#13139);
#13137 = CARTESIAN_POINT('',(-4.091426690538,2.775,0.874745725546));
#13138 = DIRECTION('',(1.925014880134E-31,1.,-5.472315783042E-31));
#13139 = DIRECTION('',(0.,5.472315783042E-31,1.));
#13140 = ADVANCED_FACE('',(#13141),#13201,.F.);
#13141 = FACE_BOUND('',#13142,.F.);
#13142 = EDGE_LOOP('',(#13143,#13151,#13160,#13168,#13177,#13185,#13194,
    #13200));
#13143 = ORIENTED_EDGE('',*,*,#13144,.F.);
#13144 = EDGE_CURVE('',#13145,#13089,#13147,.T.);
#13145 = VERTEX_POINT('',#13146);
#13146 = CARTESIAN_POINT('',(-4.24,2.655,0.939877074976));
#13147 = LINE('',#13148,#13149);
#13148 = CARTESIAN_POINT('',(-4.24,2.775,0.939877074976));
#13149 = VECTOR('',#13150,1.);
#13150 = DIRECTION('',(0.,1.,0.));
#13151 = ORIENTED_EDGE('',*,*,#13152,.T.);
#13152 = EDGE_CURVE('',#13145,#13153,#13155,.T.);
#13153 = VERTEX_POINT('',#13154);
#13154 = CARTESIAN_POINT('',(-4.472624491413,2.655,0.775392678742));
#13155 = CIRCLE('',#13156,0.25);
#13156 = AXIS2_PLACEMENT_3D('',#13157,#13158,#13159);
#13157 = CARTESIAN_POINT('',(-4.237701336216,2.655,0.68988764291));
#13158 = DIRECTION('',(0.,-1.,0.));
#13159 = DIRECTION('',(-3.5527136788E-15,0.,1.));
#13160 = ORIENTED_EDGE('',*,*,#13161,.T.);
#13161 = EDGE_CURVE('',#13153,#13162,#13164,.T.);
#13162 = VERTEX_POINT('',#13163);
#13163 = CARTESIAN_POINT('',(-4.472624491413,1.905,0.775392678742));
#13164 = LINE('',#13165,#13166);
#13165 = CARTESIAN_POINT('',(-4.472624491413,2.655,0.775392678742));
#13166 = VECTOR('',#13167,1.);
#13167 = DIRECTION('',(0.,-1.,0.));
#13168 = ORIENTED_EDGE('',*,*,#13169,.F.);
#13169 = EDGE_CURVE('',#13170,#13162,#13172,.T.);
#13170 = VERTEX_POINT('',#13171);
#13171 = CARTESIAN_POINT('',(-4.24,1.905,0.939877074976));
#13172 = CIRCLE('',#13173,0.25);
#13173 = AXIS2_PLACEMENT_3D('',#13174,#13175,#13176);
#13174 = CARTESIAN_POINT('',(-4.237701336216,1.905,0.68988764291));
#13175 = DIRECTION('',(0.,-1.,0.));
#13176 = DIRECTION('',(-3.5527136788E-15,0.,1.));
#13177 = ORIENTED_EDGE('',*,*,#13178,.F.);
#13178 = EDGE_CURVE('',#13179,#13170,#13181,.T.);
#13179 = VERTEX_POINT('',#13180);
#13180 = CARTESIAN_POINT('',(-4.24,1.785,0.939877074976));
#13181 = LINE('',#13182,#13183);
#13182 = CARTESIAN_POINT('',(-4.24,2.775,0.939877074976));
#13183 = VECTOR('',#13184,1.);
#13184 = DIRECTION('',(0.,1.,0.));
#13185 = ORIENTED_EDGE('',*,*,#13186,.F.);
#13186 = EDGE_CURVE('',#13187,#13179,#13189,.T.);
#13187 = VERTEX_POINT('',#13188);
#13188 = CARTESIAN_POINT('',(-4.237701336216,1.785,0.93988764291));
#13189 = CIRCLE('',#13190,0.25);
#13190 = AXIS2_PLACEMENT_3D('',#13191,#13192,#13193);
#13191 = CARTESIAN_POINT('',(-4.237701336216,1.785,0.68988764291));
#13192 = DIRECTION('',(0.,-1.,0.));
#13193 = DIRECTION('',(-3.5527136788E-15,0.,1.));
#13194 = ORIENTED_EDGE('',*,*,#13195,.F.);
#13195 = EDGE_CURVE('',#13087,#13187,#13196,.T.);
#13196 = LINE('',#13197,#13198);
#13197 = CARTESIAN_POINT('',(-4.237701336216,2.775,0.93988764291));
#13198 = VECTOR('',#13199,1.);
#13199 = DIRECTION('',(0.,-1.,0.));
#13200 = ORIENTED_EDGE('',*,*,#13086,.T.);
#13201 = CYLINDRICAL_SURFACE('',#13202,0.25);
#13202 = AXIS2_PLACEMENT_3D('',#13203,#13204,#13205);
#13203 = CARTESIAN_POINT('',(-4.237701336216,2.775,0.68988764291));
#13204 = DIRECTION('',(0.,1.,0.));
#13205 = DIRECTION('',(-3.5527136788E-15,0.,1.));
#13206 = ADVANCED_FACE('',(#13207),#13257,.T.);
#13207 = FACE_BOUND('',#13208,.T.);
#13208 = EDGE_LOOP('',(#13209,#13210,#13218,#13226,#13234,#13242,#13250,
    #13256));
#13209 = ORIENTED_EDGE('',*,*,#13130,.F.);
#13210 = ORIENTED_EDGE('',*,*,#13211,.T.);
#13211 = EDGE_CURVE('',#13123,#13212,#13214,.T.);
#13212 = VERTEX_POINT('',#13213);
#13213 = CARTESIAN_POINT('',(-3.49,2.655,0.93988764291));
#13214 = LINE('',#13215,#13216);
#13215 = CARTESIAN_POINT('',(-3.49,3.0125,0.93988764291));
#13216 = VECTOR('',#13217,1.);
#13217 = DIRECTION('',(0.,-1.,0.));
#13218 = ORIENTED_EDGE('',*,*,#13219,.F.);
#13219 = EDGE_CURVE('',#13220,#13212,#13222,.T.);
#13220 = VERTEX_POINT('',#13221);
#13221 = CARTESIAN_POINT('',(-2.237701336216,2.655,0.93988764291));
#13222 = LINE('',#13223,#13224);
#13223 = CARTESIAN_POINT('',(-2.237701336216,2.655,0.93988764291));
#13224 = VECTOR('',#13225,1.);
#13225 = DIRECTION('',(-1.,0.,1.110223024625E-16));
#13226 = ORIENTED_EDGE('',*,*,#13227,.T.);
#13227 = EDGE_CURVE('',#13220,#13228,#13230,.T.);
#13228 = VERTEX_POINT('',#13229);
#13229 = CARTESIAN_POINT('',(-2.237701336216,1.905,0.93988764291));
#13230 = LINE('',#13231,#13232);
#13231 = CARTESIAN_POINT('',(-2.237701336216,2.655,0.93988764291));
#13232 = VECTOR('',#13233,1.);
#13233 = DIRECTION('',(0.,-1.,0.));
#13234 = ORIENTED_EDGE('',*,*,#13235,.T.);
#13235 = EDGE_CURVE('',#13228,#13236,#13238,.T.);
#13236 = VERTEX_POINT('',#13237);
#13237 = CARTESIAN_POINT('',(-3.49,1.905,0.93988764291));
#13238 = LINE('',#13239,#13240);
#13239 = CARTESIAN_POINT('',(-2.237701336216,1.905,0.93988764291));
#13240 = VECTOR('',#13241,1.);
#13241 = DIRECTION('',(-1.,0.,1.110223024625E-16));
#13242 = ORIENTED_EDGE('',*,*,#13243,.T.);
#13243 = EDGE_CURVE('',#13236,#13244,#13246,.T.);
#13244 = VERTEX_POINT('',#13245);
#13245 = CARTESIAN_POINT('',(-3.49,1.785,0.93988764291));
#13246 = LINE('',#13247,#13248);
#13247 = CARTESIAN_POINT('',(-3.49,3.0125,0.93988764291));
#13248 = VECTOR('',#13249,1.);
#13249 = DIRECTION('',(0.,-1.,0.));
#13250 = ORIENTED_EDGE('',*,*,#13251,.T.);
#13251 = EDGE_CURVE('',#13244,#13187,#13252,.T.);
#13252 = LINE('',#13253,#13254);
#13253 = CARTESIAN_POINT('',(-2.237701336216,1.785,0.93988764291));
#13254 = VECTOR('',#13255,1.);
#13255 = DIRECTION('',(-1.,0.,1.110223024625E-16));
#13256 = ORIENTED_EDGE('',*,*,#13195,.F.);
#13257 = PLANE('',#13258);
#13258 = AXIS2_PLACEMENT_3D('',#13259,#13260,#13261);
#13259 = CARTESIAN_POINT('',(-2.237701336216,2.775,0.93988764291));
#13260 = DIRECTION('',(-1.110223024625E-16,-0.,-1.));
#13261 = DIRECTION('',(-1.,0.,1.110223024625E-16));
#13262 = ADVANCED_FACE('',(#13263),#13281,.T.);
#13263 = FACE_BOUND('',#13264,.T.);
#13264 = EDGE_LOOP('',(#13265,#13266,#13274,#13280));
#13265 = ORIENTED_EDGE('',*,*,#13122,.F.);
#13266 = ORIENTED_EDGE('',*,*,#13267,.F.);
#13267 = EDGE_CURVE('',#13268,#13115,#13270,.T.);
#13268 = VERTEX_POINT('',#13269);
#13269 = CARTESIAN_POINT('',(-3.49,2.655,1.43988764291));
#13270 = LINE('',#13271,#13272);
#13271 = CARTESIAN_POINT('',(-3.49,3.0125,1.43988764291));
#13272 = VECTOR('',#13273,1.);
#13273 = DIRECTION('',(0.,1.,0.));
#13274 = ORIENTED_EDGE('',*,*,#13275,.T.);
#13275 = EDGE_CURVE('',#13268,#13212,#13276,.T.);
#13276 = LINE('',#13277,#13278);
#13277 = CARTESIAN_POINT('',(-3.49,2.655,0.437372862773));
#13278 = VECTOR('',#13279,1.);
#13279 = DIRECTION('',(0.,-5.472315783042E-31,-1.));
#13280 = ORIENTED_EDGE('',*,*,#13211,.F.);
#13281 = PLANE('',#13282);
#13282 = AXIS2_PLACEMENT_3D('',#13283,#13284,#13285);
#13283 = CARTESIAN_POINT('',(-3.49,3.25,0.));
#13284 = DIRECTION('',(1.,0.,0.));
#13285 = DIRECTION('',(0.,-1.,0.));
#13286 = ADVANCED_FACE('',(#13287),#13337,.T.);
#13287 = FACE_BOUND('',#13288,.T.);
#13288 = EDGE_LOOP('',(#13289,#13290,#13298,#13306,#13314,#13322,#13330,
    #13336));
#13289 = ORIENTED_EDGE('',*,*,#13114,.F.);
#13290 = ORIENTED_EDGE('',*,*,#13291,.T.);
#13291 = EDGE_CURVE('',#13106,#13292,#13294,.T.);
#13292 = VERTEX_POINT('',#13293);
#13293 = CARTESIAN_POINT('',(-4.237701336216,1.785,1.43988764291));
#13294 = LINE('',#13295,#13296);
#13295 = CARTESIAN_POINT('',(-4.237701336216,2.775,1.43988764291));
#13296 = VECTOR('',#13297,1.);
#13297 = DIRECTION('',(0.,-1.,0.));
#13298 = ORIENTED_EDGE('',*,*,#13299,.T.);
#13299 = EDGE_CURVE('',#13292,#13300,#13302,.T.);
#13300 = VERTEX_POINT('',#13301);
#13301 = CARTESIAN_POINT('',(-3.49,1.785,1.43988764291));
#13302 = LINE('',#13303,#13304);
#13303 = CARTESIAN_POINT('',(-4.237701336216,1.785,1.43988764291));
#13304 = VECTOR('',#13305,1.);
#13305 = DIRECTION('',(1.,0.,-1.110223024625E-16));
#13306 = ORIENTED_EDGE('',*,*,#13307,.T.);
#13307 = EDGE_CURVE('',#13300,#13308,#13310,.T.);
#13308 = VERTEX_POINT('',#13309);
#13309 = CARTESIAN_POINT('',(-3.49,1.905,1.43988764291));
#13310 = LINE('',#13311,#13312);
#13311 = CARTESIAN_POINT('',(-3.49,3.0125,1.43988764291));
#13312 = VECTOR('',#13313,1.);
#13313 = DIRECTION('',(0.,1.,0.));
#13314 = ORIENTED_EDGE('',*,*,#13315,.T.);
#13315 = EDGE_CURVE('',#13308,#13316,#13318,.T.);
#13316 = VERTEX_POINT('',#13317);
#13317 = CARTESIAN_POINT('',(-2.237701336216,1.905,1.43988764291));
#13318 = LINE('',#13319,#13320);
#13319 = CARTESIAN_POINT('',(-4.237701336216,1.905,1.43988764291));
#13320 = VECTOR('',#13321,1.);
#13321 = DIRECTION('',(1.,0.,-1.110223024625E-16));
#13322 = ORIENTED_EDGE('',*,*,#13323,.F.);
#13323 = EDGE_CURVE('',#13324,#13316,#13326,.T.);
#13324 = VERTEX_POINT('',#13325);
#13325 = CARTESIAN_POINT('',(-2.237701336216,2.655,1.43988764291));
#13326 = LINE('',#13327,#13328);
#13327 = CARTESIAN_POINT('',(-2.237701336216,2.655,1.43988764291));
#13328 = VECTOR('',#13329,1.);
#13329 = DIRECTION('',(0.,-1.,0.));
#13330 = ORIENTED_EDGE('',*,*,#13331,.F.);
#13331 = EDGE_CURVE('',#13268,#13324,#13332,.T.);
#13332 = LINE('',#13333,#13334);
#13333 = CARTESIAN_POINT('',(-4.237701336216,2.655,1.43988764291));
#13334 = VECTOR('',#13335,1.);
#13335 = DIRECTION('',(1.,0.,-1.110223024625E-16));
#13336 = ORIENTED_EDGE('',*,*,#13267,.T.);
#13337 = PLANE('',#13338);
#13338 = AXIS2_PLACEMENT_3D('',#13339,#13340,#13341);
#13339 = CARTESIAN_POINT('',(-4.237701336216,2.775,1.43988764291));
#13340 = DIRECTION('',(1.110223024625E-16,0.,1.));
#13341 = DIRECTION('',(1.,0.,-1.110223024625E-16));
#13342 = ADVANCED_FACE('',(#13343),#13396,.T.);
#13343 = FACE_BOUND('',#13344,.T.);
#13344 = EDGE_LOOP('',(#13345,#13346,#13354,#13363,#13371,#13380,#13388,
    #13395));
#13345 = ORIENTED_EDGE('',*,*,#13105,.F.);
#13346 = ORIENTED_EDGE('',*,*,#13347,.F.);
#13347 = EDGE_CURVE('',#13348,#13098,#13350,.T.);
#13348 = VERTEX_POINT('',#13349);
#13349 = CARTESIAN_POINT('',(-4.24,2.655,1.439884120332));
#13350 = LINE('',#13351,#13352);
#13351 = CARTESIAN_POINT('',(-4.24,2.775,1.439884120332));
#13352 = VECTOR('',#13353,1.);
#13353 = DIRECTION('',(0.,1.,0.));
#13354 = ORIENTED_EDGE('',*,*,#13355,.F.);
#13355 = EDGE_CURVE('',#13356,#13348,#13358,.T.);
#13356 = VERTEX_POINT('',#13357);
#13357 = CARTESIAN_POINT('',(-4.942470801806,2.655,0.946402750404));
#13358 = CIRCLE('',#13359,0.75);
#13359 = AXIS2_PLACEMENT_3D('',#13360,#13361,#13362);
#13360 = CARTESIAN_POINT('',(-4.237701336216,2.655,0.68988764291));
#13361 = DIRECTION('',(0.,1.,-0.));
#13362 = DIRECTION('',(-0.939692620786,0.,0.342020143326));
#13363 = ORIENTED_EDGE('',*,*,#13364,.T.);
#13364 = EDGE_CURVE('',#13356,#13365,#13367,.T.);
#13365 = VERTEX_POINT('',#13366);
#13366 = CARTESIAN_POINT('',(-4.942470801806,1.905,0.946402750404));
#13367 = LINE('',#13368,#13369);
#13368 = CARTESIAN_POINT('',(-4.942470801806,2.655,0.946402750404));
#13369 = VECTOR('',#13370,1.);
#13370 = DIRECTION('',(0.,-1.,0.));
#13371 = ORIENTED_EDGE('',*,*,#13372,.T.);
#13372 = EDGE_CURVE('',#13365,#13373,#13375,.T.);
#13373 = VERTEX_POINT('',#13374);
#13374 = CARTESIAN_POINT('',(-4.24,1.905,1.439884120332));
#13375 = CIRCLE('',#13376,0.75);
#13376 = AXIS2_PLACEMENT_3D('',#13377,#13378,#13379);
#13377 = CARTESIAN_POINT('',(-4.237701336216,1.905,0.68988764291));
#13378 = DIRECTION('',(0.,1.,-0.));
#13379 = DIRECTION('',(-0.939692620786,0.,0.342020143326));
#13380 = ORIENTED_EDGE('',*,*,#13381,.F.);
#13381 = EDGE_CURVE('',#13382,#13373,#13384,.T.);
#13382 = VERTEX_POINT('',#13383);
#13383 = CARTESIAN_POINT('',(-4.24,1.785,1.439884120332));
#13384 = LINE('',#13385,#13386);
#13385 = CARTESIAN_POINT('',(-4.24,2.775,1.439884120332));
#13386 = VECTOR('',#13387,1.);
#13387 = DIRECTION('',(0.,1.,0.));
#13388 = ORIENTED_EDGE('',*,*,#13389,.T.);
#13389 = EDGE_CURVE('',#13382,#13292,#13390,.T.);
#13390 = CIRCLE('',#13391,0.75);
#13391 = AXIS2_PLACEMENT_3D('',#13392,#13393,#13394);
#13392 = CARTESIAN_POINT('',(-4.237701336216,1.785,0.68988764291));
#13393 = DIRECTION('',(0.,1.,-0.));
#13394 = DIRECTION('',(-0.939692620786,0.,0.342020143326));
#13395 = ORIENTED_EDGE('',*,*,#13291,.F.);
#13396 = CYLINDRICAL_SURFACE('',#13397,0.75);
#13397 = AXIS2_PLACEMENT_3D('',#13398,#13399,#13400);
#13398 = CARTESIAN_POINT('',(-4.237701336216,2.775,0.68988764291));
#13399 = DIRECTION('',(0.,1.,0.));
#13400 = DIRECTION('',(-0.939692620786,0.,0.342020143326));
#13401 = ADVANCED_FACE('',(#13402),#13413,.T.);
#13402 = FACE_BOUND('',#13403,.T.);
#13403 = EDGE_LOOP('',(#13404,#13405,#13406,#13412));
#13404 = ORIENTED_EDGE('',*,*,#13097,.F.);
#13405 = ORIENTED_EDGE('',*,*,#13144,.F.);
#13406 = ORIENTED_EDGE('',*,*,#13407,.T.);
#13407 = EDGE_CURVE('',#13145,#13348,#13408,.T.);
#13408 = LINE('',#13409,#13410);
#13409 = CARTESIAN_POINT('',(-4.24,2.655,0.437372862773));
#13410 = VECTOR('',#13411,1.);
#13411 = DIRECTION('',(0.,5.472315783042E-31,1.));
#13412 = ORIENTED_EDGE('',*,*,#13347,.T.);
#13413 = PLANE('',#13414);
#13414 = AXIS2_PLACEMENT_3D('',#13415,#13416,#13417);
#13415 = CARTESIAN_POINT('',(-4.24,-3.25,0.));
#13416 = DIRECTION('',(-1.,0.,0.));
#13417 = DIRECTION('',(0.,1.,0.));
#13418 = ADVANCED_FACE('',(#13419),#13430,.T.);
#13419 = FACE_BOUND('',#13420,.T.);
#13420 = EDGE_LOOP('',(#13421,#13422,#13423,#13429));
#13421 = ORIENTED_EDGE('',*,*,#13275,.F.);
#13422 = ORIENTED_EDGE('',*,*,#13331,.T.);
#13423 = ORIENTED_EDGE('',*,*,#13424,.T.);
#13424 = EDGE_CURVE('',#13324,#13220,#13425,.T.);
#13425 = LINE('',#13426,#13427);
#13426 = CARTESIAN_POINT('',(-2.237701336216,2.655,1.43988764291));
#13427 = VECTOR('',#13428,1.);
#13428 = DIRECTION('',(0.,0.,-1.));
#13429 = ORIENTED_EDGE('',*,*,#13219,.T.);
#13430 = PLANE('',#13431);
#13431 = AXIS2_PLACEMENT_3D('',#13432,#13433,#13434);
#13432 = CARTESIAN_POINT('',(-4.091426690538,2.655,0.874745725546));
#13433 = DIRECTION('',(1.925014880134E-31,1.,-5.472315783042E-31));
#13434 = DIRECTION('',(0.,5.472315783042E-31,1.));
#13435 = ADVANCED_FACE('',(#13436),#13497,.T.);
#13436 = FACE_BOUND('',#13437,.T.);
#13437 = EDGE_LOOP('',(#13438,#13448,#13456,#13465,#13471,#13472,#13473,
    #13474,#13482,#13491));
#13438 = ORIENTED_EDGE('',*,*,#13439,.T.);
#13439 = EDGE_CURVE('',#13440,#13442,#13444,.T.);
#13440 = VERTEX_POINT('',#13441);
#13441 = CARTESIAN_POINT('',(-5.79,2.655,-2.70609920631E-16));
#13442 = VERTEX_POINT('',#13443);
#13443 = CARTESIAN_POINT('',(-5.79,2.655,0.5));
#13444 = LINE('',#13445,#13446);
#13445 = CARTESIAN_POINT('',(-5.79,2.655,-2.70609920631E-16));
#13446 = VECTOR('',#13447,1.);
#13447 = DIRECTION('',(1.7763568394E-15,0.,1.));
#13448 = ORIENTED_EDGE('',*,*,#13449,.T.);
#13449 = EDGE_CURVE('',#13442,#13450,#13452,.T.);
#13450 = VERTEX_POINT('',#13451);
#13451 = CARTESIAN_POINT('',(-5.28,2.655,0.5));
#13452 = LINE('',#13453,#13454);
#13453 = CARTESIAN_POINT('',(-5.79,2.655,0.5));
#13454 = VECTOR('',#13455,1.);
#13455 = DIRECTION('',(1.,0.,0.));
#13456 = ORIENTED_EDGE('',*,*,#13457,.T.);
#13457 = EDGE_CURVE('',#13450,#13458,#13460,.T.);
#13458 = VERTEX_POINT('',#13459);
#13459 = CARTESIAN_POINT('',(-5.045076844804,2.655,0.664494964169));
#13460 = CIRCLE('',#13461,0.25);
#13461 = AXIS2_PLACEMENT_3D('',#13462,#13463,#13464);
#13462 = CARTESIAN_POINT('',(-5.28,2.655,0.75));
#13463 = DIRECTION('',(0.,-1.,0.));
#13464 = DIRECTION('',(0.,0.,-1.));
#13465 = ORIENTED_EDGE('',*,*,#13466,.T.);
#13466 = EDGE_CURVE('',#13458,#13356,#13467,.T.);
#13467 = LINE('',#13468,#13469);
#13468 = CARTESIAN_POINT('',(-5.045076844804,2.655,0.664494964169));
#13469 = VECTOR('',#13470,1.);
#13470 = DIRECTION('',(0.342020143326,0.,0.939692620786));
#13471 = ORIENTED_EDGE('',*,*,#13355,.T.);
#13472 = ORIENTED_EDGE('',*,*,#13407,.F.);
#13473 = ORIENTED_EDGE('',*,*,#13152,.T.);
#13474 = ORIENTED_EDGE('',*,*,#13475,.T.);
#13475 = EDGE_CURVE('',#13153,#13476,#13478,.T.);
#13476 = VERTEX_POINT('',#13477);
#13477 = CARTESIAN_POINT('',(-4.575230534411,2.655,0.493484892506));
#13478 = LINE('',#13479,#13480);
#13479 = CARTESIAN_POINT('',(-4.472624491413,2.655,0.775392678742));
#13480 = VECTOR('',#13481,1.);
#13481 = DIRECTION('',(-0.342020143326,0.,-0.939692620786));
#13482 = ORIENTED_EDGE('',*,*,#13483,.T.);
#13483 = EDGE_CURVE('',#13476,#13484,#13486,.T.);
#13484 = VERTEX_POINT('',#13485);
#13485 = CARTESIAN_POINT('',(-5.28,2.655,-2.22044604925E-16));
#13486 = CIRCLE('',#13487,0.75);
#13487 = AXIS2_PLACEMENT_3D('',#13488,#13489,#13490);
#13488 = CARTESIAN_POINT('',(-5.28,2.655,0.75));
#13489 = DIRECTION('',(0.,1.,0.));
#13490 = DIRECTION('',(0.939692620786,0.,-0.342020143326));
#13491 = ORIENTED_EDGE('',*,*,#13492,.T.);
#13492 = EDGE_CURVE('',#13484,#13440,#13493,.T.);
#13493 = LINE('',#13494,#13495);
#13494 = CARTESIAN_POINT('',(-5.28,2.655,-2.22044604925E-16));
#13495 = VECTOR('',#13496,1.);
#13496 = DIRECTION('',(-1.,0.,-9.522610922745E-17));
#13497 = PLANE('',#13498);
#13498 = AXIS2_PLACEMENT_3D('',#13499,#13500,#13501);
#13499 = CARTESIAN_POINT('',(-4.091426690538,2.655,0.874745725546));
#13500 = DIRECTION('',(1.925014880134E-31,1.,-5.472315783042E-31));
#13501 = DIRECTION('',(0.,5.472315783042E-31,1.));
#13502 = ADVANCED_FACE('',(#13503),#13514,.T.);
#13503 = FACE_BOUND('',#13504,.T.);
#13504 = EDGE_LOOP('',(#13505,#13506,#13512,#13513));
#13505 = ORIENTED_EDGE('',*,*,#13323,.T.);
#13506 = ORIENTED_EDGE('',*,*,#13507,.T.);
#13507 = EDGE_CURVE('',#13316,#13228,#13508,.T.);
#13508 = LINE('',#13509,#13510);
#13509 = CARTESIAN_POINT('',(-2.237701336216,1.905,1.43988764291));
#13510 = VECTOR('',#13511,1.);
#13511 = DIRECTION('',(0.,0.,-1.));
#13512 = ORIENTED_EDGE('',*,*,#13227,.F.);
#13513 = ORIENTED_EDGE('',*,*,#13424,.F.);
#13514 = PLANE('',#13515);
#13515 = AXIS2_PLACEMENT_3D('',#13516,#13517,#13518);
#13516 = CARTESIAN_POINT('',(-2.237701336216,2.655,1.43988764291));
#13517 = DIRECTION('',(1.,0.,0.));
#13518 = DIRECTION('',(0.,0.,-1.));
#13519 = ADVANCED_FACE('',(#13520),#13545,.T.);
#13520 = FACE_BOUND('',#13521,.T.);
#13521 = EDGE_LOOP('',(#13522,#13530,#13538,#13544));
#13522 = ORIENTED_EDGE('',*,*,#13523,.T.);
#13523 = EDGE_CURVE('',#13440,#13524,#13526,.T.);
#13524 = VERTEX_POINT('',#13525);
#13525 = CARTESIAN_POINT('',(-5.79,1.905,-2.70609920631E-16));
#13526 = LINE('',#13527,#13528);
#13527 = CARTESIAN_POINT('',(-5.79,2.655,-2.70609920631E-16));
#13528 = VECTOR('',#13529,1.);
#13529 = DIRECTION('',(0.,-1.,0.));
#13530 = ORIENTED_EDGE('',*,*,#13531,.T.);
#13531 = EDGE_CURVE('',#13524,#13532,#13534,.T.);
#13532 = VERTEX_POINT('',#13533);
#13533 = CARTESIAN_POINT('',(-5.79,1.905,0.5));
#13534 = LINE('',#13535,#13536);
#13535 = CARTESIAN_POINT('',(-5.79,1.905,-2.70609920631E-16));
#13536 = VECTOR('',#13537,1.);
#13537 = DIRECTION('',(1.7763568394E-15,0.,1.));
#13538 = ORIENTED_EDGE('',*,*,#13539,.F.);
#13539 = EDGE_CURVE('',#13442,#13532,#13540,.T.);
#13540 = LINE('',#13541,#13542);
#13541 = CARTESIAN_POINT('',(-5.79,2.655,0.5));
#13542 = VECTOR('',#13543,1.);
#13543 = DIRECTION('',(0.,-1.,0.));
#13544 = ORIENTED_EDGE('',*,*,#13439,.F.);
#13545 = PLANE('',#13546);
#13546 = AXIS2_PLACEMENT_3D('',#13547,#13548,#13549);
#13547 = CARTESIAN_POINT('',(-5.79,2.655,-2.70609920631E-16));
#13548 = DIRECTION('',(-1.,0.,1.7763568394E-15));
#13549 = DIRECTION('',(1.7763568394E-15,0.,1.));
#13550 = ADVANCED_FACE('',(#13551),#13569,.T.);
#13551 = FACE_BOUND('',#13552,.T.);
#13552 = EDGE_LOOP('',(#13553,#13561,#13567,#13568));
#13553 = ORIENTED_EDGE('',*,*,#13554,.T.);
#13554 = EDGE_CURVE('',#13484,#13555,#13557,.T.);
#13555 = VERTEX_POINT('',#13556);
#13556 = CARTESIAN_POINT('',(-5.28,1.905,-2.22044604925E-16));
#13557 = LINE('',#13558,#13559);
#13558 = CARTESIAN_POINT('',(-5.28,2.655,-2.22044604925E-16));
#13559 = VECTOR('',#13560,1.);
#13560 = DIRECTION('',(0.,-1.,0.));
#13561 = ORIENTED_EDGE('',*,*,#13562,.T.);
#13562 = EDGE_CURVE('',#13555,#13524,#13563,.T.);
#13563 = LINE('',#13564,#13565);
#13564 = CARTESIAN_POINT('',(-5.28,1.905,-2.22044604925E-16));
#13565 = VECTOR('',#13566,1.);
#13566 = DIRECTION('',(-1.,0.,-9.522610922745E-17));
#13567 = ORIENTED_EDGE('',*,*,#13523,.F.);
#13568 = ORIENTED_EDGE('',*,*,#13492,.F.);
#13569 = PLANE('',#13570);
#13570 = AXIS2_PLACEMENT_3D('',#13571,#13572,#13573);
#13571 = CARTESIAN_POINT('',(-5.28,2.655,-2.22044604925E-16));
#13572 = DIRECTION('',(9.522610922745E-17,0.,-1.));
#13573 = DIRECTION('',(-1.,0.,-9.522610922745E-17));
#13574 = ADVANCED_FACE('',(#13575),#13594,.T.);
#13575 = FACE_BOUND('',#13576,.T.);
#13576 = EDGE_LOOP('',(#13577,#13585,#13592,#13593));
#13577 = ORIENTED_EDGE('',*,*,#13578,.T.);
#13578 = EDGE_CURVE('',#13476,#13579,#13581,.T.);
#13579 = VERTEX_POINT('',#13580);
#13580 = CARTESIAN_POINT('',(-4.575230534411,1.905,0.493484892506));
#13581 = LINE('',#13582,#13583);
#13582 = CARTESIAN_POINT('',(-4.575230534411,2.655,0.493484892506));
#13583 = VECTOR('',#13584,1.);
#13584 = DIRECTION('',(0.,-1.,0.));
#13585 = ORIENTED_EDGE('',*,*,#13586,.T.);
#13586 = EDGE_CURVE('',#13579,#13555,#13587,.T.);
#13587 = CIRCLE('',#13588,0.75);
#13588 = AXIS2_PLACEMENT_3D('',#13589,#13590,#13591);
#13589 = CARTESIAN_POINT('',(-5.28,1.905,0.75));
#13590 = DIRECTION('',(0.,1.,0.));
#13591 = DIRECTION('',(0.939692620786,0.,-0.342020143326));
#13592 = ORIENTED_EDGE('',*,*,#13554,.F.);
#13593 = ORIENTED_EDGE('',*,*,#13483,.F.);
#13594 = CYLINDRICAL_SURFACE('',#13595,0.75);
#13595 = AXIS2_PLACEMENT_3D('',#13596,#13597,#13598);
#13596 = CARTESIAN_POINT('',(-5.28,2.655,0.75));
#13597 = DIRECTION('',(0.,1.,0.));
#13598 = DIRECTION('',(0.939692620786,0.,-0.342020143326));
#13599 = ADVANCED_FACE('',(#13600),#13611,.T.);
#13600 = FACE_BOUND('',#13601,.T.);
#13601 = EDGE_LOOP('',(#13602,#13603,#13609,#13610));
#13602 = ORIENTED_EDGE('',*,*,#13161,.T.);
#13603 = ORIENTED_EDGE('',*,*,#13604,.T.);
#13604 = EDGE_CURVE('',#13162,#13579,#13605,.T.);
#13605 = LINE('',#13606,#13607);
#13606 = CARTESIAN_POINT('',(-4.472624491413,1.905,0.775392678742));
#13607 = VECTOR('',#13608,1.);
#13608 = DIRECTION('',(-0.342020143326,0.,-0.939692620786));
#13609 = ORIENTED_EDGE('',*,*,#13578,.F.);
#13610 = ORIENTED_EDGE('',*,*,#13475,.F.);
#13611 = PLANE('',#13612);
#13612 = AXIS2_PLACEMENT_3D('',#13613,#13614,#13615);
#13613 = CARTESIAN_POINT('',(-4.472624491413,2.655,0.775392678742));
#13614 = DIRECTION('',(0.939692620786,0.,-0.342020143326));
#13615 = DIRECTION('',(-0.342020143326,0.,-0.939692620786));
#13616 = ADVANCED_FACE('',(#13617),#13635,.T.);
#13617 = FACE_BOUND('',#13618,.T.);
#13618 = EDGE_LOOP('',(#13619,#13627,#13633,#13634));
#13619 = ORIENTED_EDGE('',*,*,#13620,.T.);
#13620 = EDGE_CURVE('',#13458,#13621,#13623,.T.);
#13621 = VERTEX_POINT('',#13622);
#13622 = CARTESIAN_POINT('',(-5.045076844804,1.905,0.664494964169));
#13623 = LINE('',#13624,#13625);
#13624 = CARTESIAN_POINT('',(-5.045076844804,2.655,0.664494964169));
#13625 = VECTOR('',#13626,1.);
#13626 = DIRECTION('',(0.,-1.,0.));
#13627 = ORIENTED_EDGE('',*,*,#13628,.T.);
#13628 = EDGE_CURVE('',#13621,#13365,#13629,.T.);
#13629 = LINE('',#13630,#13631);
#13630 = CARTESIAN_POINT('',(-5.045076844804,1.905,0.664494964169));
#13631 = VECTOR('',#13632,1.);
#13632 = DIRECTION('',(0.342020143326,0.,0.939692620786));
#13633 = ORIENTED_EDGE('',*,*,#13364,.F.);
#13634 = ORIENTED_EDGE('',*,*,#13466,.F.);
#13635 = PLANE('',#13636);
#13636 = AXIS2_PLACEMENT_3D('',#13637,#13638,#13639);
#13637 = CARTESIAN_POINT('',(-5.045076844804,2.655,0.664494964169));
#13638 = DIRECTION('',(-0.939692620786,0.,0.342020143326));
#13639 = DIRECTION('',(0.342020143326,0.,0.939692620786));
#13640 = ADVANCED_FACE('',(#13641),#13660,.F.);
#13641 = FACE_BOUND('',#13642,.F.);
#13642 = EDGE_LOOP('',(#13643,#13644,#13645,#13654));
#13643 = ORIENTED_EDGE('',*,*,#13457,.T.);
#13644 = ORIENTED_EDGE('',*,*,#13620,.T.);
#13645 = ORIENTED_EDGE('',*,*,#13646,.F.);
#13646 = EDGE_CURVE('',#13647,#13621,#13649,.T.);
#13647 = VERTEX_POINT('',#13648);
#13648 = CARTESIAN_POINT('',(-5.28,1.905,0.5));
#13649 = CIRCLE('',#13650,0.25);
#13650 = AXIS2_PLACEMENT_3D('',#13651,#13652,#13653);
#13651 = CARTESIAN_POINT('',(-5.28,1.905,0.75));
#13652 = DIRECTION('',(0.,-1.,0.));
#13653 = DIRECTION('',(0.,0.,-1.));
#13654 = ORIENTED_EDGE('',*,*,#13655,.F.);
#13655 = EDGE_CURVE('',#13450,#13647,#13656,.T.);
#13656 = LINE('',#13657,#13658);
#13657 = CARTESIAN_POINT('',(-5.28,2.655,0.5));
#13658 = VECTOR('',#13659,1.);
#13659 = DIRECTION('',(0.,-1.,0.));
#13660 = CYLINDRICAL_SURFACE('',#13661,0.25);
#13661 = AXIS2_PLACEMENT_3D('',#13662,#13663,#13664);
#13662 = CARTESIAN_POINT('',(-5.28,2.655,0.75));
#13663 = DIRECTION('',(0.,1.,0.));
#13664 = DIRECTION('',(0.,0.,-1.));
#13665 = ADVANCED_FACE('',(#13666),#13677,.T.);
#13666 = FACE_BOUND('',#13667,.T.);
#13667 = EDGE_LOOP('',(#13668,#13669,#13675,#13676));
#13668 = ORIENTED_EDGE('',*,*,#13539,.T.);
#13669 = ORIENTED_EDGE('',*,*,#13670,.T.);
#13670 = EDGE_CURVE('',#13532,#13647,#13671,.T.);
#13671 = LINE('',#13672,#13673);
#13672 = CARTESIAN_POINT('',(-5.79,1.905,0.5));
#13673 = VECTOR('',#13674,1.);
#13674 = DIRECTION('',(1.,0.,0.));
#13675 = ORIENTED_EDGE('',*,*,#13655,.F.);
#13676 = ORIENTED_EDGE('',*,*,#13449,.F.);
#13677 = PLANE('',#13678);
#13678 = AXIS2_PLACEMENT_3D('',#13679,#13680,#13681);
#13679 = CARTESIAN_POINT('',(-5.79,2.655,0.5));
#13680 = DIRECTION('',(0.,0.,1.));
#13681 = DIRECTION('',(1.,0.,0.));
#13682 = ADVANCED_FACE('',(#13683),#13700,.F.);
#13683 = FACE_BOUND('',#13684,.F.);
#13684 = EDGE_LOOP('',(#13685,#13686,#13687,#13688,#13689,#13690,#13696,
    #13697,#13698,#13699));
#13685 = ORIENTED_EDGE('',*,*,#13531,.T.);
#13686 = ORIENTED_EDGE('',*,*,#13670,.T.);
#13687 = ORIENTED_EDGE('',*,*,#13646,.T.);
#13688 = ORIENTED_EDGE('',*,*,#13628,.T.);
#13689 = ORIENTED_EDGE('',*,*,#13372,.T.);
#13690 = ORIENTED_EDGE('',*,*,#13691,.F.);
#13691 = EDGE_CURVE('',#13170,#13373,#13692,.T.);
#13692 = LINE('',#13693,#13694);
#13693 = CARTESIAN_POINT('',(-4.24,1.905,0.437372862773));
#13694 = VECTOR('',#13695,1.);
#13695 = DIRECTION('',(0.,5.472315783042E-31,1.));
#13696 = ORIENTED_EDGE('',*,*,#13169,.T.);
#13697 = ORIENTED_EDGE('',*,*,#13604,.T.);
#13698 = ORIENTED_EDGE('',*,*,#13586,.T.);
#13699 = ORIENTED_EDGE('',*,*,#13562,.T.);
#13700 = PLANE('',#13701);
#13701 = AXIS2_PLACEMENT_3D('',#13702,#13703,#13704);
#13702 = CARTESIAN_POINT('',(-4.091426690538,1.905,0.874745725546));
#13703 = DIRECTION('',(1.925014880134E-31,1.,-5.472315783042E-31));
#13704 = DIRECTION('',(0.,5.472315783042E-31,1.));
#13705 = ADVANCED_FACE('',(#13706),#13717,.T.);
#13706 = FACE_BOUND('',#13707,.T.);
#13707 = EDGE_LOOP('',(#13708,#13709,#13710,#13716));
#13708 = ORIENTED_EDGE('',*,*,#13691,.F.);
#13709 = ORIENTED_EDGE('',*,*,#13178,.F.);
#13710 = ORIENTED_EDGE('',*,*,#13711,.T.);
#13711 = EDGE_CURVE('',#13179,#13382,#13712,.T.);
#13712 = LINE('',#13713,#13714);
#13713 = CARTESIAN_POINT('',(-4.24,1.785,0.437372862773));
#13714 = VECTOR('',#13715,1.);
#13715 = DIRECTION('',(0.,5.472315783042E-31,1.));
#13716 = ORIENTED_EDGE('',*,*,#13381,.T.);
#13717 = PLANE('',#13718);
#13718 = AXIS2_PLACEMENT_3D('',#13719,#13720,#13721);
#13719 = CARTESIAN_POINT('',(-4.24,-3.25,0.));
#13720 = DIRECTION('',(-1.,0.,0.));
#13721 = DIRECTION('',(0.,1.,0.));
#13722 = ADVANCED_FACE('',(#13723),#13736,.F.);
#13723 = FACE_BOUND('',#13724,.F.);
#13724 = EDGE_LOOP('',(#13725,#13726,#13727,#13728,#13729,#13735));
#13725 = ORIENTED_EDGE('',*,*,#13186,.T.);
#13726 = ORIENTED_EDGE('',*,*,#13711,.T.);
#13727 = ORIENTED_EDGE('',*,*,#13389,.T.);
#13728 = ORIENTED_EDGE('',*,*,#13299,.T.);
#13729 = ORIENTED_EDGE('',*,*,#13730,.T.);
#13730 = EDGE_CURVE('',#13300,#13244,#13731,.T.);
#13731 = LINE('',#13732,#13733);
#13732 = CARTESIAN_POINT('',(-3.49,1.785,0.437372862773));
#13733 = VECTOR('',#13734,1.);
#13734 = DIRECTION('',(0.,-5.472315783042E-31,-1.));
#13735 = ORIENTED_EDGE('',*,*,#13251,.T.);
#13736 = PLANE('',#13737);
#13737 = AXIS2_PLACEMENT_3D('',#13738,#13739,#13740);
#13738 = CARTESIAN_POINT('',(-4.091426690538,1.785,0.874745725546));
#13739 = DIRECTION('',(1.925014880134E-31,1.,-5.472315783042E-31));
#13740 = DIRECTION('',(0.,5.472315783042E-31,1.));
#13741 = ADVANCED_FACE('',(#13742),#13753,.T.);
#13742 = FACE_BOUND('',#13743,.T.);
#13743 = EDGE_LOOP('',(#13744,#13750,#13751,#13752));
#13744 = ORIENTED_EDGE('',*,*,#13745,.F.);
#13745 = EDGE_CURVE('',#13308,#13236,#13746,.T.);
#13746 = LINE('',#13747,#13748);
#13747 = CARTESIAN_POINT('',(-3.49,1.905,0.437372862773));
#13748 = VECTOR('',#13749,1.);
#13749 = DIRECTION('',(0.,-5.472315783042E-31,-1.));
#13750 = ORIENTED_EDGE('',*,*,#13307,.F.);
#13751 = ORIENTED_EDGE('',*,*,#13730,.T.);
#13752 = ORIENTED_EDGE('',*,*,#13243,.F.);
#13753 = PLANE('',#13754);
#13754 = AXIS2_PLACEMENT_3D('',#13755,#13756,#13757);
#13755 = CARTESIAN_POINT('',(-3.49,3.25,0.));
#13756 = DIRECTION('',(1.,0.,0.));
#13757 = DIRECTION('',(0.,-1.,0.));
#13758 = ADVANCED_FACE('',(#13759),#13765,.F.);
#13759 = FACE_BOUND('',#13760,.F.);
#13760 = EDGE_LOOP('',(#13761,#13762,#13763,#13764));
#13761 = ORIENTED_EDGE('',*,*,#13745,.F.);
#13762 = ORIENTED_EDGE('',*,*,#13315,.T.);
#13763 = ORIENTED_EDGE('',*,*,#13507,.T.);
#13764 = ORIENTED_EDGE('',*,*,#13235,.T.);
#13765 = PLANE('',#13766);
#13766 = AXIS2_PLACEMENT_3D('',#13767,#13768,#13769);
#13767 = CARTESIAN_POINT('',(-4.091426690538,1.905,0.874745725546));
#13768 = DIRECTION('',(1.925014880134E-31,1.,-5.472315783042E-31));
#13769 = DIRECTION('',(0.,5.472315783042E-31,1.));
#13770 = ( GEOMETRIC_REPRESENTATION_CONTEXT(3) 
GLOBAL_UNCERTAINTY_ASSIGNED_CONTEXT((#13774)) 
GLOBAL_UNIT_ASSIGNED_CONTEXT((#13771,#13772,#13773)) 
REPRESENTATION_CONTEXT('Context #1',
  '3D Context with UNIT and UNCERTAINTY') );
#13771 = ( LENGTH_UNIT() NAMED_UNIT(*) SI_UNIT(.MILLI.,.METRE.) );
#13772 = ( NAMED_UNIT(*) PLANE_ANGLE_UNIT() SI_UNIT($,.RADIAN.) );
#13773 = ( NAMED_UNIT(*) SI_UNIT($,.STERADIAN.) SOLID_ANGLE_UNIT() );
#13774 = UNCERTAINTY_MEASURE_WITH_UNIT(LENGTH_MEASURE(1.E-07),#13771,
  'distance_accuracy_value','confusion accuracy');
#13775 = CONTEXT_DEPENDENT_SHAPE_REPRESENTATION(#13776,#13778);
#13776 = ( REPRESENTATION_RELATIONSHIP('','',#10869,#10846) 
REPRESENTATION_RELATIONSHIP_WITH_TRANSFORMATION(#13777) 
SHAPE_REPRESENTATION_RELATIONSHIP() );
#13777 = ITEM_DEFINED_TRANSFORMATION('','',#11,#10847);
#13778 = PRODUCT_DEFINITION_SHAPE('Placement','Placement of an item',
  #13779);
#13779 = NEXT_ASSEMBLY_USAGE_OCCURRENCE('12','','',#10841,#10864,$);
#13780 = PRODUCT_RELATED_PRODUCT_CATEGORY('part',$,(#10866));
#13781 = SHAPE_DEFINITION_REPRESENTATION(#13782,#13788);
#13782 = PRODUCT_DEFINITION_SHAPE('','',#13783);
#13783 = PRODUCT_DEFINITION('design','',#13784,#13787);
#13784 = PRODUCT_DEFINITION_FORMATION('','',#13785);
#13785 = PRODUCT('SOT-23','SOT-23','',(#13786));
#13786 = PRODUCT_CONTEXT('',#2,'mechanical');
#13787 = PRODUCT_DEFINITION_CONTEXT('part definition',#2,'design');
#13788 = ADVANCED_BREP_SHAPE_REPRESENTATION('',(#11,#13789),#15771);
#13789 = MANIFOLD_SOLID_BREP('',#13790);
#13790 = CLOSED_SHELL('',(#13791,#13829,#13892,#13915,#13944,#13967,
    #14022,#14061,#14084,#14107,#14124,#14147,#14235,#14251,#14281,
    #14314,#14345,#14378,#14395,#14412,#14445,#14475,#14498,#14521,
    #14538,#14567,#14621,#14644,#14667,#14690,#14729,#14751,#14795,
    #14870,#14894,#14962,#14979,#15054,#15078,#15146,#15221,#15245,
    #15313,#15330,#15347,#15393,#15409,#15425,#15442,#15454,#15471,
    #15488,#15505,#15522,#15539,#15556,#15568,#15585,#15602,#15619,
    #15636,#15653,#15665,#15682,#15699,#15716,#15733,#15750,#15762));
#13791 = ADVANCED_FACE('',(#13792),#13824,.F.);
#13792 = FACE_BOUND('',#13793,.F.);
#13793 = EDGE_LOOP('',(#13794,#13804,#13811,#13819));
#13794 = ORIENTED_EDGE('',*,*,#13795,.T.);
#13795 = EDGE_CURVE('',#13796,#13798,#13800,.T.);
#13796 = VERTEX_POINT('',#13797);
#13797 = CARTESIAN_POINT('',(-0.571621551758,1.433243103516,0.1));
#13798 = VERTEX_POINT('',#13799);
#13799 = CARTESIAN_POINT('',(0.571621551758,1.433243103516,0.1));
#13800 = LINE('',#13801,#13802);
#13801 = CARTESIAN_POINT('',(-0.571621551758,1.433243103516,0.1));
#13802 = VECTOR('',#13803,1.);
#13803 = DIRECTION('',(1.,1.110223024625E-16,0.));
#13804 = ORIENTED_EDGE('',*,*,#13805,.T.);
#13805 = EDGE_CURVE('',#13798,#13806,#13808,.T.);
#13806 = VERTEX_POINT('',#13807);
#13807 = CARTESIAN_POINT('',(0.605,1.5,0.575));
#13808 = B_SPLINE_CURVE_WITH_KNOTS('',1,(#13809,#13810),.UNSPECIFIED.,
  .F.,.F.,(2,2),(0.,1.),.PIECEWISE_BEZIER_KNOTS.);
#13809 = CARTESIAN_POINT('',(0.571621551758,1.433243103516,0.1));
#13810 = CARTESIAN_POINT('',(0.605,1.5,0.575));
#13811 = ORIENTED_EDGE('',*,*,#13812,.F.);
#13812 = EDGE_CURVE('',#13813,#13806,#13815,.T.);
#13813 = VERTEX_POINT('',#13814);
#13814 = CARTESIAN_POINT('',(-0.605,1.5,0.575));
#13815 = LINE('',#13816,#13817);
#13816 = CARTESIAN_POINT('',(-0.605,1.5,0.575));
#13817 = VECTOR('',#13818,1.);
#13818 = DIRECTION('',(1.,1.110223024625E-16,0.));
#13819 = ORIENTED_EDGE('',*,*,#13820,.F.);
#13820 = EDGE_CURVE('',#13796,#13813,#13821,.T.);
#13821 = B_SPLINE_CURVE_WITH_KNOTS('',1,(#13822,#13823),.UNSPECIFIED.,
  .F.,.F.,(2,2),(0.,1.),.PIECEWISE_BEZIER_KNOTS.);
#13822 = CARTESIAN_POINT('',(-0.571621551758,1.433243103516,0.1));
#13823 = CARTESIAN_POINT('',(-0.605,1.5,0.575));
#13824 = B_SPLINE_SURFACE_WITH_KNOTS('',1,1,(
    (#13825,#13826)
    ,(#13827,#13828
    )),.UNSPECIFIED.,.F.,.F.,.F.,(2,2),(2,2),(0.,1.21),(0.,1.),
  .PIECEWISE_BEZIER_KNOTS.);
#13825 = CARTESIAN_POINT('',(-0.571621551758,1.433243103516,0.1));
#13826 = CARTESIAN_POINT('',(-0.605,1.5,0.575));
#13827 = CARTESIAN_POINT('',(0.571621551758,1.433243103516,0.1));
#13828 = CARTESIAN_POINT('',(0.605,1.5,0.575));
#13829 = ADVANCED_FACE('',(#13830),#13887,.T.);
#13830 = FACE_BOUND('',#13831,.T.);
#13831 = EDGE_LOOP('',(#13832,#13833,#13841,#13849,#13857,#13865,#13873,
    #13881));
#13832 = ORIENTED_EDGE('',*,*,#13795,.T.);
#13833 = ORIENTED_EDGE('',*,*,#13834,.T.);
#13834 = EDGE_CURVE('',#13798,#13835,#13837,.T.);
#13835 = VERTEX_POINT('',#13836);
#13836 = CARTESIAN_POINT('',(0.633243103516,1.371621551758,0.1));
#13837 = LINE('',#13838,#13839);
#13838 = CARTESIAN_POINT('',(0.571621551758,1.433243103516,0.1));
#13839 = VECTOR('',#13840,1.);
#13840 = DIRECTION('',(0.707106781187,-0.707106781187,0.));
#13841 = ORIENTED_EDGE('',*,*,#13842,.T.);
#13842 = EDGE_CURVE('',#13835,#13843,#13845,.T.);
#13843 = VERTEX_POINT('',#13844);
#13844 = CARTESIAN_POINT('',(0.633243103516,-1.371621551758,0.1));
#13845 = LINE('',#13846,#13847);
#13846 = CARTESIAN_POINT('',(0.633243103516,1.371621551758,0.1));
#13847 = VECTOR('',#13848,1.);
#13848 = DIRECTION('',(1.110223024625E-16,-1.,0.));
#13849 = ORIENTED_EDGE('',*,*,#13850,.T.);
#13850 = EDGE_CURVE('',#13843,#13851,#13853,.T.);
#13851 = VERTEX_POINT('',#13852);
#13852 = CARTESIAN_POINT('',(0.571621551758,-1.433243103516,0.1));
#13853 = LINE('',#13854,#13855);
#13854 = CARTESIAN_POINT('',(0.633243103516,-1.371621551758,0.1));
#13855 = VECTOR('',#13856,1.);
#13856 = DIRECTION('',(-0.707106781187,-0.707106781187,0.));
#13857 = ORIENTED_EDGE('',*,*,#13858,.T.);
#13858 = EDGE_CURVE('',#13851,#13859,#13861,.T.);
#13859 = VERTEX_POINT('',#13860);
#13860 = CARTESIAN_POINT('',(-0.571621551758,-1.433243103516,0.1));
#13861 = LINE('',#13862,#13863);
#13862 = CARTESIAN_POINT('',(0.571621551758,-1.433243103516,0.1));
#13863 = VECTOR('',#13864,1.);
#13864 = DIRECTION('',(-1.,-1.110223024625E-16,0.));
#13865 = ORIENTED_EDGE('',*,*,#13866,.T.);
#13866 = EDGE_CURVE('',#13859,#13867,#13869,.T.);
#13867 = VERTEX_POINT('',#13868);
#13868 = CARTESIAN_POINT('',(-0.633243103516,-1.371621551758,0.1));
#13869 = LINE('',#13870,#13871);
#13870 = CARTESIAN_POINT('',(-0.571621551758,-1.433243103516,0.1));
#13871 = VECTOR('',#13872,1.);
#13872 = DIRECTION('',(-0.707106781187,0.707106781187,0.));
#13873 = ORIENTED_EDGE('',*,*,#13874,.T.);
#13874 = EDGE_CURVE('',#13867,#13875,#13877,.T.);
#13875 = VERTEX_POINT('',#13876);
#13876 = CARTESIAN_POINT('',(-0.633243103516,1.371621551758,0.1));
#13877 = LINE('',#13878,#13879);
#13878 = CARTESIAN_POINT('',(-0.633243103516,-1.371621551758,0.1));
#13879 = VECTOR('',#13880,1.);
#13880 = DIRECTION('',(-1.110223024625E-16,1.,0.));
#13881 = ORIENTED_EDGE('',*,*,#13882,.T.);
#13882 = EDGE_CURVE('',#13875,#13796,#13883,.T.);
#13883 = LINE('',#13884,#13885);
#13884 = CARTESIAN_POINT('',(-0.633243103516,1.371621551758,0.1));
#13885 = VECTOR('',#13886,1.);
#13886 = DIRECTION('',(0.707106781187,0.707106781187,0.));
#13887 = PLANE('',#13888);
#13888 = AXIS2_PLACEMENT_3D('',#13889,#13890,#13891);
#13889 = CARTESIAN_POINT('',(-0.571621551758,1.433243103516,0.1));
#13890 = DIRECTION('',(0.,0.,-1.));
#13891 = DIRECTION('',(0.370454302632,-0.928850692879,0.));
#13892 = ADVANCED_FACE('',(#13893),#13910,.F.);
#13893 = FACE_BOUND('',#13894,.F.);
#13894 = EDGE_LOOP('',(#13895,#13896,#13903,#13909));
#13895 = ORIENTED_EDGE('',*,*,#13834,.T.);
#13896 = ORIENTED_EDGE('',*,*,#13897,.T.);
#13897 = EDGE_CURVE('',#13835,#13898,#13900,.T.);
#13898 = VERTEX_POINT('',#13899);
#13899 = CARTESIAN_POINT('',(0.7,1.405,0.575));
#13900 = B_SPLINE_CURVE_WITH_KNOTS('',1,(#13901,#13902),.UNSPECIFIED.,
  .F.,.F.,(2,2),(0.,1.),.PIECEWISE_BEZIER_KNOTS.);
#13901 = CARTESIAN_POINT('',(0.633243103516,1.371621551758,0.1));
#13902 = CARTESIAN_POINT('',(0.7,1.405,0.575));
#13903 = ORIENTED_EDGE('',*,*,#13904,.F.);
#13904 = EDGE_CURVE('',#13806,#13898,#13905,.T.);
#13905 = LINE('',#13906,#13907);
#13906 = CARTESIAN_POINT('',(0.605,1.5,0.575));
#13907 = VECTOR('',#13908,1.);
#13908 = DIRECTION('',(0.707106781187,-0.707106781187,0.));
#13909 = ORIENTED_EDGE('',*,*,#13805,.F.);
#13910 = B_SPLINE_SURFACE_WITH_KNOTS('',1,1,(
    (#13911,#13912)
    ,(#13913,#13914
    )),.UNSPECIFIED.,.F.,.F.,.F.,(2,2),(2,2),(0.,0.134350288425),(0.,1.)
  ,.PIECEWISE_BEZIER_KNOTS.);
#13911 = CARTESIAN_POINT('',(0.571621551758,1.433243103516,0.1));
#13912 = CARTESIAN_POINT('',(0.605,1.5,0.575));
#13913 = CARTESIAN_POINT('',(0.633243103516,1.371621551758,0.1));
#13914 = CARTESIAN_POINT('',(0.7,1.405,0.575));
#13915 = ADVANCED_FACE('',(#13916),#13939,.F.);
#13916 = FACE_BOUND('',#13917,.F.);
#13917 = EDGE_LOOP('',(#13918,#13919,#13926,#13934));
#13918 = ORIENTED_EDGE('',*,*,#13812,.T.);
#13919 = ORIENTED_EDGE('',*,*,#13920,.T.);
#13920 = EDGE_CURVE('',#13806,#13921,#13923,.T.);
#13921 = VERTEX_POINT('',#13922);
#13922 = CARTESIAN_POINT('',(0.605,1.5,0.725));
#13923 = B_SPLINE_CURVE_WITH_KNOTS('',1,(#13924,#13925),.UNSPECIFIED.,
  .F.,.F.,(2,2),(0.,1.),.PIECEWISE_BEZIER_KNOTS.);
#13924 = CARTESIAN_POINT('',(0.605,1.5,0.575));
#13925 = CARTESIAN_POINT('',(0.605,1.5,0.725));
#13926 = ORIENTED_EDGE('',*,*,#13927,.F.);
#13927 = EDGE_CURVE('',#13928,#13921,#13930,.T.);
#13928 = VERTEX_POINT('',#13929);
#13929 = CARTESIAN_POINT('',(-0.605,1.5,0.725));
#13930 = LINE('',#13931,#13932);
#13931 = CARTESIAN_POINT('',(-0.605,1.5,0.725));
#13932 = VECTOR('',#13933,1.);
#13933 = DIRECTION('',(1.,1.110223024625E-16,0.));
#13934 = ORIENTED_EDGE('',*,*,#13935,.F.);
#13935 = EDGE_CURVE('',#13813,#13928,#13936,.T.);
#13936 = B_SPLINE_CURVE_WITH_KNOTS('',1,(#13937,#13938),.UNSPECIFIED.,
  .F.,.F.,(2,2),(0.,1.),.PIECEWISE_BEZIER_KNOTS.);
#13937 = CARTESIAN_POINT('',(-0.605,1.5,0.575));
#13938 = CARTESIAN_POINT('',(-0.605,1.5,0.725));
#13939 = PLANE('',#13940);
#13940 = AXIS2_PLACEMENT_3D('',#13941,#13942,#13943);
#13941 = CARTESIAN_POINT('',(-0.605,1.5,0.725));
#13942 = DIRECTION('',(1.110223024625E-16,-1.,0.));
#13943 = DIRECTION('',(1.,1.110223024625E-16,0.));
#13944 = ADVANCED_FACE('',(#13945),#13962,.F.);
#13945 = FACE_BOUND('',#13946,.F.);
#13946 = EDGE_LOOP('',(#13947,#13948,#13949,#13957));
#13947 = ORIENTED_EDGE('',*,*,#13882,.T.);
#13948 = ORIENTED_EDGE('',*,*,#13820,.T.);
#13949 = ORIENTED_EDGE('',*,*,#13950,.F.);
#13950 = EDGE_CURVE('',#13951,#13813,#13953,.T.);
#13951 = VERTEX_POINT('',#13952);
#13952 = CARTESIAN_POINT('',(-0.7,1.405,0.575));
#13953 = LINE('',#13954,#13955);
#13954 = CARTESIAN_POINT('',(-0.7,1.405,0.575));
#13955 = VECTOR('',#13956,1.);
#13956 = DIRECTION('',(0.707106781187,0.707106781187,0.));
#13957 = ORIENTED_EDGE('',*,*,#13958,.F.);
#13958 = EDGE_CURVE('',#13875,#13951,#13959,.T.);
#13959 = B_SPLINE_CURVE_WITH_KNOTS('',1,(#13960,#13961),.UNSPECIFIED.,
  .F.,.F.,(2,2),(0.,1.),.PIECEWISE_BEZIER_KNOTS.);
#13960 = CARTESIAN_POINT('',(-0.633243103516,1.371621551758,0.1));
#13961 = CARTESIAN_POINT('',(-0.7,1.405,0.575));
#13962 = B_SPLINE_SURFACE_WITH_KNOTS('',1,1,(
    (#13963,#13964)
    ,(#13965,#13966
    )),.UNSPECIFIED.,.F.,.F.,.F.,(2,2),(2,2),(0.,0.134350288425),(0.,1.)
  ,.PIECEWISE_BEZIER_KNOTS.);
#13963 = CARTESIAN_POINT('',(-0.633243103516,1.371621551758,0.1));
#13964 = CARTESIAN_POINT('',(-0.7,1.405,0.575));
#13965 = CARTESIAN_POINT('',(-0.571621551758,1.433243103516,0.1));
#13966 = CARTESIAN_POINT('',(-0.605,1.5,0.575));
#13967 = ADVANCED_FACE('',(#13968),#14017,.F.);
#13968 = FACE_BOUND('',#13969,.F.);
#13969 = EDGE_LOOP('',(#13970,#13971,#13972,#13980,#13988,#13996,#14004,
    #14012));
#13970 = ORIENTED_EDGE('',*,*,#13874,.T.);
#13971 = ORIENTED_EDGE('',*,*,#13958,.T.);
#13972 = ORIENTED_EDGE('',*,*,#13973,.F.);
#13973 = EDGE_CURVE('',#13974,#13951,#13976,.T.);
#13974 = VERTEX_POINT('',#13975);
#13975 = CARTESIAN_POINT('',(-0.7,1.15,0.575));
#13976 = LINE('',#13977,#13978);
#13977 = CARTESIAN_POINT('',(-0.7,-1.405,0.575));
#13978 = VECTOR('',#13979,1.);
#13979 = DIRECTION('',(-1.110223024625E-16,1.,0.));
#13980 = ORIENTED_EDGE('',*,*,#13981,.F.);
#13981 = EDGE_CURVE('',#13982,#13974,#13984,.T.);
#13982 = VERTEX_POINT('',#13983);
#13983 = CARTESIAN_POINT('',(-0.7,0.75,0.575));
#13984 = LINE('',#13985,#13986);
#13985 = CARTESIAN_POINT('',(-0.7,0.75,0.575));
#13986 = VECTOR('',#13987,1.);
#13987 = DIRECTION('',(1.144237745222E-17,1.,0.));
#13988 = ORIENTED_EDGE('',*,*,#13989,.F.);
#13989 = EDGE_CURVE('',#13990,#13982,#13992,.T.);
#13990 = VERTEX_POINT('',#13991);
#13991 = CARTESIAN_POINT('',(-0.7,-0.75,0.575));
#13992 = LINE('',#13993,#13994);
#13993 = CARTESIAN_POINT('',(-0.7,-1.405,0.575));
#13994 = VECTOR('',#13995,1.);
#13995 = DIRECTION('',(-1.110223024625E-16,1.,0.));
#13996 = ORIENTED_EDGE('',*,*,#13997,.F.);
#13997 = EDGE_CURVE('',#13998,#13990,#14000,.T.);
#13998 = VERTEX_POINT('',#13999);
#13999 = CARTESIAN_POINT('',(-0.7,-1.15,0.575));
#14000 = LINE('',#14001,#14002);
#14001 = CARTESIAN_POINT('',(-0.7,-1.15,0.575));
#14002 = VECTOR('',#14003,1.);
#14003 = DIRECTION('',(1.144237745222E-17,1.,0.));
#14004 = ORIENTED_EDGE('',*,*,#14005,.F.);
#14005 = EDGE_CURVE('',#14006,#13998,#14008,.T.);
#14006 = VERTEX_POINT('',#14007);
#14007 = CARTESIAN_POINT('',(-0.7,-1.405,0.575));
#14008 = LINE('',#14009,#14010);
#14009 = CARTESIAN_POINT('',(-0.7,-1.405,0.575));
#14010 = VECTOR('',#14011,1.);
#14011 = DIRECTION('',(-1.110223024625E-16,1.,0.));
#14012 = ORIENTED_EDGE('',*,*,#14013,.F.);
#14013 = EDGE_CURVE('',#13867,#14006,#14014,.T.);
#14014 = B_SPLINE_CURVE_WITH_KNOTS('',1,(#14015,#14016),.UNSPECIFIED.,
  .F.,.F.,(2,2),(0.,1.),.PIECEWISE_BEZIER_KNOTS.);
#14015 = CARTESIAN_POINT('',(-0.633243103516,-1.371621551758,0.1));
#14016 = CARTESIAN_POINT('',(-0.7,-1.405,0.575));
#14017 = B_SPLINE_SURFACE_WITH_KNOTS('',1,1,(
    (#14018,#14019)
    ,(#14020,#14021
    )),.UNSPECIFIED.,.F.,.F.,.F.,(2,2),(2,2),(0.,2.81),(0.,1.),
  .PIECEWISE_BEZIER_KNOTS.);
#14018 = CARTESIAN_POINT('',(-0.633243103516,-1.371621551758,0.1));
#14019 = CARTESIAN_POINT('',(-0.7,-1.405,0.575));
#14020 = CARTESIAN_POINT('',(-0.633243103516,1.371621551758,0.1));
#14021 = CARTESIAN_POINT('',(-0.7,1.405,0.575));
#14022 = ADVANCED_FACE('',(#14023),#14056,.F.);
#14023 = FACE_BOUND('',#14024,.F.);
#14024 = EDGE_LOOP('',(#14025,#14026,#14033,#14041,#14049,#14055));
#14025 = ORIENTED_EDGE('',*,*,#13842,.T.);
#14026 = ORIENTED_EDGE('',*,*,#14027,.T.);
#14027 = EDGE_CURVE('',#13843,#14028,#14030,.T.);
#14028 = VERTEX_POINT('',#14029);
#14029 = CARTESIAN_POINT('',(0.7,-1.405,0.575));
#14030 = B_SPLINE_CURVE_WITH_KNOTS('',1,(#14031,#14032),.UNSPECIFIED.,
  .F.,.F.,(2,2),(0.,1.),.PIECEWISE_BEZIER_KNOTS.);
#14031 = CARTESIAN_POINT('',(0.633243103516,-1.371621551758,0.1));
#14032 = CARTESIAN_POINT('',(0.7,-1.405,0.575));
#14033 = ORIENTED_EDGE('',*,*,#14034,.F.);
#14034 = EDGE_CURVE('',#14035,#14028,#14037,.T.);
#14035 = VERTEX_POINT('',#14036);
#14036 = CARTESIAN_POINT('',(0.7,-0.2,0.575));
#14037 = LINE('',#14038,#14039);
#14038 = CARTESIAN_POINT('',(0.7,1.405,0.575));
#14039 = VECTOR('',#14040,1.);
#14040 = DIRECTION('',(1.110223024625E-16,-1.,0.));
#14041 = ORIENTED_EDGE('',*,*,#14042,.F.);
#14042 = EDGE_CURVE('',#14043,#14035,#14045,.T.);
#14043 = VERTEX_POINT('',#14044);
#14044 = CARTESIAN_POINT('',(0.7,0.2,0.575));
#14045 = LINE('',#14046,#14047);
#14046 = CARTESIAN_POINT('',(0.7,0.2,0.575));
#14047 = VECTOR('',#14048,1.);
#14048 = DIRECTION('',(1.110223024625E-16,-1.,0.));
#14049 = ORIENTED_EDGE('',*,*,#14050,.F.);
#14050 = EDGE_CURVE('',#13898,#14043,#14051,.T.);
#14051 = LINE('',#14052,#14053);
#14052 = CARTESIAN_POINT('',(0.7,1.405,0.575));
#14053 = VECTOR('',#14054,1.);
#14054 = DIRECTION('',(1.110223024625E-16,-1.,0.));
#14055 = ORIENTED_EDGE('',*,*,#13897,.F.);
#14056 = B_SPLINE_SURFACE_WITH_KNOTS('',1,1,(
    (#14057,#14058)
    ,(#14059,#14060
    )),.UNSPECIFIED.,.F.,.F.,.F.,(2,2),(2,2),(0.,2.81),(0.,1.),
  .PIECEWISE_BEZIER_KNOTS.);
#14057 = CARTESIAN_POINT('',(0.633243103516,1.371621551758,0.1));
#14058 = CARTESIAN_POINT('',(0.7,1.405,0.575));
#14059 = CARTESIAN_POINT('',(0.633243103516,-1.371621551758,0.1));
#14060 = CARTESIAN_POINT('',(0.7,-1.405,0.575));
#14061 = ADVANCED_FACE('',(#14062),#14079,.F.);
#14062 = FACE_BOUND('',#14063,.F.);
#14063 = EDGE_LOOP('',(#14064,#14065,#14066,#14074));
#14064 = ORIENTED_EDGE('',*,*,#13866,.T.);
#14065 = ORIENTED_EDGE('',*,*,#14013,.T.);
#14066 = ORIENTED_EDGE('',*,*,#14067,.F.);
#14067 = EDGE_CURVE('',#14068,#14006,#14070,.T.);
#14068 = VERTEX_POINT('',#14069);
#14069 = CARTESIAN_POINT('',(-0.605,-1.5,0.575));
#14070 = LINE('',#14071,#14072);
#14071 = CARTESIAN_POINT('',(-0.605,-1.5,0.575));
#14072 = VECTOR('',#14073,1.);
#14073 = DIRECTION('',(-0.707106781187,0.707106781187,0.));
#14074 = ORIENTED_EDGE('',*,*,#14075,.F.);
#14075 = EDGE_CURVE('',#13859,#14068,#14076,.T.);
#14076 = B_SPLINE_CURVE_WITH_KNOTS('',1,(#14077,#14078),.UNSPECIFIED.,
  .F.,.F.,(2,2),(0.,1.),.PIECEWISE_BEZIER_KNOTS.);
#14077 = CARTESIAN_POINT('',(-0.571621551758,-1.433243103516,0.1));
#14078 = CARTESIAN_POINT('',(-0.605,-1.5,0.575));
#14079 = B_SPLINE_SURFACE_WITH_KNOTS('',1,1,(
    (#14080,#14081)
    ,(#14082,#14083
    )),.UNSPECIFIED.,.F.,.F.,.F.,(2,2),(2,2),(0.,0.134350288425),(0.,1.)
  ,.PIECEWISE_BEZIER_KNOTS.);
#14080 = CARTESIAN_POINT('',(-0.571621551758,-1.433243103516,0.1));
#14081 = CARTESIAN_POINT('',(-0.605,-1.5,0.575));
#14082 = CARTESIAN_POINT('',(-0.633243103516,-1.371621551758,0.1));
#14083 = CARTESIAN_POINT('',(-0.7,-1.405,0.575));
#14084 = ADVANCED_FACE('',(#14085),#14102,.F.);
#14085 = FACE_BOUND('',#14086,.F.);
#14086 = EDGE_LOOP('',(#14087,#14088,#14095,#14101));
#14087 = ORIENTED_EDGE('',*,*,#13850,.T.);
#14088 = ORIENTED_EDGE('',*,*,#14089,.T.);
#14089 = EDGE_CURVE('',#13851,#14090,#14092,.T.);
#14090 = VERTEX_POINT('',#14091);
#14091 = CARTESIAN_POINT('',(0.605,-1.5,0.575));
#14092 = B_SPLINE_CURVE_WITH_KNOTS('',1,(#14093,#14094),.UNSPECIFIED.,
  .F.,.F.,(2,2),(0.,1.),.PIECEWISE_BEZIER_KNOTS.);
#14093 = CARTESIAN_POINT('',(0.571621551758,-1.433243103516,0.1));
#14094 = CARTESIAN_POINT('',(0.605,-1.5,0.575));
#14095 = ORIENTED_EDGE('',*,*,#14096,.F.);
#14096 = EDGE_CURVE('',#14028,#14090,#14097,.T.);
#14097 = LINE('',#14098,#14099);
#14098 = CARTESIAN_POINT('',(0.7,-1.405,0.575));
#14099 = VECTOR('',#14100,1.);
#14100 = DIRECTION('',(-0.707106781187,-0.707106781187,0.));
#14101 = ORIENTED_EDGE('',*,*,#14027,.F.);
#14102 = B_SPLINE_SURFACE_WITH_KNOTS('',1,1,(
    (#14103,#14104)
    ,(#14105,#14106
    )),.UNSPECIFIED.,.F.,.F.,.F.,(2,2),(2,2),(0.,0.134350288425),(0.,1.)
  ,.PIECEWISE_BEZIER_KNOTS.);
#14103 = CARTESIAN_POINT('',(0.633243103516,-1.371621551758,0.1));
#14104 = CARTESIAN_POINT('',(0.7,-1.405,0.575));
#14105 = CARTESIAN_POINT('',(0.571621551758,-1.433243103516,0.1));
#14106 = CARTESIAN_POINT('',(0.605,-1.5,0.575));
#14107 = ADVANCED_FACE('',(#14108),#14119,.F.);
#14108 = FACE_BOUND('',#14109,.F.);
#14109 = EDGE_LOOP('',(#14110,#14111,#14112,#14118));
#14110 = ORIENTED_EDGE('',*,*,#13858,.T.);
#14111 = ORIENTED_EDGE('',*,*,#14075,.T.);
#14112 = ORIENTED_EDGE('',*,*,#14113,.F.);
#14113 = EDGE_CURVE('',#14090,#14068,#14114,.T.);
#14114 = LINE('',#14115,#14116);
#14115 = CARTESIAN_POINT('',(0.605,-1.5,0.575));
#14116 = VECTOR('',#14117,1.);
#14117 = DIRECTION('',(-1.,-1.110223024625E-16,0.));
#14118 = ORIENTED_EDGE('',*,*,#14089,.F.);
#14119 = B_SPLINE_SURFACE_WITH_KNOTS('',1,1,(
    (#14120,#14121)
    ,(#14122,#14123
    )),.UNSPECIFIED.,.F.,.F.,.F.,(2,2),(2,2),(0.,1.21),(0.,1.),
  .PIECEWISE_BEZIER_KNOTS.);
#14120 = CARTESIAN_POINT('',(0.571621551758,-1.433243103516,0.1));
#14121 = CARTESIAN_POINT('',(0.605,-1.5,0.575));
#14122 = CARTESIAN_POINT('',(-0.571621551758,-1.433243103516,0.1));
#14123 = CARTESIAN_POINT('',(-0.605,-1.5,0.575));
#14124 = ADVANCED_FACE('',(#14125),#14142,.F.);
#14125 = FACE_BOUND('',#14126,.F.);
#14126 = EDGE_LOOP('',(#14127,#14128,#14135,#14141));
#14127 = ORIENTED_EDGE('',*,*,#13904,.T.);
#14128 = ORIENTED_EDGE('',*,*,#14129,.T.);
#14129 = EDGE_CURVE('',#13898,#14130,#14132,.T.);
#14130 = VERTEX_POINT('',#14131);
#14131 = CARTESIAN_POINT('',(0.7,1.405,0.725));
#14132 = B_SPLINE_CURVE_WITH_KNOTS('',1,(#14133,#14134),.UNSPECIFIED.,
  .F.,.F.,(2,2),(0.,1.),.PIECEWISE_BEZIER_KNOTS.);
#14133 = CARTESIAN_POINT('',(0.7,1.405,0.575));
#14134 = CARTESIAN_POINT('',(0.7,1.405,0.725));
#14135 = ORIENTED_EDGE('',*,*,#14136,.F.);
#14136 = EDGE_CURVE('',#13921,#14130,#14137,.T.);
#14137 = LINE('',#14138,#14139);
#14138 = CARTESIAN_POINT('',(0.605,1.5,0.725));
#14139 = VECTOR('',#14140,1.);
#14140 = DIRECTION('',(0.707106781187,-0.707106781187,0.));
#14141 = ORIENTED_EDGE('',*,*,#13920,.F.);
#14142 = PLANE('',#14143);
#14143 = AXIS2_PLACEMENT_3D('',#14144,#14145,#14146);
#14144 = CARTESIAN_POINT('',(0.605,1.5,0.725));
#14145 = DIRECTION('',(-0.707106781187,-0.707106781187,0.));
#14146 = DIRECTION('',(0.707106781187,-0.707106781187,0.));
#14147 = ADVANCED_FACE('',(#14148),#14230,.F.);
#14148 = FACE_BOUND('',#14149,.F.);
#14149 = EDGE_LOOP('',(#14150,#14158,#14159,#14160,#14168,#14176,#14184,
    #14192,#14200,#14208,#14216,#14224));
#14150 = ORIENTED_EDGE('',*,*,#14151,.T.);
#14151 = EDGE_CURVE('',#14152,#13928,#14154,.T.);
#14152 = VERTEX_POINT('',#14153);
#14153 = CARTESIAN_POINT('',(-0.7,1.405,0.725));
#14154 = LINE('',#14155,#14156);
#14155 = CARTESIAN_POINT('',(-0.7,1.405,0.725));
#14156 = VECTOR('',#14157,1.);
#14157 = DIRECTION('',(0.707106781187,0.707106781187,0.));
#14158 = ORIENTED_EDGE('',*,*,#13927,.T.);
#14159 = ORIENTED_EDGE('',*,*,#14136,.T.);
#14160 = ORIENTED_EDGE('',*,*,#14161,.T.);
#14161 = EDGE_CURVE('',#14130,#14162,#14164,.T.);
#14162 = VERTEX_POINT('',#14163);
#14163 = CARTESIAN_POINT('',(0.7,0.2,0.725));
#14164 = LINE('',#14165,#14166);
#14165 = CARTESIAN_POINT('',(0.7,1.405,0.725));
#14166 = VECTOR('',#14167,1.);
#14167 = DIRECTION('',(1.110223024625E-16,-1.,0.));
#14168 = ORIENTED_EDGE('',*,*,#14169,.T.);
#14169 = EDGE_CURVE('',#14162,#14170,#14172,.T.);
#14170 = VERTEX_POINT('',#14171);
#14171 = CARTESIAN_POINT('',(0.675,0.2,0.725));
#14172 = LINE('',#14173,#14174);
#14173 = CARTESIAN_POINT('',(0.7,0.2,0.725));
#14174 = VECTOR('',#14175,1.);
#14175 = DIRECTION('',(-1.,-1.110223024625E-16,0.));
#14176 = ORIENTED_EDGE('',*,*,#14177,.F.);
#14177 = EDGE_CURVE('',#14178,#14170,#14180,.T.);
#14178 = VERTEX_POINT('',#14179);
#14179 = CARTESIAN_POINT('',(0.675,1.3925,0.725));
#14180 = LINE('',#14181,#14182);
#14181 = CARTESIAN_POINT('',(0.675,1.3925,0.725));
#14182 = VECTOR('',#14183,1.);
#14183 = DIRECTION('',(1.110223024625E-16,-1.,0.));
#14184 = ORIENTED_EDGE('',*,*,#14185,.F.);
#14185 = EDGE_CURVE('',#14186,#14178,#14188,.T.);
#14186 = VERTEX_POINT('',#14187);
#14187 = CARTESIAN_POINT('',(0.5925,1.475,0.725));
#14188 = LINE('',#14189,#14190);
#14189 = CARTESIAN_POINT('',(0.5925,1.475,0.725));
#14190 = VECTOR('',#14191,1.);
#14191 = DIRECTION('',(0.707106781187,-0.707106781187,0.));
#14192 = ORIENTED_EDGE('',*,*,#14193,.F.);
#14193 = EDGE_CURVE('',#14194,#14186,#14196,.T.);
#14194 = VERTEX_POINT('',#14195);
#14195 = CARTESIAN_POINT('',(-0.5925,1.475,0.725));
#14196 = LINE('',#14197,#14198);
#14197 = CARTESIAN_POINT('',(-0.5925,1.475,0.725));
#14198 = VECTOR('',#14199,1.);
#14199 = DIRECTION('',(1.,1.110223024625E-16,0.));
#14200 = ORIENTED_EDGE('',*,*,#14201,.F.);
#14201 = EDGE_CURVE('',#14202,#14194,#14204,.T.);
#14202 = VERTEX_POINT('',#14203);
#14203 = CARTESIAN_POINT('',(-0.675,1.3925,0.725));
#14204 = LINE('',#14205,#14206);
#14205 = CARTESIAN_POINT('',(-0.675,1.3925,0.725));
#14206 = VECTOR('',#14207,1.);
#14207 = DIRECTION('',(0.707106781187,0.707106781187,0.));
#14208 = ORIENTED_EDGE('',*,*,#14209,.F.);
#14209 = EDGE_CURVE('',#14210,#14202,#14212,.T.);
#14210 = VERTEX_POINT('',#14211);
#14211 = CARTESIAN_POINT('',(-0.675,1.15,0.725));
#14212 = LINE('',#14213,#14214);
#14213 = CARTESIAN_POINT('',(-0.675,-1.3925,0.725));
#14214 = VECTOR('',#14215,1.);
#14215 = DIRECTION('',(-1.110223024625E-16,1.,0.));
#14216 = ORIENTED_EDGE('',*,*,#14217,.F.);
#14217 = EDGE_CURVE('',#14218,#14210,#14220,.T.);
#14218 = VERTEX_POINT('',#14219);
#14219 = CARTESIAN_POINT('',(-0.7,1.15,0.725));
#14220 = LINE('',#14221,#14222);
#14221 = CARTESIAN_POINT('',(-0.7,1.15,0.725));
#14222 = VECTOR('',#14223,1.);
#14223 = DIRECTION('',(1.,-1.144237745222E-17,0.));
#14224 = ORIENTED_EDGE('',*,*,#14225,.T.);
#14225 = EDGE_CURVE('',#14218,#14152,#14226,.T.);
#14226 = LINE('',#14227,#14228);
#14227 = CARTESIAN_POINT('',(-0.7,-1.405,0.725));
#14228 = VECTOR('',#14229,1.);
#14229 = DIRECTION('',(-1.110223024625E-16,1.,0.));
#14230 = PLANE('',#14231);
#14231 = AXIS2_PLACEMENT_3D('',#14232,#14233,#14234);
#14232 = CARTESIAN_POINT('',(-1.486299604971E-16,1.4875,0.725));
#14233 = DIRECTION('',(1.022886882533E-31,-6.310887241768E-27,-1.));
#14234 = DIRECTION('',(1.,1.217738924546E-16,1.022886882525E-31));
#14235 = ADVANCED_FACE('',(#14236),#14246,.F.);
#14236 = FACE_BOUND('',#14237,.F.);
#14237 = EDGE_LOOP('',(#14238,#14239,#14240,#14241));
#14238 = ORIENTED_EDGE('',*,*,#13950,.T.);
#14239 = ORIENTED_EDGE('',*,*,#13935,.T.);
#14240 = ORIENTED_EDGE('',*,*,#14151,.F.);
#14241 = ORIENTED_EDGE('',*,*,#14242,.F.);
#14242 = EDGE_CURVE('',#13951,#14152,#14243,.T.);
#14243 = B_SPLINE_CURVE_WITH_KNOTS('',1,(#14244,#14245),.UNSPECIFIED.,
  .F.,.F.,(2,2),(0.,1.),.PIECEWISE_BEZIER_KNOTS.);
#14244 = CARTESIAN_POINT('',(-0.7,1.405,0.575));
#14245 = CARTESIAN_POINT('',(-0.7,1.405,0.725));
#14246 = PLANE('',#14247);
#14247 = AXIS2_PLACEMENT_3D('',#14248,#14249,#14250);
#14248 = CARTESIAN_POINT('',(-0.7,1.405,0.725));
#14249 = DIRECTION('',(0.707106781187,-0.707106781187,0.));
#14250 = DIRECTION('',(0.707106781187,0.707106781187,0.));
#14251 = ADVANCED_FACE('',(#14252),#14276,.F.);
#14252 = FACE_BOUND('',#14253,.F.);
#14253 = EDGE_LOOP('',(#14254,#14261,#14262,#14270));
#14254 = ORIENTED_EDGE('',*,*,#14255,.F.);
#14255 = EDGE_CURVE('',#14006,#14256,#14258,.T.);
#14256 = VERTEX_POINT('',#14257);
#14257 = CARTESIAN_POINT('',(-0.7,-1.405,0.725));
#14258 = B_SPLINE_CURVE_WITH_KNOTS('',1,(#14259,#14260),.UNSPECIFIED.,
  .F.,.F.,(2,2),(0.,1.),.PIECEWISE_BEZIER_KNOTS.);
#14259 = CARTESIAN_POINT('',(-0.7,-1.405,0.575));
#14260 = CARTESIAN_POINT('',(-0.7,-1.405,0.725));
#14261 = ORIENTED_EDGE('',*,*,#14005,.T.);
#14262 = ORIENTED_EDGE('',*,*,#14263,.T.);
#14263 = EDGE_CURVE('',#13998,#14264,#14266,.T.);
#14264 = VERTEX_POINT('',#14265);
#14265 = CARTESIAN_POINT('',(-0.7,-1.15,0.725));
#14266 = LINE('',#14267,#14268);
#14267 = CARTESIAN_POINT('',(-0.7,-1.15,0.529763586955));
#14268 = VECTOR('',#14269,1.);
#14269 = DIRECTION('',(0.,0.,1.));
#14270 = ORIENTED_EDGE('',*,*,#14271,.F.);
#14271 = EDGE_CURVE('',#14256,#14264,#14272,.T.);
#14272 = LINE('',#14273,#14274);
#14273 = CARTESIAN_POINT('',(-0.7,-1.405,0.725));
#14274 = VECTOR('',#14275,1.);
#14275 = DIRECTION('',(-1.110223024625E-16,1.,0.));
#14276 = PLANE('',#14277);
#14277 = AXIS2_PLACEMENT_3D('',#14278,#14279,#14280);
#14278 = CARTESIAN_POINT('',(-0.7,-1.405,0.725));
#14279 = DIRECTION('',(1.,1.110223024625E-16,0.));
#14280 = DIRECTION('',(-1.110223024625E-16,1.,0.));
#14281 = ADVANCED_FACE('',(#14282),#14309,.F.);
#14282 = FACE_BOUND('',#14283,.F.);
#14283 = EDGE_LOOP('',(#14284,#14285,#14294,#14302));
#14284 = ORIENTED_EDGE('',*,*,#13997,.T.);
#14285 = ORIENTED_EDGE('',*,*,#14286,.T.);
#14286 = EDGE_CURVE('',#13990,#14287,#14289,.T.);
#14287 = VERTEX_POINT('',#14288);
#14288 = CARTESIAN_POINT('',(-0.798480775301,-0.75,0.492364817767));
#14289 = CIRCLE('',#14290,0.1);
#14290 = AXIS2_PLACEMENT_3D('',#14291,#14292,#14293);
#14291 = CARTESIAN_POINT('',(-0.7,-0.75,0.475));
#14292 = DIRECTION('',(-1.144237745222E-17,-1.,-5.473822126269E-48));
#14293 = DIRECTION('',(2.22044604925E-15,-2.540718180781E-32,1.));
#14294 = ORIENTED_EDGE('',*,*,#14295,.F.);
#14295 = EDGE_CURVE('',#14296,#14287,#14298,.T.);
#14296 = VERTEX_POINT('',#14297);
#14297 = CARTESIAN_POINT('',(-0.798480775301,-1.15,0.492364817767));
#14298 = LINE('',#14299,#14300);
#14299 = CARTESIAN_POINT('',(-0.798480775301,-1.15,0.492364817767));
#14300 = VECTOR('',#14301,1.);
#14301 = DIRECTION('',(1.144237745222E-17,1.,0.));
#14302 = ORIENTED_EDGE('',*,*,#14303,.F.);
#14303 = EDGE_CURVE('',#13998,#14296,#14304,.T.);
#14304 = CIRCLE('',#14305,0.1);
#14305 = AXIS2_PLACEMENT_3D('',#14306,#14307,#14308);
#14306 = CARTESIAN_POINT('',(-0.7,-1.15,0.475));
#14307 = DIRECTION('',(-1.144237745222E-17,-1.,-5.473822126269E-48));
#14308 = DIRECTION('',(2.22044604925E-15,-2.540718180781E-32,1.));
#14309 = CYLINDRICAL_SURFACE('',#14310,0.1);
#14310 = AXIS2_PLACEMENT_3D('',#14311,#14312,#14313);
#14311 = CARTESIAN_POINT('',(-0.7,-1.15,0.475));
#14312 = DIRECTION('',(-1.144237745222E-17,-1.,0.));
#14313 = DIRECTION('',(2.22044604925E-15,-2.540718180781E-32,1.));
#14314 = ADVANCED_FACE('',(#14315),#14340,.F.);
#14315 = FACE_BOUND('',#14316,.F.);
#14316 = EDGE_LOOP('',(#14317,#14325,#14326,#14334));
#14317 = ORIENTED_EDGE('',*,*,#14318,.F.);
#14318 = EDGE_CURVE('',#13990,#14319,#14321,.T.);
#14319 = VERTEX_POINT('',#14320);
#14320 = CARTESIAN_POINT('',(-0.7,-0.75,0.725));
#14321 = LINE('',#14322,#14323);
#14322 = CARTESIAN_POINT('',(-0.7,-0.75,0.529763586955));
#14323 = VECTOR('',#14324,1.);
#14324 = DIRECTION('',(0.,0.,1.));
#14325 = ORIENTED_EDGE('',*,*,#13989,.T.);
#14326 = ORIENTED_EDGE('',*,*,#14327,.T.);
#14327 = EDGE_CURVE('',#13982,#14328,#14330,.T.);
#14328 = VERTEX_POINT('',#14329);
#14329 = CARTESIAN_POINT('',(-0.7,0.75,0.725));
#14330 = LINE('',#14331,#14332);
#14331 = CARTESIAN_POINT('',(-0.7,0.75,0.529763586955));
#14332 = VECTOR('',#14333,1.);
#14333 = DIRECTION('',(0.,0.,1.));
#14334 = ORIENTED_EDGE('',*,*,#14335,.F.);
#14335 = EDGE_CURVE('',#14319,#14328,#14336,.T.);
#14336 = LINE('',#14337,#14338);
#14337 = CARTESIAN_POINT('',(-0.7,-1.405,0.725));
#14338 = VECTOR('',#14339,1.);
#14339 = DIRECTION('',(-1.110223024625E-16,1.,0.));
#14340 = PLANE('',#14341);
#14341 = AXIS2_PLACEMENT_3D('',#14342,#14343,#14344);
#14342 = CARTESIAN_POINT('',(-0.7,-1.405,0.725));
#14343 = DIRECTION('',(1.,1.110223024625E-16,0.));
#14344 = DIRECTION('',(-1.110223024625E-16,1.,0.));
#14345 = ADVANCED_FACE('',(#14346),#14373,.F.);
#14346 = FACE_BOUND('',#14347,.F.);
#14347 = EDGE_LOOP('',(#14348,#14349,#14358,#14366));
#14348 = ORIENTED_EDGE('',*,*,#13981,.T.);
#14349 = ORIENTED_EDGE('',*,*,#14350,.T.);
#14350 = EDGE_CURVE('',#13974,#14351,#14353,.T.);
#14351 = VERTEX_POINT('',#14352);
#14352 = CARTESIAN_POINT('',(-0.798480775301,1.15,0.492364817767));
#14353 = CIRCLE('',#14354,0.1);
#14354 = AXIS2_PLACEMENT_3D('',#14355,#14356,#14357);
#14355 = CARTESIAN_POINT('',(-0.7,1.15,0.475));
#14356 = DIRECTION('',(-1.144237745222E-17,-1.,-5.473822126269E-48));
#14357 = DIRECTION('',(2.22044604925E-15,-2.540718180781E-32,1.));
#14358 = ORIENTED_EDGE('',*,*,#14359,.F.);
#14359 = EDGE_CURVE('',#14360,#14351,#14362,.T.);
#14360 = VERTEX_POINT('',#14361);
#14361 = CARTESIAN_POINT('',(-0.798480775301,0.75,0.492364817767));
#14362 = LINE('',#14363,#14364);
#14363 = CARTESIAN_POINT('',(-0.798480775301,0.75,0.492364817767));
#14364 = VECTOR('',#14365,1.);
#14365 = DIRECTION('',(1.144237745222E-17,1.,0.));
#14366 = ORIENTED_EDGE('',*,*,#14367,.F.);
#14367 = EDGE_CURVE('',#13982,#14360,#14368,.T.);
#14368 = CIRCLE('',#14369,0.1);
#14369 = AXIS2_PLACEMENT_3D('',#14370,#14371,#14372);
#14370 = CARTESIAN_POINT('',(-0.7,0.75,0.475));
#14371 = DIRECTION('',(-1.144237745222E-17,-1.,-5.473822126269E-48));
#14372 = DIRECTION('',(2.22044604925E-15,-2.540718180781E-32,1.));
#14373 = CYLINDRICAL_SURFACE('',#14374,0.1);
#14374 = AXIS2_PLACEMENT_3D('',#14375,#14376,#14377);
#14375 = CARTESIAN_POINT('',(-0.7,0.75,0.475));
#14376 = DIRECTION('',(-1.144237745222E-17,-1.,0.));
#14377 = DIRECTION('',(2.22044604925E-15,-2.540718180781E-32,1.));
#14378 = ADVANCED_FACE('',(#14379),#14390,.F.);
#14379 = FACE_BOUND('',#14380,.F.);
#14380 = EDGE_LOOP('',(#14381,#14387,#14388,#14389));
#14381 = ORIENTED_EDGE('',*,*,#14382,.F.);
#14382 = EDGE_CURVE('',#13974,#14218,#14383,.T.);
#14383 = LINE('',#14384,#14385);
#14384 = CARTESIAN_POINT('',(-0.7,1.15,0.529763586955));
#14385 = VECTOR('',#14386,1.);
#14386 = DIRECTION('',(0.,0.,1.));
#14387 = ORIENTED_EDGE('',*,*,#13973,.T.);
#14388 = ORIENTED_EDGE('',*,*,#14242,.T.);
#14389 = ORIENTED_EDGE('',*,*,#14225,.F.);
#14390 = PLANE('',#14391);
#14391 = AXIS2_PLACEMENT_3D('',#14392,#14393,#14394);
#14392 = CARTESIAN_POINT('',(-0.7,-1.405,0.725));
#14393 = DIRECTION('',(1.,1.110223024625E-16,0.));
#14394 = DIRECTION('',(-1.110223024625E-16,1.,0.));
#14395 = ADVANCED_FACE('',(#14396),#14407,.F.);
#14396 = FACE_BOUND('',#14397,.F.);
#14397 = EDGE_LOOP('',(#14398,#14399,#14400,#14406));
#14398 = ORIENTED_EDGE('',*,*,#14129,.F.);
#14399 = ORIENTED_EDGE('',*,*,#14050,.T.);
#14400 = ORIENTED_EDGE('',*,*,#14401,.T.);
#14401 = EDGE_CURVE('',#14043,#14162,#14402,.T.);
#14402 = LINE('',#14403,#14404);
#14403 = CARTESIAN_POINT('',(0.7,0.2,0.529763586955));
#14404 = VECTOR('',#14405,1.);
#14405 = DIRECTION('',(0.,0.,1.));
#14406 = ORIENTED_EDGE('',*,*,#14161,.F.);
#14407 = PLANE('',#14408);
#14408 = AXIS2_PLACEMENT_3D('',#14409,#14410,#14411);
#14409 = CARTESIAN_POINT('',(0.7,1.405,0.725));
#14410 = DIRECTION('',(-1.,-1.110223024625E-16,0.));
#14411 = DIRECTION('',(1.110223024625E-16,-1.,0.));
#14412 = ADVANCED_FACE('',(#14413),#14440,.F.);
#14413 = FACE_BOUND('',#14414,.F.);
#14414 = EDGE_LOOP('',(#14415,#14416,#14425,#14433));
#14415 = ORIENTED_EDGE('',*,*,#14042,.T.);
#14416 = ORIENTED_EDGE('',*,*,#14417,.T.);
#14417 = EDGE_CURVE('',#14035,#14418,#14420,.T.);
#14418 = VERTEX_POINT('',#14419);
#14419 = CARTESIAN_POINT('',(0.798480775301,-0.2,0.492364817767));
#14420 = CIRCLE('',#14421,0.1);
#14421 = AXIS2_PLACEMENT_3D('',#14422,#14423,#14424);
#14422 = CARTESIAN_POINT('',(0.7,-0.2,0.475));
#14423 = DIRECTION('',(-1.110223024625E-16,1.,0.));
#14424 = DIRECTION('',(-2.22044604925E-15,-2.465190328815E-31,1.));
#14425 = ORIENTED_EDGE('',*,*,#14426,.F.);
#14426 = EDGE_CURVE('',#14427,#14418,#14429,.T.);
#14427 = VERTEX_POINT('',#14428);
#14428 = CARTESIAN_POINT('',(0.798480775301,0.2,0.492364817767));
#14429 = LINE('',#14430,#14431);
#14430 = CARTESIAN_POINT('',(0.798480775301,0.2,0.492364817767));
#14431 = VECTOR('',#14432,1.);
#14432 = DIRECTION('',(1.110223024625E-16,-1.,0.));
#14433 = ORIENTED_EDGE('',*,*,#14434,.F.);
#14434 = EDGE_CURVE('',#14043,#14427,#14435,.T.);
#14435 = CIRCLE('',#14436,0.1);
#14436 = AXIS2_PLACEMENT_3D('',#14437,#14438,#14439);
#14437 = CARTESIAN_POINT('',(0.7,0.2,0.475));
#14438 = DIRECTION('',(-1.110223024625E-16,1.,0.));
#14439 = DIRECTION('',(-2.22044604925E-15,-2.465190328815E-31,1.));
#14440 = CYLINDRICAL_SURFACE('',#14441,0.1);
#14441 = AXIS2_PLACEMENT_3D('',#14442,#14443,#14444);
#14442 = CARTESIAN_POINT('',(0.7,0.2,0.475));
#14443 = DIRECTION('',(-1.110223024625E-16,1.,0.));
#14444 = DIRECTION('',(-2.22044604925E-15,-2.465190328815E-31,1.));
#14445 = ADVANCED_FACE('',(#14446),#14470,.F.);
#14446 = FACE_BOUND('',#14447,.F.);
#14447 = EDGE_LOOP('',(#14448,#14456,#14457,#14464));
#14448 = ORIENTED_EDGE('',*,*,#14449,.F.);
#14449 = EDGE_CURVE('',#14035,#14450,#14452,.T.);
#14450 = VERTEX_POINT('',#14451);
#14451 = CARTESIAN_POINT('',(0.7,-0.2,0.725));
#14452 = LINE('',#14453,#14454);
#14453 = CARTESIAN_POINT('',(0.7,-0.2,0.529763586955));
#14454 = VECTOR('',#14455,1.);
#14455 = DIRECTION('',(0.,0.,1.));
#14456 = ORIENTED_EDGE('',*,*,#14034,.T.);
#14457 = ORIENTED_EDGE('',*,*,#14458,.T.);
#14458 = EDGE_CURVE('',#14028,#14459,#14461,.T.);
#14459 = VERTEX_POINT('',#14460);
#14460 = CARTESIAN_POINT('',(0.7,-1.405,0.725));
#14461 = B_SPLINE_CURVE_WITH_KNOTS('',1,(#14462,#14463),.UNSPECIFIED.,
  .F.,.F.,(2,2),(0.,1.),.PIECEWISE_BEZIER_KNOTS.);
#14462 = CARTESIAN_POINT('',(0.7,-1.405,0.575));
#14463 = CARTESIAN_POINT('',(0.7,-1.405,0.725));
#14464 = ORIENTED_EDGE('',*,*,#14465,.F.);
#14465 = EDGE_CURVE('',#14450,#14459,#14466,.T.);
#14466 = LINE('',#14467,#14468);
#14467 = CARTESIAN_POINT('',(0.7,1.405,0.725));
#14468 = VECTOR('',#14469,1.);
#14469 = DIRECTION('',(1.110223024625E-16,-1.,0.));
#14470 = PLANE('',#14471);
#14471 = AXIS2_PLACEMENT_3D('',#14472,#14473,#14474);
#14472 = CARTESIAN_POINT('',(0.7,1.405,0.725));
#14473 = DIRECTION('',(-1.,-1.110223024625E-16,0.));
#14474 = DIRECTION('',(1.110223024625E-16,-1.,0.));
#14475 = ADVANCED_FACE('',(#14476),#14493,.F.);
#14476 = FACE_BOUND('',#14477,.F.);
#14477 = EDGE_LOOP('',(#14478,#14479,#14480,#14488));
#14478 = ORIENTED_EDGE('',*,*,#14067,.T.);
#14479 = ORIENTED_EDGE('',*,*,#14255,.T.);
#14480 = ORIENTED_EDGE('',*,*,#14481,.F.);
#14481 = EDGE_CURVE('',#14482,#14256,#14484,.T.);
#14482 = VERTEX_POINT('',#14483);
#14483 = CARTESIAN_POINT('',(-0.605,-1.5,0.725));
#14484 = LINE('',#14485,#14486);
#14485 = CARTESIAN_POINT('',(-0.605,-1.5,0.725));
#14486 = VECTOR('',#14487,1.);
#14487 = DIRECTION('',(-0.707106781187,0.707106781187,0.));
#14488 = ORIENTED_EDGE('',*,*,#14489,.F.);
#14489 = EDGE_CURVE('',#14068,#14482,#14490,.T.);
#14490 = B_SPLINE_CURVE_WITH_KNOTS('',1,(#14491,#14492),.UNSPECIFIED.,
  .F.,.F.,(2,2),(0.,1.),.PIECEWISE_BEZIER_KNOTS.);
#14491 = CARTESIAN_POINT('',(-0.605,-1.5,0.575));
#14492 = CARTESIAN_POINT('',(-0.605,-1.5,0.725));
#14493 = PLANE('',#14494);
#14494 = AXIS2_PLACEMENT_3D('',#14495,#14496,#14497);
#14495 = CARTESIAN_POINT('',(-0.605,-1.5,0.725));
#14496 = DIRECTION('',(0.707106781187,0.707106781187,0.));
#14497 = DIRECTION('',(-0.707106781187,0.707106781187,0.));
#14498 = ADVANCED_FACE('',(#14499),#14516,.F.);
#14499 = FACE_BOUND('',#14500,.F.);
#14500 = EDGE_LOOP('',(#14501,#14502,#14509,#14515));
#14501 = ORIENTED_EDGE('',*,*,#14096,.T.);
#14502 = ORIENTED_EDGE('',*,*,#14503,.T.);
#14503 = EDGE_CURVE('',#14090,#14504,#14506,.T.);
#14504 = VERTEX_POINT('',#14505);
#14505 = CARTESIAN_POINT('',(0.605,-1.5,0.725));
#14506 = B_SPLINE_CURVE_WITH_KNOTS('',1,(#14507,#14508),.UNSPECIFIED.,
  .F.,.F.,(2,2),(0.,1.),.PIECEWISE_BEZIER_KNOTS.);
#14507 = CARTESIAN_POINT('',(0.605,-1.5,0.575));
#14508 = CARTESIAN_POINT('',(0.605,-1.5,0.725));
#14509 = ORIENTED_EDGE('',*,*,#14510,.F.);
#14510 = EDGE_CURVE('',#14459,#14504,#14511,.T.);
#14511 = LINE('',#14512,#14513);
#14512 = CARTESIAN_POINT('',(0.7,-1.405,0.725));
#14513 = VECTOR('',#14514,1.);
#14514 = DIRECTION('',(-0.707106781187,-0.707106781187,0.));
#14515 = ORIENTED_EDGE('',*,*,#14458,.F.);
#14516 = PLANE('',#14517);
#14517 = AXIS2_PLACEMENT_3D('',#14518,#14519,#14520);
#14518 = CARTESIAN_POINT('',(0.7,-1.405,0.725));
#14519 = DIRECTION('',(-0.707106781187,0.707106781187,0.));
#14520 = DIRECTION('',(-0.707106781187,-0.707106781187,0.));
#14521 = ADVANCED_FACE('',(#14522),#14533,.F.);
#14522 = FACE_BOUND('',#14523,.F.);
#14523 = EDGE_LOOP('',(#14524,#14525,#14526,#14532));
#14524 = ORIENTED_EDGE('',*,*,#14113,.T.);
#14525 = ORIENTED_EDGE('',*,*,#14489,.T.);
#14526 = ORIENTED_EDGE('',*,*,#14527,.F.);
#14527 = EDGE_CURVE('',#14504,#14482,#14528,.T.);
#14528 = LINE('',#14529,#14530);
#14529 = CARTESIAN_POINT('',(0.605,-1.5,0.725));
#14530 = VECTOR('',#14531,1.);
#14531 = DIRECTION('',(-1.,-1.110223024625E-16,0.));
#14532 = ORIENTED_EDGE('',*,*,#14503,.F.);
#14533 = PLANE('',#14534);
#14534 = AXIS2_PLACEMENT_3D('',#14535,#14536,#14537);
#14535 = CARTESIAN_POINT('',(0.605,-1.5,0.725));
#14536 = DIRECTION('',(-1.110223024625E-16,1.,0.));
#14537 = DIRECTION('',(-1.,-1.110223024625E-16,0.));
#14538 = ADVANCED_FACE('',(#14539),#14562,.F.);
#14539 = FACE_BOUND('',#14540,.F.);
#14540 = EDGE_LOOP('',(#14541,#14549,#14555,#14556));
#14541 = ORIENTED_EDGE('',*,*,#14542,.F.);
#14542 = EDGE_CURVE('',#14328,#14543,#14545,.T.);
#14543 = VERTEX_POINT('',#14544);
#14544 = CARTESIAN_POINT('',(-0.675,0.75,0.725));
#14545 = LINE('',#14546,#14547);
#14546 = CARTESIAN_POINT('',(-0.7,0.75,0.725));
#14547 = VECTOR('',#14548,1.);
#14548 = DIRECTION('',(1.,-1.144237745222E-17,0.));
#14549 = ORIENTED_EDGE('',*,*,#14550,.T.);
#14550 = EDGE_CURVE('',#14328,#14218,#14551,.T.);
#14551 = LINE('',#14552,#14553);
#14552 = CARTESIAN_POINT('',(-0.7,0.75,0.725));
#14553 = VECTOR('',#14554,1.);
#14554 = DIRECTION('',(1.144237745222E-17,1.,0.));
#14555 = ORIENTED_EDGE('',*,*,#14217,.T.);
#14556 = ORIENTED_EDGE('',*,*,#14557,.F.);
#14557 = EDGE_CURVE('',#14543,#14210,#14558,.T.);
#14558 = LINE('',#14559,#14560);
#14559 = CARTESIAN_POINT('',(-0.675,-1.3925,0.725));
#14560 = VECTOR('',#14561,1.);
#14561 = DIRECTION('',(-1.110223024625E-16,1.,0.));
#14562 = PLANE('',#14563);
#14563 = AXIS2_PLACEMENT_3D('',#14564,#14565,#14566);
#14564 = CARTESIAN_POINT('',(-0.7,0.75,0.725));
#14565 = DIRECTION('',(0.,0.,-1.));
#14566 = DIRECTION('',(1.,-1.144237745222E-17,0.));
#14567 = ADVANCED_FACE('',(#14568),#14616,.F.);
#14568 = FACE_BOUND('',#14569,.F.);
#14569 = EDGE_LOOP('',(#14570,#14580,#14588,#14594,#14595,#14596,#14603,
    #14611));
#14570 = ORIENTED_EDGE('',*,*,#14571,.T.);
#14571 = EDGE_CURVE('',#14572,#14574,#14576,.T.);
#14572 = VERTEX_POINT('',#14573);
#14573 = CARTESIAN_POINT('',(-0.675,-1.3925,0.725));
#14574 = VERTEX_POINT('',#14575);
#14575 = CARTESIAN_POINT('',(-0.675,-1.15,0.725));
#14576 = LINE('',#14577,#14578);
#14577 = CARTESIAN_POINT('',(-0.675,-1.3925,0.725));
#14578 = VECTOR('',#14579,1.);
#14579 = DIRECTION('',(-1.110223024625E-16,1.,0.));
#14580 = ORIENTED_EDGE('',*,*,#14581,.T.);
#14581 = EDGE_CURVE('',#14574,#14582,#14584,.T.);
#14582 = VERTEX_POINT('',#14583);
#14583 = CARTESIAN_POINT('',(-0.675,-0.75,0.725));
#14584 = LINE('',#14585,#14586);
#14585 = CARTESIAN_POINT('',(-0.675,-1.3925,0.725));
#14586 = VECTOR('',#14587,1.);
#14587 = DIRECTION('',(-1.110223024625E-16,1.,0.));
#14588 = ORIENTED_EDGE('',*,*,#14589,.T.);
#14589 = EDGE_CURVE('',#14582,#14543,#14590,.T.);
#14590 = LINE('',#14591,#14592);
#14591 = CARTESIAN_POINT('',(-0.675,-1.3925,0.725));
#14592 = VECTOR('',#14593,1.);
#14593 = DIRECTION('',(-1.110223024625E-16,1.,0.));
#14594 = ORIENTED_EDGE('',*,*,#14557,.T.);
#14595 = ORIENTED_EDGE('',*,*,#14209,.T.);
#14596 = ORIENTED_EDGE('',*,*,#14597,.T.);
#14597 = EDGE_CURVE('',#14202,#14598,#14600,.T.);
#14598 = VERTEX_POINT('',#14599);
#14599 = CARTESIAN_POINT('',(-0.608243103516,1.359121551758,1.2));
#14600 = B_SPLINE_CURVE_WITH_KNOTS('',1,(#14601,#14602),.UNSPECIFIED.,
  .F.,.F.,(2,2),(0.,1.),.PIECEWISE_BEZIER_KNOTS.);
#14601 = CARTESIAN_POINT('',(-0.675,1.3925,0.725));
#14602 = CARTESIAN_POINT('',(-0.608243103516,1.359121551758,1.2));
#14603 = ORIENTED_EDGE('',*,*,#14604,.F.);
#14604 = EDGE_CURVE('',#14605,#14598,#14607,.T.);
#14605 = VERTEX_POINT('',#14606);
#14606 = CARTESIAN_POINT('',(-0.608243103516,-1.359121551758,1.2));
#14607 = LINE('',#14608,#14609);
#14608 = CARTESIAN_POINT('',(-0.608243103516,-1.359121551758,1.2));
#14609 = VECTOR('',#14610,1.);
#14610 = DIRECTION('',(-1.110223024625E-16,1.,0.));
#14611 = ORIENTED_EDGE('',*,*,#14612,.F.);
#14612 = EDGE_CURVE('',#14572,#14605,#14613,.T.);
#14613 = B_SPLINE_CURVE_WITH_KNOTS('',1,(#14614,#14615),.UNSPECIFIED.,
  .F.,.F.,(2,2),(0.,1.),.PIECEWISE_BEZIER_KNOTS.);
#14614 = CARTESIAN_POINT('',(-0.675,-1.3925,0.725));
#14615 = CARTESIAN_POINT('',(-0.608243103516,-1.359121551758,1.2));
#14616 = B_SPLINE_SURFACE_WITH_KNOTS('',1,1,(
    (#14617,#14618)
    ,(#14619,#14620
    )),.UNSPECIFIED.,.F.,.F.,.F.,(2,2),(2,2),(0.,2.785),(0.,1.),
  .PIECEWISE_BEZIER_KNOTS.);
#14617 = CARTESIAN_POINT('',(-0.675,-1.3925,0.725));
#14618 = CARTESIAN_POINT('',(-0.608243103516,-1.359121551758,1.2));
#14619 = CARTESIAN_POINT('',(-0.675,1.3925,0.725));
#14620 = CARTESIAN_POINT('',(-0.608243103516,1.359121551758,1.2));
#14621 = ADVANCED_FACE('',(#14622),#14639,.F.);
#14622 = FACE_BOUND('',#14623,.F.);
#14623 = EDGE_LOOP('',(#14624,#14625,#14632,#14638));
#14624 = ORIENTED_EDGE('',*,*,#14201,.T.);
#14625 = ORIENTED_EDGE('',*,*,#14626,.T.);
#14626 = EDGE_CURVE('',#14194,#14627,#14629,.T.);
#14627 = VERTEX_POINT('',#14628);
#14628 = CARTESIAN_POINT('',(-0.559121551758,1.408243103516,1.2));
#14629 = B_SPLINE_CURVE_WITH_KNOTS('',1,(#14630,#14631),.UNSPECIFIED.,
  .F.,.F.,(2,2),(0.,1.),.PIECEWISE_BEZIER_KNOTS.);
#14630 = CARTESIAN_POINT('',(-0.5925,1.475,0.725));
#14631 = CARTESIAN_POINT('',(-0.559121551758,1.408243103516,1.2));
#14632 = ORIENTED_EDGE('',*,*,#14633,.F.);
#14633 = EDGE_CURVE('',#14598,#14627,#14634,.T.);
#14634 = LINE('',#14635,#14636);
#14635 = CARTESIAN_POINT('',(-0.608243103516,1.359121551758,1.2));
#14636 = VECTOR('',#14637,1.);
#14637 = DIRECTION('',(0.707106781187,0.707106781187,0.));
#14638 = ORIENTED_EDGE('',*,*,#14597,.F.);
#14639 = B_SPLINE_SURFACE_WITH_KNOTS('',1,1,(
    (#14640,#14641)
    ,(#14642,#14643
    )),.UNSPECIFIED.,.F.,.F.,.F.,(2,2),(2,2),(0.,0.116672618896),(0.,1.)
  ,.PIECEWISE_BEZIER_KNOTS.);
#14640 = CARTESIAN_POINT('',(-0.675,1.3925,0.725));
#14641 = CARTESIAN_POINT('',(-0.608243103516,1.359121551758,1.2));
#14642 = CARTESIAN_POINT('',(-0.5925,1.475,0.725));
#14643 = CARTESIAN_POINT('',(-0.559121551758,1.408243103516,1.2));
#14644 = ADVANCED_FACE('',(#14645),#14662,.F.);
#14645 = FACE_BOUND('',#14646,.F.);
#14646 = EDGE_LOOP('',(#14647,#14648,#14655,#14661));
#14647 = ORIENTED_EDGE('',*,*,#14193,.T.);
#14648 = ORIENTED_EDGE('',*,*,#14649,.T.);
#14649 = EDGE_CURVE('',#14186,#14650,#14652,.T.);
#14650 = VERTEX_POINT('',#14651);
#14651 = CARTESIAN_POINT('',(0.559121551758,1.408243103516,1.2));
#14652 = B_SPLINE_CURVE_WITH_KNOTS('',1,(#14653,#14654),.UNSPECIFIED.,
  .F.,.F.,(2,2),(0.,1.),.PIECEWISE_BEZIER_KNOTS.);
#14653 = CARTESIAN_POINT('',(0.5925,1.475,0.725));
#14654 = CARTESIAN_POINT('',(0.559121551758,1.408243103516,1.2));
#14655 = ORIENTED_EDGE('',*,*,#14656,.F.);
#14656 = EDGE_CURVE('',#14627,#14650,#14657,.T.);
#14657 = LINE('',#14658,#14659);
#14658 = CARTESIAN_POINT('',(-0.559121551758,1.408243103516,1.2));
#14659 = VECTOR('',#14660,1.);
#14660 = DIRECTION('',(1.,1.110223024625E-16,0.));
#14661 = ORIENTED_EDGE('',*,*,#14626,.F.);
#14662 = B_SPLINE_SURFACE_WITH_KNOTS('',1,1,(
    (#14663,#14664)
    ,(#14665,#14666
    )),.UNSPECIFIED.,.F.,.F.,.F.,(2,2),(2,2),(0.,1.185),(0.,1.),
  .PIECEWISE_BEZIER_KNOTS.);
#14663 = CARTESIAN_POINT('',(-0.5925,1.475,0.725));
#14664 = CARTESIAN_POINT('',(-0.559121551758,1.408243103516,1.2));
#14665 = CARTESIAN_POINT('',(0.5925,1.475,0.725));
#14666 = CARTESIAN_POINT('',(0.559121551758,1.408243103516,1.2));
#14667 = ADVANCED_FACE('',(#14668),#14685,.F.);
#14668 = FACE_BOUND('',#14669,.F.);
#14669 = EDGE_LOOP('',(#14670,#14671,#14678,#14684));
#14670 = ORIENTED_EDGE('',*,*,#14185,.T.);
#14671 = ORIENTED_EDGE('',*,*,#14672,.T.);
#14672 = EDGE_CURVE('',#14178,#14673,#14675,.T.);
#14673 = VERTEX_POINT('',#14674);
#14674 = CARTESIAN_POINT('',(0.608243103516,1.359121551758,1.2));
#14675 = B_SPLINE_CURVE_WITH_KNOTS('',1,(#14676,#14677),.UNSPECIFIED.,
  .F.,.F.,(2,2),(0.,1.),.PIECEWISE_BEZIER_KNOTS.);
#14676 = CARTESIAN_POINT('',(0.675,1.3925,0.725));
#14677 = CARTESIAN_POINT('',(0.608243103516,1.359121551758,1.2));
#14678 = ORIENTED_EDGE('',*,*,#14679,.F.);
#14679 = EDGE_CURVE('',#14650,#14673,#14680,.T.);
#14680 = LINE('',#14681,#14682);
#14681 = CARTESIAN_POINT('',(0.559121551758,1.408243103516,1.2));
#14682 = VECTOR('',#14683,1.);
#14683 = DIRECTION('',(0.707106781187,-0.707106781187,0.));
#14684 = ORIENTED_EDGE('',*,*,#14649,.F.);
#14685 = B_SPLINE_SURFACE_WITH_KNOTS('',1,1,(
    (#14686,#14687)
    ,(#14688,#14689
    )),.UNSPECIFIED.,.F.,.F.,.F.,(2,2),(2,2),(0.,0.116672618896),(0.,1.)
  ,.PIECEWISE_BEZIER_KNOTS.);
#14686 = CARTESIAN_POINT('',(0.5925,1.475,0.725));
#14687 = CARTESIAN_POINT('',(0.559121551758,1.408243103516,1.2));
#14688 = CARTESIAN_POINT('',(0.675,1.3925,0.725));
#14689 = CARTESIAN_POINT('',(0.608243103516,1.359121551758,1.2));
#14690 = ADVANCED_FACE('',(#14691),#14724,.F.);
#14691 = FACE_BOUND('',#14692,.F.);
#14692 = EDGE_LOOP('',(#14693,#14694,#14702,#14710,#14717,#14723));
#14693 = ORIENTED_EDGE('',*,*,#14177,.T.);
#14694 = ORIENTED_EDGE('',*,*,#14695,.T.);
#14695 = EDGE_CURVE('',#14170,#14696,#14698,.T.);
#14696 = VERTEX_POINT('',#14697);
#14697 = CARTESIAN_POINT('',(0.675,-0.2,0.725));
#14698 = LINE('',#14699,#14700);
#14699 = CARTESIAN_POINT('',(0.675,1.3925,0.725));
#14700 = VECTOR('',#14701,1.);
#14701 = DIRECTION('',(1.110223024625E-16,-1.,0.));
#14702 = ORIENTED_EDGE('',*,*,#14703,.T.);
#14703 = EDGE_CURVE('',#14696,#14704,#14706,.T.);
#14704 = VERTEX_POINT('',#14705);
#14705 = CARTESIAN_POINT('',(0.675,-1.3925,0.725));
#14706 = LINE('',#14707,#14708);
#14707 = CARTESIAN_POINT('',(0.675,1.3925,0.725));
#14708 = VECTOR('',#14709,1.);
#14709 = DIRECTION('',(1.110223024625E-16,-1.,0.));
#14710 = ORIENTED_EDGE('',*,*,#14711,.T.);
#14711 = EDGE_CURVE('',#14704,#14712,#14714,.T.);
#14712 = VERTEX_POINT('',#14713);
#14713 = CARTESIAN_POINT('',(0.608243103516,-1.359121551758,1.2));
#14714 = B_SPLINE_CURVE_WITH_KNOTS('',1,(#14715,#14716),.UNSPECIFIED.,
  .F.,.F.,(2,2),(0.,1.),.PIECEWISE_BEZIER_KNOTS.);
#14715 = CARTESIAN_POINT('',(0.675,-1.3925,0.725));
#14716 = CARTESIAN_POINT('',(0.608243103516,-1.359121551758,1.2));
#14717 = ORIENTED_EDGE('',*,*,#14718,.F.);
#14718 = EDGE_CURVE('',#14673,#14712,#14719,.T.);
#14719 = LINE('',#14720,#14721);
#14720 = CARTESIAN_POINT('',(0.608243103516,1.359121551758,1.2));
#14721 = VECTOR('',#14722,1.);
#14722 = DIRECTION('',(1.110223024625E-16,-1.,0.));
#14723 = ORIENTED_EDGE('',*,*,#14672,.F.);
#14724 = B_SPLINE_SURFACE_WITH_KNOTS('',1,1,(
    (#14725,#14726)
    ,(#14727,#14728
    )),.UNSPECIFIED.,.F.,.F.,.F.,(2,2),(2,2),(0.,2.785),(0.,1.),
  .PIECEWISE_BEZIER_KNOTS.);
#14725 = CARTESIAN_POINT('',(0.675,1.3925,0.725));
#14726 = CARTESIAN_POINT('',(0.608243103516,1.359121551758,1.2));
#14727 = CARTESIAN_POINT('',(0.675,-1.3925,0.725));
#14728 = CARTESIAN_POINT('',(0.608243103516,-1.359121551758,1.2));
#14729 = ADVANCED_FACE('',(#14730),#14746,.F.);
#14730 = FACE_BOUND('',#14731,.F.);
#14731 = EDGE_LOOP('',(#14732,#14733,#14739,#14745));
#14732 = ORIENTED_EDGE('',*,*,#14169,.F.);
#14733 = ORIENTED_EDGE('',*,*,#14734,.T.);
#14734 = EDGE_CURVE('',#14162,#14450,#14735,.T.);
#14735 = LINE('',#14736,#14737);
#14736 = CARTESIAN_POINT('',(0.7,0.2,0.725));
#14737 = VECTOR('',#14738,1.);
#14738 = DIRECTION('',(1.110223024625E-16,-1.,0.));
#14739 = ORIENTED_EDGE('',*,*,#14740,.T.);
#14740 = EDGE_CURVE('',#14450,#14696,#14741,.T.);
#14741 = LINE('',#14742,#14743);
#14742 = CARTESIAN_POINT('',(0.7,-0.2,0.725));
#14743 = VECTOR('',#14744,1.);
#14744 = DIRECTION('',(-1.,-1.110223024625E-16,0.));
#14745 = ORIENTED_EDGE('',*,*,#14695,.F.);
#14746 = PLANE('',#14747);
#14747 = AXIS2_PLACEMENT_3D('',#14748,#14749,#14750);
#14748 = CARTESIAN_POINT('',(0.7,0.2,0.725));
#14749 = DIRECTION('',(0.,0.,-1.));
#14750 = DIRECTION('',(-1.,-1.110223024625E-16,-0.));
#14751 = ADVANCED_FACE('',(#14752),#14790,.F.);
#14752 = FACE_BOUND('',#14753,.F.);
#14753 = EDGE_LOOP('',(#14754,#14755,#14756,#14757,#14758,#14759,#14760,
    #14766,#14767,#14775,#14783,#14789));
#14754 = ORIENTED_EDGE('',*,*,#14740,.F.);
#14755 = ORIENTED_EDGE('',*,*,#14465,.T.);
#14756 = ORIENTED_EDGE('',*,*,#14510,.T.);
#14757 = ORIENTED_EDGE('',*,*,#14527,.T.);
#14758 = ORIENTED_EDGE('',*,*,#14481,.T.);
#14759 = ORIENTED_EDGE('',*,*,#14271,.T.);
#14760 = ORIENTED_EDGE('',*,*,#14761,.T.);
#14761 = EDGE_CURVE('',#14264,#14574,#14762,.T.);
#14762 = LINE('',#14763,#14764);
#14763 = CARTESIAN_POINT('',(-0.7,-1.15,0.725));
#14764 = VECTOR('',#14765,1.);
#14765 = DIRECTION('',(1.,-1.144237745222E-17,0.));
#14766 = ORIENTED_EDGE('',*,*,#14571,.F.);
#14767 = ORIENTED_EDGE('',*,*,#14768,.F.);
#14768 = EDGE_CURVE('',#14769,#14572,#14771,.T.);
#14769 = VERTEX_POINT('',#14770);
#14770 = CARTESIAN_POINT('',(-0.5925,-1.475,0.725));
#14771 = LINE('',#14772,#14773);
#14772 = CARTESIAN_POINT('',(-0.5925,-1.475,0.725));
#14773 = VECTOR('',#14774,1.);
#14774 = DIRECTION('',(-0.707106781187,0.707106781187,0.));
#14775 = ORIENTED_EDGE('',*,*,#14776,.F.);
#14776 = EDGE_CURVE('',#14777,#14769,#14779,.T.);
#14777 = VERTEX_POINT('',#14778);
#14778 = CARTESIAN_POINT('',(0.5925,-1.475,0.725));
#14779 = LINE('',#14780,#14781);
#14780 = CARTESIAN_POINT('',(0.5925,-1.475,0.725));
#14781 = VECTOR('',#14782,1.);
#14782 = DIRECTION('',(-1.,-1.110223024625E-16,0.));
#14783 = ORIENTED_EDGE('',*,*,#14784,.F.);
#14784 = EDGE_CURVE('',#14704,#14777,#14785,.T.);
#14785 = LINE('',#14786,#14787);
#14786 = CARTESIAN_POINT('',(0.675,-1.3925,0.725));
#14787 = VECTOR('',#14788,1.);
#14788 = DIRECTION('',(-0.707106781187,-0.707106781187,0.));
#14789 = ORIENTED_EDGE('',*,*,#14703,.F.);
#14790 = PLANE('',#14791);
#14791 = AXIS2_PLACEMENT_3D('',#14792,#14793,#14794);
#14792 = CARTESIAN_POINT('',(-1.486299604971E-16,1.4875,0.725));
#14793 = DIRECTION('',(1.022886882533E-31,-6.310887241768E-27,-1.));
#14794 = DIRECTION('',(1.,1.217738924546E-16,1.022886882525E-31));
#14795 = ADVANCED_FACE('',(#14796),#14865,.F.);
#14796 = FACE_BOUND('',#14797,.F.);
#14797 = EDGE_LOOP('',(#14798,#14799,#14800,#14808,#14817,#14825,#14833,
    #14841,#14850,#14858));
#14798 = ORIENTED_EDGE('',*,*,#14263,.F.);
#14799 = ORIENTED_EDGE('',*,*,#14303,.T.);
#14800 = ORIENTED_EDGE('',*,*,#14801,.T.);
#14801 = EDGE_CURVE('',#14296,#14802,#14804,.T.);
#14802 = VERTEX_POINT('',#14803);
#14803 = CARTESIAN_POINT('',(-0.843471632406,-1.15,0.206587955583));
#14804 = LINE('',#14805,#14806);
#14805 = CARTESIAN_POINT('',(-0.798480775301,-1.15,0.492364817767));
#14806 = VECTOR('',#14807,1.);
#14807 = DIRECTION('',(-0.155518033909,1.779496044609E-18,
    -0.987833053268));
#14808 = ORIENTED_EDGE('',*,*,#14809,.T.);
#14809 = EDGE_CURVE('',#14802,#14810,#14812,.T.);
#14810 = VERTEX_POINT('',#14811);
#14811 = CARTESIAN_POINT('',(-1.089673570659,-1.15,5.551115123126E-17));
#14812 = CIRCLE('',#14813,0.25);
#14813 = AXIS2_PLACEMENT_3D('',#14814,#14815,#14816);
#14814 = CARTESIAN_POINT('',(-1.089673570659,-1.15,0.25));
#14815 = DIRECTION('',(1.144237745222E-17,1.,3.851859888774E-34));
#14816 = DIRECTION('',(0.984807753012,-1.126854202784E-17,
    -0.173648177667));
#14817 = ORIENTED_EDGE('',*,*,#14818,.T.);
#14818 = EDGE_CURVE('',#14810,#14819,#14821,.T.);
#14819 = VERTEX_POINT('',#14820);
#14820 = CARTESIAN_POINT('',(-1.25,-1.15,5.551115123126E-17));
#14821 = LINE('',#14822,#14823);
#14822 = CARTESIAN_POINT('',(-1.089673570659,-1.15,5.551115123126E-17));
#14823 = VECTOR('',#14824,1.);
#14824 = DIRECTION('',(-1.,1.144237745222E-17,0.));
#14825 = ORIENTED_EDGE('',*,*,#14826,.T.);
#14826 = EDGE_CURVE('',#14819,#14827,#14829,.T.);
#14827 = VERTEX_POINT('',#14828);
#14828 = CARTESIAN_POINT('',(-1.25,-1.15,0.15));
#14829 = LINE('',#14830,#14831);
#14830 = CARTESIAN_POINT('',(-1.25,-1.15,5.551115123126E-17));
#14831 = VECTOR('',#14832,1.);
#14832 = DIRECTION('',(0.,0.,1.));
#14833 = ORIENTED_EDGE('',*,*,#14834,.T.);
#14834 = EDGE_CURVE('',#14827,#14835,#14837,.T.);
#14835 = VERTEX_POINT('',#14836);
#14836 = CARTESIAN_POINT('',(-1.089673570659,-1.15,0.15));
#14837 = LINE('',#14838,#14839);
#14838 = CARTESIAN_POINT('',(-1.25,-1.15,0.15));
#14839 = VECTOR('',#14840,1.);
#14840 = DIRECTION('',(1.,-1.144237745222E-17,0.));
#14841 = ORIENTED_EDGE('',*,*,#14842,.T.);
#14842 = EDGE_CURVE('',#14835,#14843,#14845,.T.);
#14843 = VERTEX_POINT('',#14844);
#14844 = CARTESIAN_POINT('',(-0.991192795358,-1.15,0.232635182233));
#14845 = CIRCLE('',#14846,0.1);
#14846 = AXIS2_PLACEMENT_3D('',#14847,#14848,#14849);
#14847 = CARTESIAN_POINT('',(-1.089673570659,-1.15,0.25));
#14848 = DIRECTION('',(-1.144237745222E-17,-1.,1.094764425254E-47));
#14849 = DIRECTION('',(-2.22044604925E-15,2.540718180781E-32,-1.));
#14850 = ORIENTED_EDGE('',*,*,#14851,.T.);
#14851 = EDGE_CURVE('',#14843,#14852,#14854,.T.);
#14852 = VERTEX_POINT('',#14853);
#14853 = CARTESIAN_POINT('',(-0.946201938253,-1.15,0.518412044417));
#14854 = LINE('',#14855,#14856);
#14855 = CARTESIAN_POINT('',(-0.991192795358,-1.15,0.232635182233));
#14856 = VECTOR('',#14857,1.);
#14857 = DIRECTION('',(0.155518033909,-1.779496044609E-18,0.987833053268
    ));
#14858 = ORIENTED_EDGE('',*,*,#14859,.T.);
#14859 = EDGE_CURVE('',#14852,#14264,#14860,.T.);
#14860 = CIRCLE('',#14861,0.25);
#14861 = AXIS2_PLACEMENT_3D('',#14862,#14863,#14864);
#14862 = CARTESIAN_POINT('',(-0.7,-1.15,0.475));
#14863 = DIRECTION('',(1.144237745222E-17,1.,0.));
#14864 = DIRECTION('',(-0.984807753012,1.126854202784E-17,0.173648177667
    ));
#14865 = PLANE('',#14866);
#14866 = AXIS2_PLACEMENT_3D('',#14867,#14868,#14869);
#14867 = CARTESIAN_POINT('',(-0.931323080229,-1.15,0.33452717391));
#14868 = DIRECTION('',(1.144237745222E-17,1.,0.));
#14869 = DIRECTION('',(0.,-0.,1.));
#14870 = ADVANCED_FACE('',(#14871),#14889,.F.);
#14871 = FACE_BOUND('',#14872,.F.);
#14872 = EDGE_LOOP('',(#14873,#14874,#14882,#14888));
#14873 = ORIENTED_EDGE('',*,*,#14295,.T.);
#14874 = ORIENTED_EDGE('',*,*,#14875,.T.);
#14875 = EDGE_CURVE('',#14287,#14876,#14878,.T.);
#14876 = VERTEX_POINT('',#14877);
#14877 = CARTESIAN_POINT('',(-0.843471632406,-0.75,0.206587955583));
#14878 = LINE('',#14879,#14880);
#14879 = CARTESIAN_POINT('',(-0.798480775301,-0.75,0.492364817767));
#14880 = VECTOR('',#14881,1.);
#14881 = DIRECTION('',(-0.155518033909,1.779496044609E-18,
    -0.987833053268));
#14882 = ORIENTED_EDGE('',*,*,#14883,.F.);
#14883 = EDGE_CURVE('',#14802,#14876,#14884,.T.);
#14884 = LINE('',#14885,#14886);
#14885 = CARTESIAN_POINT('',(-0.843471632406,-1.15,0.206587955583));
#14886 = VECTOR('',#14887,1.);
#14887 = DIRECTION('',(1.144237745222E-17,1.,0.));
#14888 = ORIENTED_EDGE('',*,*,#14801,.F.);
#14889 = PLANE('',#14890);
#14890 = AXIS2_PLACEMENT_3D('',#14891,#14892,#14893);
#14891 = CARTESIAN_POINT('',(-0.798480775301,-1.15,0.492364817767));
#14892 = DIRECTION('',(-0.987833053268,1.130315865527E-17,0.155518033909
    ));
#14893 = DIRECTION('',(-0.155518033909,1.779496044609E-18,
    -0.987833053268));
#14894 = ADVANCED_FACE('',(#14895),#14957,.T.);
#14895 = FACE_BOUND('',#14896,.T.);
#14896 = EDGE_LOOP('',(#14897,#14898,#14899,#14900,#14909,#14917,#14925,
    #14933,#14942,#14950));
#14897 = ORIENTED_EDGE('',*,*,#14318,.F.);
#14898 = ORIENTED_EDGE('',*,*,#14286,.T.);
#14899 = ORIENTED_EDGE('',*,*,#14875,.T.);
#14900 = ORIENTED_EDGE('',*,*,#14901,.T.);
#14901 = EDGE_CURVE('',#14876,#14902,#14904,.T.);
#14902 = VERTEX_POINT('',#14903);
#14903 = CARTESIAN_POINT('',(-1.089673570659,-0.75,5.551115123126E-17));
#14904 = CIRCLE('',#14905,0.25);
#14905 = AXIS2_PLACEMENT_3D('',#14906,#14907,#14908);
#14906 = CARTESIAN_POINT('',(-1.089673570659,-0.75,0.25));
#14907 = DIRECTION('',(1.144237745222E-17,1.,3.851859888774E-34));
#14908 = DIRECTION('',(0.984807753012,-1.126854202784E-17,
    -0.173648177667));
#14909 = ORIENTED_EDGE('',*,*,#14910,.T.);
#14910 = EDGE_CURVE('',#14902,#14911,#14913,.T.);
#14911 = VERTEX_POINT('',#14912);
#14912 = CARTESIAN_POINT('',(-1.25,-0.75,5.551115123126E-17));
#14913 = LINE('',#14914,#14915);
#14914 = CARTESIAN_POINT('',(-1.089673570659,-0.75,5.551115123126E-17));
#14915 = VECTOR('',#14916,1.);
#14916 = DIRECTION('',(-1.,1.144237745222E-17,0.));
#14917 = ORIENTED_EDGE('',*,*,#14918,.T.);
#14918 = EDGE_CURVE('',#14911,#14919,#14921,.T.);
#14919 = VERTEX_POINT('',#14920);
#14920 = CARTESIAN_POINT('',(-1.25,-0.75,0.15));
#14921 = LINE('',#14922,#14923);
#14922 = CARTESIAN_POINT('',(-1.25,-0.75,5.551115123126E-17));
#14923 = VECTOR('',#14924,1.);
#14924 = DIRECTION('',(0.,0.,1.));
#14925 = ORIENTED_EDGE('',*,*,#14926,.T.);
#14926 = EDGE_CURVE('',#14919,#14927,#14929,.T.);
#14927 = VERTEX_POINT('',#14928);
#14928 = CARTESIAN_POINT('',(-1.089673570659,-0.75,0.15));
#14929 = LINE('',#14930,#14931);
#14930 = CARTESIAN_POINT('',(-1.25,-0.75,0.15));
#14931 = VECTOR('',#14932,1.);
#14932 = DIRECTION('',(1.,-1.144237745222E-17,0.));
#14933 = ORIENTED_EDGE('',*,*,#14934,.T.);
#14934 = EDGE_CURVE('',#14927,#14935,#14937,.T.);
#14935 = VERTEX_POINT('',#14936);
#14936 = CARTESIAN_POINT('',(-0.991192795358,-0.75,0.232635182233));
#14937 = CIRCLE('',#14938,0.1);
#14938 = AXIS2_PLACEMENT_3D('',#14939,#14940,#14941);
#14939 = CARTESIAN_POINT('',(-1.089673570659,-0.75,0.25));
#14940 = DIRECTION('',(-1.144237745222E-17,-1.,1.094764425254E-47));
#14941 = DIRECTION('',(-2.22044604925E-15,2.540718180781E-32,-1.));
#14942 = ORIENTED_EDGE('',*,*,#14943,.T.);
#14943 = EDGE_CURVE('',#14935,#14944,#14946,.T.);
#14944 = VERTEX_POINT('',#14945);
#14945 = CARTESIAN_POINT('',(-0.946201938253,-0.75,0.518412044417));
#14946 = LINE('',#14947,#14948);
#14947 = CARTESIAN_POINT('',(-0.991192795358,-0.75,0.232635182233));
#14948 = VECTOR('',#14949,1.);
#14949 = DIRECTION('',(0.155518033909,-1.779496044609E-18,0.987833053268
    ));
#14950 = ORIENTED_EDGE('',*,*,#14951,.T.);
#14951 = EDGE_CURVE('',#14944,#14319,#14952,.T.);
#14952 = CIRCLE('',#14953,0.25);
#14953 = AXIS2_PLACEMENT_3D('',#14954,#14955,#14956);
#14954 = CARTESIAN_POINT('',(-0.7,-0.75,0.475));
#14955 = DIRECTION('',(1.144237745222E-17,1.,0.));
#14956 = DIRECTION('',(-0.984807753012,1.126854202784E-17,0.173648177667
    ));
#14957 = PLANE('',#14958);
#14958 = AXIS2_PLACEMENT_3D('',#14959,#14960,#14961);
#14959 = CARTESIAN_POINT('',(-0.931323080229,-0.75,0.33452717391));
#14960 = DIRECTION('',(1.144237745222E-17,1.,0.));
#14961 = DIRECTION('',(0.,-0.,1.));
#14962 = ADVANCED_FACE('',(#14963),#14974,.F.);
#14963 = FACE_BOUND('',#14964,.F.);
#14964 = EDGE_LOOP('',(#14965,#14966,#14967,#14968));
#14965 = ORIENTED_EDGE('',*,*,#14335,.T.);
#14966 = ORIENTED_EDGE('',*,*,#14542,.T.);
#14967 = ORIENTED_EDGE('',*,*,#14589,.F.);
#14968 = ORIENTED_EDGE('',*,*,#14969,.F.);
#14969 = EDGE_CURVE('',#14319,#14582,#14970,.T.);
#14970 = LINE('',#14971,#14972);
#14971 = CARTESIAN_POINT('',(-0.7,-0.75,0.725));
#14972 = VECTOR('',#14973,1.);
#14973 = DIRECTION('',(1.,-1.144237745222E-17,0.));
#14974 = PLANE('',#14975);
#14975 = AXIS2_PLACEMENT_3D('',#14976,#14977,#14978);
#14976 = CARTESIAN_POINT('',(-1.486299604971E-16,1.4875,0.725));
#14977 = DIRECTION('',(1.022886882533E-31,-6.310887241768E-27,-1.));
#14978 = DIRECTION('',(1.,1.217738924546E-16,1.022886882525E-31));
#14979 = ADVANCED_FACE('',(#14980),#15049,.F.);
#14980 = FACE_BOUND('',#14981,.F.);
#14981 = EDGE_LOOP('',(#14982,#14983,#14984,#14992,#15001,#15009,#15017,
    #15025,#15034,#15042));
#14982 = ORIENTED_EDGE('',*,*,#14327,.F.);
#14983 = ORIENTED_EDGE('',*,*,#14367,.T.);
#14984 = ORIENTED_EDGE('',*,*,#14985,.T.);
#14985 = EDGE_CURVE('',#14360,#14986,#14988,.T.);
#14986 = VERTEX_POINT('',#14987);
#14987 = CARTESIAN_POINT('',(-0.843471632406,0.75,0.206587955583));
#14988 = LINE('',#14989,#14990);
#14989 = CARTESIAN_POINT('',(-0.798480775301,0.75,0.492364817767));
#14990 = VECTOR('',#14991,1.);
#14991 = DIRECTION('',(-0.155518033909,1.779496044609E-18,
    -0.987833053268));
#14992 = ORIENTED_EDGE('',*,*,#14993,.T.);
#14993 = EDGE_CURVE('',#14986,#14994,#14996,.T.);
#14994 = VERTEX_POINT('',#14995);
#14995 = CARTESIAN_POINT('',(-1.089673570659,0.75,5.551115123126E-17));
#14996 = CIRCLE('',#14997,0.25);
#14997 = AXIS2_PLACEMENT_3D('',#14998,#14999,#15000);
#14998 = CARTESIAN_POINT('',(-1.089673570659,0.75,0.25));
#14999 = DIRECTION('',(1.144237745222E-17,1.,3.851859888774E-34));
#15000 = DIRECTION('',(0.984807753012,-1.126854202784E-17,
    -0.173648177667));
#15001 = ORIENTED_EDGE('',*,*,#15002,.T.);
#15002 = EDGE_CURVE('',#14994,#15003,#15005,.T.);
#15003 = VERTEX_POINT('',#15004);
#15004 = CARTESIAN_POINT('',(-1.25,0.75,5.551115123126E-17));
#15005 = LINE('',#15006,#15007);
#15006 = CARTESIAN_POINT('',(-1.089673570659,0.75,5.551115123126E-17));
#15007 = VECTOR('',#15008,1.);
#15008 = DIRECTION('',(-1.,1.144237745222E-17,0.));
#15009 = ORIENTED_EDGE('',*,*,#15010,.T.);
#15010 = EDGE_CURVE('',#15003,#15011,#15013,.T.);
#15011 = VERTEX_POINT('',#15012);
#15012 = CARTESIAN_POINT('',(-1.25,0.75,0.15));
#15013 = LINE('',#15014,#15015);
#15014 = CARTESIAN_POINT('',(-1.25,0.75,5.551115123126E-17));
#15015 = VECTOR('',#15016,1.);
#15016 = DIRECTION('',(0.,0.,1.));
#15017 = ORIENTED_EDGE('',*,*,#15018,.T.);
#15018 = EDGE_CURVE('',#15011,#15019,#15021,.T.);
#15019 = VERTEX_POINT('',#15020);
#15020 = CARTESIAN_POINT('',(-1.089673570659,0.75,0.15));
#15021 = LINE('',#15022,#15023);
#15022 = CARTESIAN_POINT('',(-1.25,0.75,0.15));
#15023 = VECTOR('',#15024,1.);
#15024 = DIRECTION('',(1.,-1.144237745222E-17,0.));
#15025 = ORIENTED_EDGE('',*,*,#15026,.T.);
#15026 = EDGE_CURVE('',#15019,#15027,#15029,.T.);
#15027 = VERTEX_POINT('',#15028);
#15028 = CARTESIAN_POINT('',(-0.991192795358,0.75,0.232635182233));
#15029 = CIRCLE('',#15030,0.1);
#15030 = AXIS2_PLACEMENT_3D('',#15031,#15032,#15033);
#15031 = CARTESIAN_POINT('',(-1.089673570659,0.75,0.25));
#15032 = DIRECTION('',(-1.144237745222E-17,-1.,1.094764425254E-47));
#15033 = DIRECTION('',(-2.22044604925E-15,2.540718180781E-32,-1.));
#15034 = ORIENTED_EDGE('',*,*,#15035,.T.);
#15035 = EDGE_CURVE('',#15027,#15036,#15038,.T.);
#15036 = VERTEX_POINT('',#15037);
#15037 = CARTESIAN_POINT('',(-0.946201938253,0.75,0.518412044417));
#15038 = LINE('',#15039,#15040);
#15039 = CARTESIAN_POINT('',(-0.991192795358,0.75,0.232635182233));
#15040 = VECTOR('',#15041,1.);
#15041 = DIRECTION('',(0.155518033909,-1.779496044609E-18,0.987833053268
    ));
#15042 = ORIENTED_EDGE('',*,*,#15043,.T.);
#15043 = EDGE_CURVE('',#15036,#14328,#15044,.T.);
#15044 = CIRCLE('',#15045,0.25);
#15045 = AXIS2_PLACEMENT_3D('',#15046,#15047,#15048);
#15046 = CARTESIAN_POINT('',(-0.7,0.75,0.475));
#15047 = DIRECTION('',(1.144237745222E-17,1.,0.));
#15048 = DIRECTION('',(-0.984807753012,1.126854202784E-17,0.173648177667
    ));
#15049 = PLANE('',#15050);
#15050 = AXIS2_PLACEMENT_3D('',#15051,#15052,#15053);
#15051 = CARTESIAN_POINT('',(-0.931323080229,0.75,0.33452717391));
#15052 = DIRECTION('',(1.144237745222E-17,1.,0.));
#15053 = DIRECTION('',(0.,-0.,1.));
#15054 = ADVANCED_FACE('',(#15055),#15073,.F.);
#15055 = FACE_BOUND('',#15056,.F.);
#15056 = EDGE_LOOP('',(#15057,#15058,#15066,#15072));
#15057 = ORIENTED_EDGE('',*,*,#14359,.T.);
#15058 = ORIENTED_EDGE('',*,*,#15059,.T.);
#15059 = EDGE_CURVE('',#14351,#15060,#15062,.T.);
#15060 = VERTEX_POINT('',#15061);
#15061 = CARTESIAN_POINT('',(-0.843471632406,1.15,0.206587955583));
#15062 = LINE('',#15063,#15064);
#15063 = CARTESIAN_POINT('',(-0.798480775301,1.15,0.492364817767));
#15064 = VECTOR('',#15065,1.);
#15065 = DIRECTION('',(-0.155518033909,1.779496044609E-18,
    -0.987833053268));
#15066 = ORIENTED_EDGE('',*,*,#15067,.F.);
#15067 = EDGE_CURVE('',#14986,#15060,#15068,.T.);
#15068 = LINE('',#15069,#15070);
#15069 = CARTESIAN_POINT('',(-0.843471632406,0.75,0.206587955583));
#15070 = VECTOR('',#15071,1.);
#15071 = DIRECTION('',(1.144237745222E-17,1.,0.));
#15072 = ORIENTED_EDGE('',*,*,#14985,.F.);
#15073 = PLANE('',#15074);
#15074 = AXIS2_PLACEMENT_3D('',#15075,#15076,#15077);
#15075 = CARTESIAN_POINT('',(-0.798480775301,0.75,0.492364817767));
#15076 = DIRECTION('',(-0.987833053268,1.130315865527E-17,0.155518033909
    ));
#15077 = DIRECTION('',(-0.155518033909,1.779496044609E-18,
    -0.987833053268));
#15078 = ADVANCED_FACE('',(#15079),#15141,.T.);
#15079 = FACE_BOUND('',#15080,.T.);
#15080 = EDGE_LOOP('',(#15081,#15082,#15083,#15084,#15093,#15101,#15109,
    #15117,#15126,#15134));
#15081 = ORIENTED_EDGE('',*,*,#14382,.F.);
#15082 = ORIENTED_EDGE('',*,*,#14350,.T.);
#15083 = ORIENTED_EDGE('',*,*,#15059,.T.);
#15084 = ORIENTED_EDGE('',*,*,#15085,.T.);
#15085 = EDGE_CURVE('',#15060,#15086,#15088,.T.);
#15086 = VERTEX_POINT('',#15087);
#15087 = CARTESIAN_POINT('',(-1.089673570659,1.15,5.551115123126E-17));
#15088 = CIRCLE('',#15089,0.25);
#15089 = AXIS2_PLACEMENT_3D('',#15090,#15091,#15092);
#15090 = CARTESIAN_POINT('',(-1.089673570659,1.15,0.25));
#15091 = DIRECTION('',(1.144237745222E-17,1.,3.851859888774E-34));
#15092 = DIRECTION('',(0.984807753012,-1.126854202784E-17,
    -0.173648177667));
#15093 = ORIENTED_EDGE('',*,*,#15094,.T.);
#15094 = EDGE_CURVE('',#15086,#15095,#15097,.T.);
#15095 = VERTEX_POINT('',#15096);
#15096 = CARTESIAN_POINT('',(-1.25,1.15,5.551115123126E-17));
#15097 = LINE('',#15098,#15099);
#15098 = CARTESIAN_POINT('',(-1.089673570659,1.15,5.551115123126E-17));
#15099 = VECTOR('',#15100,1.);
#15100 = DIRECTION('',(-1.,1.144237745222E-17,0.));
#15101 = ORIENTED_EDGE('',*,*,#15102,.T.);
#15102 = EDGE_CURVE('',#15095,#15103,#15105,.T.);
#15103 = VERTEX_POINT('',#15104);
#15104 = CARTESIAN_POINT('',(-1.25,1.15,0.15));
#15105 = LINE('',#15106,#15107);
#15106 = CARTESIAN_POINT('',(-1.25,1.15,5.551115123126E-17));
#15107 = VECTOR('',#15108,1.);
#15108 = DIRECTION('',(0.,0.,1.));
#15109 = ORIENTED_EDGE('',*,*,#15110,.T.);
#15110 = EDGE_CURVE('',#15103,#15111,#15113,.T.);
#15111 = VERTEX_POINT('',#15112);
#15112 = CARTESIAN_POINT('',(-1.089673570659,1.15,0.15));
#15113 = LINE('',#15114,#15115);
#15114 = CARTESIAN_POINT('',(-1.25,1.15,0.15));
#15115 = VECTOR('',#15116,1.);
#15116 = DIRECTION('',(1.,-1.144237745222E-17,0.));
#15117 = ORIENTED_EDGE('',*,*,#15118,.T.);
#15118 = EDGE_CURVE('',#15111,#15119,#15121,.T.);
#15119 = VERTEX_POINT('',#15120);
#15120 = CARTESIAN_POINT('',(-0.991192795358,1.15,0.232635182233));
#15121 = CIRCLE('',#15122,0.1);
#15122 = AXIS2_PLACEMENT_3D('',#15123,#15124,#15125);
#15123 = CARTESIAN_POINT('',(-1.089673570659,1.15,0.25));
#15124 = DIRECTION('',(-1.144237745222E-17,-1.,1.094764425254E-47));
#15125 = DIRECTION('',(-2.22044604925E-15,2.540718180781E-32,-1.));
#15126 = ORIENTED_EDGE('',*,*,#15127,.T.);
#15127 = EDGE_CURVE('',#15119,#15128,#15130,.T.);
#15128 = VERTEX_POINT('',#15129);
#15129 = CARTESIAN_POINT('',(-0.946201938253,1.15,0.518412044417));
#15130 = LINE('',#15131,#15132);
#15131 = CARTESIAN_POINT('',(-0.991192795358,1.15,0.232635182233));
#15132 = VECTOR('',#15133,1.);
#15133 = DIRECTION('',(0.155518033909,-1.779496044609E-18,0.987833053268
    ));
#15134 = ORIENTED_EDGE('',*,*,#15135,.T.);
#15135 = EDGE_CURVE('',#15128,#14218,#15136,.T.);
#15136 = CIRCLE('',#15137,0.25);
#15137 = AXIS2_PLACEMENT_3D('',#15138,#15139,#15140);
#15138 = CARTESIAN_POINT('',(-0.7,1.15,0.475));
#15139 = DIRECTION('',(1.144237745222E-17,1.,0.));
#15140 = DIRECTION('',(-0.984807753012,1.126854202784E-17,0.173648177667
    ));
#15141 = PLANE('',#15142);
#15142 = AXIS2_PLACEMENT_3D('',#15143,#15144,#15145);
#15143 = CARTESIAN_POINT('',(-0.931323080229,1.15,0.33452717391));
#15144 = DIRECTION('',(1.144237745222E-17,1.,0.));
#15145 = DIRECTION('',(0.,-0.,1.));
#15146 = ADVANCED_FACE('',(#15147),#15216,.F.);
#15147 = FACE_BOUND('',#15148,.F.);
#15148 = EDGE_LOOP('',(#15149,#15150,#15151,#15159,#15168,#15176,#15184,
    #15192,#15201,#15209));
#15149 = ORIENTED_EDGE('',*,*,#14401,.F.);
#15150 = ORIENTED_EDGE('',*,*,#14434,.T.);
#15151 = ORIENTED_EDGE('',*,*,#15152,.T.);
#15152 = EDGE_CURVE('',#14427,#15153,#15155,.T.);
#15153 = VERTEX_POINT('',#15154);
#15154 = CARTESIAN_POINT('',(0.843471632406,0.2,0.206587955583));
#15155 = LINE('',#15156,#15157);
#15156 = CARTESIAN_POINT('',(0.798480775301,0.2,0.492364817767));
#15157 = VECTOR('',#15158,1.);
#15158 = DIRECTION('',(0.155518033909,1.726597019897E-17,-0.987833053268
    ));
#15159 = ORIENTED_EDGE('',*,*,#15160,.T.);
#15160 = EDGE_CURVE('',#15153,#15161,#15163,.T.);
#15161 = VERTEX_POINT('',#15162);
#15162 = CARTESIAN_POINT('',(1.089673570659,0.2,5.551115123126E-17));
#15163 = CIRCLE('',#15164,0.25);
#15164 = AXIS2_PLACEMENT_3D('',#15165,#15166,#15167);
#15165 = CARTESIAN_POINT('',(1.089673570659,0.2,0.25));
#15166 = DIRECTION('',(1.110223024625E-16,-1.,0.));
#15167 = DIRECTION('',(-0.984807753012,-1.093356242223E-16,
    -0.173648177667));
#15168 = ORIENTED_EDGE('',*,*,#15169,.T.);
#15169 = EDGE_CURVE('',#15161,#15170,#15172,.T.);
#15170 = VERTEX_POINT('',#15171);
#15171 = CARTESIAN_POINT('',(1.25,0.2,5.551115123126E-17));
#15172 = LINE('',#15173,#15174);
#15173 = CARTESIAN_POINT('',(1.089673570659,0.2,5.551115123126E-17));
#15174 = VECTOR('',#15175,1.);
#15175 = DIRECTION('',(1.,1.110223024625E-16,0.));
#15176 = ORIENTED_EDGE('',*,*,#15177,.T.);
#15177 = EDGE_CURVE('',#15170,#15178,#15180,.T.);
#15178 = VERTEX_POINT('',#15179);
#15179 = CARTESIAN_POINT('',(1.25,0.2,0.15));
#15180 = LINE('',#15181,#15182);
#15181 = CARTESIAN_POINT('',(1.25,0.2,5.551115123126E-17));
#15182 = VECTOR('',#15183,1.);
#15183 = DIRECTION('',(0.,0.,1.));
#15184 = ORIENTED_EDGE('',*,*,#15185,.T.);
#15185 = EDGE_CURVE('',#15178,#15186,#15188,.T.);
#15186 = VERTEX_POINT('',#15187);
#15187 = CARTESIAN_POINT('',(1.089673570659,0.2,0.15));
#15188 = LINE('',#15189,#15190);
#15189 = CARTESIAN_POINT('',(1.25,0.2,0.15));
#15190 = VECTOR('',#15191,1.);
#15191 = DIRECTION('',(-1.,-1.110223024625E-16,0.));
#15192 = ORIENTED_EDGE('',*,*,#15193,.T.);
#15193 = EDGE_CURVE('',#15186,#15194,#15196,.T.);
#15194 = VERTEX_POINT('',#15195);
#15195 = CARTESIAN_POINT('',(0.991192795358,0.2,0.232635182233));
#15196 = CIRCLE('',#15197,0.1);
#15197 = AXIS2_PLACEMENT_3D('',#15198,#15199,#15200);
#15198 = CARTESIAN_POINT('',(1.089673570659,0.2,0.25));
#15199 = DIRECTION('',(-1.110223024625E-16,1.,0.));
#15200 = DIRECTION('',(2.22044604925E-15,2.465190328815E-31,-1.));
#15201 = ORIENTED_EDGE('',*,*,#15202,.T.);
#15202 = EDGE_CURVE('',#15194,#15203,#15205,.T.);
#15203 = VERTEX_POINT('',#15204);
#15204 = CARTESIAN_POINT('',(0.946201938253,0.2,0.518412044417));
#15205 = LINE('',#15206,#15207);
#15206 = CARTESIAN_POINT('',(0.991192795358,0.2,0.232635182233));
#15207 = VECTOR('',#15208,1.);
#15208 = DIRECTION('',(-0.155518033909,-1.726597019897E-17,
    0.987833053268));
#15209 = ORIENTED_EDGE('',*,*,#15210,.T.);
#15210 = EDGE_CURVE('',#15203,#14162,#15211,.T.);
#15211 = CIRCLE('',#15212,0.25);
#15212 = AXIS2_PLACEMENT_3D('',#15213,#15214,#15215);
#15213 = CARTESIAN_POINT('',(0.7,0.2,0.475));
#15214 = DIRECTION('',(1.110223024625E-16,-1.,0.));
#15215 = DIRECTION('',(0.984807753012,1.093356242223E-16,0.173648177667)
  );
#15216 = PLANE('',#15217);
#15217 = AXIS2_PLACEMENT_3D('',#15218,#15219,#15220);
#15218 = CARTESIAN_POINT('',(0.931323080229,0.2,0.33452717391));
#15219 = DIRECTION('',(1.110223024625E-16,-1.,0.));
#15220 = DIRECTION('',(0.,0.,1.));
#15221 = ADVANCED_FACE('',(#15222),#15240,.F.);
#15222 = FACE_BOUND('',#15223,.F.);
#15223 = EDGE_LOOP('',(#15224,#15225,#15233,#15239));
#15224 = ORIENTED_EDGE('',*,*,#14426,.T.);
#15225 = ORIENTED_EDGE('',*,*,#15226,.T.);
#15226 = EDGE_CURVE('',#14418,#15227,#15229,.T.);
#15227 = VERTEX_POINT('',#15228);
#15228 = CARTESIAN_POINT('',(0.843471632406,-0.2,0.206587955583));
#15229 = LINE('',#15230,#15231);
#15230 = CARTESIAN_POINT('',(0.798480775301,-0.2,0.492364817767));
#15231 = VECTOR('',#15232,1.);
#15232 = DIRECTION('',(0.155518033909,1.726597019897E-17,-0.987833053268
    ));
#15233 = ORIENTED_EDGE('',*,*,#15234,.F.);
#15234 = EDGE_CURVE('',#15153,#15227,#15235,.T.);
#15235 = LINE('',#15236,#15237);
#15236 = CARTESIAN_POINT('',(0.843471632406,0.2,0.206587955583));
#15237 = VECTOR('',#15238,1.);
#15238 = DIRECTION('',(1.110223024625E-16,-1.,0.));
#15239 = ORIENTED_EDGE('',*,*,#15152,.F.);
#15240 = PLANE('',#15241);
#15241 = AXIS2_PLACEMENT_3D('',#15242,#15243,#15244);
#15242 = CARTESIAN_POINT('',(0.798480775301,0.2,0.492364817767));
#15243 = DIRECTION('',(0.987833053268,1.096715000224E-16,0.155518033909)
  );
#15244 = DIRECTION('',(0.155518033909,1.726597019897E-17,-0.987833053268
    ));
#15245 = ADVANCED_FACE('',(#15246),#15308,.T.);
#15246 = FACE_BOUND('',#15247,.T.);
#15247 = EDGE_LOOP('',(#15248,#15249,#15250,#15251,#15260,#15268,#15276,
    #15284,#15293,#15301));
#15248 = ORIENTED_EDGE('',*,*,#14449,.F.);
#15249 = ORIENTED_EDGE('',*,*,#14417,.T.);
#15250 = ORIENTED_EDGE('',*,*,#15226,.T.);
#15251 = ORIENTED_EDGE('',*,*,#15252,.T.);
#15252 = EDGE_CURVE('',#15227,#15253,#15255,.T.);
#15253 = VERTEX_POINT('',#15254);
#15254 = CARTESIAN_POINT('',(1.089673570659,-0.2,5.551115123126E-17));
#15255 = CIRCLE('',#15256,0.25);
#15256 = AXIS2_PLACEMENT_3D('',#15257,#15258,#15259);
#15257 = CARTESIAN_POINT('',(1.089673570659,-0.2,0.25));
#15258 = DIRECTION('',(1.110223024625E-16,-1.,0.));
#15259 = DIRECTION('',(-0.984807753012,-1.093356242223E-16,
    -0.173648177667));
#15260 = ORIENTED_EDGE('',*,*,#15261,.T.);
#15261 = EDGE_CURVE('',#15253,#15262,#15264,.T.);
#15262 = VERTEX_POINT('',#15263);
#15263 = CARTESIAN_POINT('',(1.25,-0.2,5.551115123126E-17));
#15264 = LINE('',#15265,#15266);
#15265 = CARTESIAN_POINT('',(1.089673570659,-0.2,5.551115123126E-17));
#15266 = VECTOR('',#15267,1.);
#15267 = DIRECTION('',(1.,1.110223024625E-16,0.));
#15268 = ORIENTED_EDGE('',*,*,#15269,.T.);
#15269 = EDGE_CURVE('',#15262,#15270,#15272,.T.);
#15270 = VERTEX_POINT('',#15271);
#15271 = CARTESIAN_POINT('',(1.25,-0.2,0.15));
#15272 = LINE('',#15273,#15274);
#15273 = CARTESIAN_POINT('',(1.25,-0.2,5.551115123126E-17));
#15274 = VECTOR('',#15275,1.);
#15275 = DIRECTION('',(0.,0.,1.));
#15276 = ORIENTED_EDGE('',*,*,#15277,.T.);
#15277 = EDGE_CURVE('',#15270,#15278,#15280,.T.);
#15278 = VERTEX_POINT('',#15279);
#15279 = CARTESIAN_POINT('',(1.089673570659,-0.2,0.15));
#15280 = LINE('',#15281,#15282);
#15281 = CARTESIAN_POINT('',(1.25,-0.2,0.15));
#15282 = VECTOR('',#15283,1.);
#15283 = DIRECTION('',(-1.,-1.110223024625E-16,0.));
#15284 = ORIENTED_EDGE('',*,*,#15285,.T.);
#15285 = EDGE_CURVE('',#15278,#15286,#15288,.T.);
#15286 = VERTEX_POINT('',#15287);
#15287 = CARTESIAN_POINT('',(0.991192795358,-0.2,0.232635182233));
#15288 = CIRCLE('',#15289,0.1);
#15289 = AXIS2_PLACEMENT_3D('',#15290,#15291,#15292);
#15290 = CARTESIAN_POINT('',(1.089673570659,-0.2,0.25));
#15291 = DIRECTION('',(-1.110223024625E-16,1.,0.));
#15292 = DIRECTION('',(2.22044604925E-15,2.465190328815E-31,-1.));
#15293 = ORIENTED_EDGE('',*,*,#15294,.T.);
#15294 = EDGE_CURVE('',#15286,#15295,#15297,.T.);
#15295 = VERTEX_POINT('',#15296);
#15296 = CARTESIAN_POINT('',(0.946201938253,-0.2,0.518412044417));
#15297 = LINE('',#15298,#15299);
#15298 = CARTESIAN_POINT('',(0.991192795358,-0.2,0.232635182233));
#15299 = VECTOR('',#15300,1.);
#15300 = DIRECTION('',(-0.155518033909,-1.726597019897E-17,
    0.987833053268));
#15301 = ORIENTED_EDGE('',*,*,#15302,.T.);
#15302 = EDGE_CURVE('',#15295,#14450,#15303,.T.);
#15303 = CIRCLE('',#15304,0.25);
#15304 = AXIS2_PLACEMENT_3D('',#15305,#15306,#15307);
#15305 = CARTESIAN_POINT('',(0.7,-0.2,0.475));
#15306 = DIRECTION('',(1.110223024625E-16,-1.,0.));
#15307 = DIRECTION('',(0.984807753012,1.093356242223E-16,0.173648177667)
  );
#15308 = PLANE('',#15309);
#15309 = AXIS2_PLACEMENT_3D('',#15310,#15311,#15312);
#15310 = CARTESIAN_POINT('',(0.931323080229,-0.2,0.33452717391));
#15311 = DIRECTION('',(1.110223024625E-16,-1.,0.));
#15312 = DIRECTION('',(0.,0.,1.));
#15313 = ADVANCED_FACE('',(#15314),#15325,.T.);
#15314 = FACE_BOUND('',#15315,.T.);
#15315 = EDGE_LOOP('',(#15316,#15317,#15318,#15319));
#15316 = ORIENTED_EDGE('',*,*,#15043,.T.);
#15317 = ORIENTED_EDGE('',*,*,#14550,.T.);
#15318 = ORIENTED_EDGE('',*,*,#15135,.F.);
#15319 = ORIENTED_EDGE('',*,*,#15320,.F.);
#15320 = EDGE_CURVE('',#15036,#15128,#15321,.T.);
#15321 = LINE('',#15322,#15323);
#15322 = CARTESIAN_POINT('',(-0.946201938253,0.75,0.518412044417));
#15323 = VECTOR('',#15324,1.);
#15324 = DIRECTION('',(1.144237745222E-17,1.,0.));
#15325 = CYLINDRICAL_SURFACE('',#15326,0.25);
#15326 = AXIS2_PLACEMENT_3D('',#15327,#15328,#15329);
#15327 = CARTESIAN_POINT('',(-0.7,0.75,0.475));
#15328 = DIRECTION('',(-1.144237745222E-17,-1.,0.));
#15329 = DIRECTION('',(-0.984807753012,1.126854202784E-17,0.173648177667
    ));
#15330 = ADVANCED_FACE('',(#15331),#15342,.F.);
#15331 = FACE_BOUND('',#15332,.F.);
#15332 = EDGE_LOOP('',(#15333,#15334,#15340,#15341));
#15333 = ORIENTED_EDGE('',*,*,#14761,.F.);
#15334 = ORIENTED_EDGE('',*,*,#15335,.T.);
#15335 = EDGE_CURVE('',#14264,#14319,#15336,.T.);
#15336 = LINE('',#15337,#15338);
#15337 = CARTESIAN_POINT('',(-0.7,-1.15,0.725));
#15338 = VECTOR('',#15339,1.);
#15339 = DIRECTION('',(1.144237745222E-17,1.,0.));
#15340 = ORIENTED_EDGE('',*,*,#14969,.T.);
#15341 = ORIENTED_EDGE('',*,*,#14581,.F.);
#15342 = PLANE('',#15343);
#15343 = AXIS2_PLACEMENT_3D('',#15344,#15345,#15346);
#15344 = CARTESIAN_POINT('',(-0.7,-1.15,0.725));
#15345 = DIRECTION('',(0.,0.,-1.));
#15346 = DIRECTION('',(1.,-1.144237745222E-17,0.));
#15347 = ADVANCED_FACE('',(#15348,#15377),#15388,.T.);
#15348 = FACE_BOUND('',#15349,.T.);
#15349 = EDGE_LOOP('',(#15350,#15351,#15352,#15353,#15361,#15369,#15375,
    #15376));
#15350 = ORIENTED_EDGE('',*,*,#14656,.F.);
#15351 = ORIENTED_EDGE('',*,*,#14633,.F.);
#15352 = ORIENTED_EDGE('',*,*,#14604,.F.);
#15353 = ORIENTED_EDGE('',*,*,#15354,.F.);
#15354 = EDGE_CURVE('',#15355,#14605,#15357,.T.);
#15355 = VERTEX_POINT('',#15356);
#15356 = CARTESIAN_POINT('',(-0.559121551758,-1.408243103516,1.2));
#15357 = LINE('',#15358,#15359);
#15358 = CARTESIAN_POINT('',(-0.559121551758,-1.408243103516,1.2));
#15359 = VECTOR('',#15360,1.);
#15360 = DIRECTION('',(-0.707106781187,0.707106781187,0.));
#15361 = ORIENTED_EDGE('',*,*,#15362,.F.);
#15362 = EDGE_CURVE('',#15363,#15355,#15365,.T.);
#15363 = VERTEX_POINT('',#15364);
#15364 = CARTESIAN_POINT('',(0.559121551758,-1.408243103516,1.2));
#15365 = LINE('',#15366,#15367);
#15366 = CARTESIAN_POINT('',(0.559121551758,-1.408243103516,1.2));
#15367 = VECTOR('',#15368,1.);
#15368 = DIRECTION('',(-1.,-1.110223024625E-16,0.));
#15369 = ORIENTED_EDGE('',*,*,#15370,.F.);
#15370 = EDGE_CURVE('',#14712,#15363,#15371,.T.);
#15371 = LINE('',#15372,#15373);
#15372 = CARTESIAN_POINT('',(0.608243103516,-1.359121551758,1.2));
#15373 = VECTOR('',#15374,1.);
#15374 = DIRECTION('',(-0.707106781187,-0.707106781187,0.));
#15375 = ORIENTED_EDGE('',*,*,#14718,.F.);
#15376 = ORIENTED_EDGE('',*,*,#14679,.F.);
#15377 = FACE_BOUND('',#15378,.T.);
#15378 = EDGE_LOOP('',(#15379));
#15379 = ORIENTED_EDGE('',*,*,#15380,.T.);
#15380 = EDGE_CURVE('',#15381,#15381,#15383,.T.);
#15381 = VERTEX_POINT('',#15382);
#15382 = CARTESIAN_POINT('',(-0.428243103516,1.178243103516,1.2));
#15383 = CIRCLE('',#15384,5.E-02);
#15384 = AXIS2_PLACEMENT_3D('',#15385,#15386,#15387);
#15385 = CARTESIAN_POINT('',(-0.428243103516,1.228243103516,1.2));
#15386 = DIRECTION('',(0.,-0.,-1.));
#15387 = DIRECTION('',(1.110223024625E-16,-1.,0.));
#15388 = PLANE('',#15389);
#15389 = AXIS2_PLACEMENT_3D('',#15390,#15391,#15392);
#15390 = CARTESIAN_POINT('',(-0.559121551758,1.408243103516,1.2));
#15391 = DIRECTION('',(0.,0.,1.));
#15392 = DIRECTION('',(0.369013679242,-0.929423963825,0.));
#15393 = ADVANCED_FACE('',(#15394),#15404,.F.);
#15394 = FACE_BOUND('',#15395,.F.);
#15395 = EDGE_LOOP('',(#15396,#15397,#15398,#15399));
#15396 = ORIENTED_EDGE('',*,*,#14768,.T.);
#15397 = ORIENTED_EDGE('',*,*,#14612,.T.);
#15398 = ORIENTED_EDGE('',*,*,#15354,.F.);
#15399 = ORIENTED_EDGE('',*,*,#15400,.F.);
#15400 = EDGE_CURVE('',#14769,#15355,#15401,.T.);
#15401 = B_SPLINE_CURVE_WITH_KNOTS('',1,(#15402,#15403),.UNSPECIFIED.,
  .F.,.F.,(2,2),(0.,1.),.PIECEWISE_BEZIER_KNOTS.);
#15402 = CARTESIAN_POINT('',(-0.5925,-1.475,0.725));
#15403 = CARTESIAN_POINT('',(-0.559121551758,-1.408243103516,1.2));
#15404 = B_SPLINE_SURFACE_WITH_KNOTS('',1,1,(
    (#15405,#15406)
    ,(#15407,#15408
    )),.UNSPECIFIED.,.F.,.F.,.F.,(2,2),(2,2),(0.,0.116672618896),(0.,1.)
  ,.PIECEWISE_BEZIER_KNOTS.);
#15405 = CARTESIAN_POINT('',(-0.5925,-1.475,0.725));
#15406 = CARTESIAN_POINT('',(-0.559121551758,-1.408243103516,1.2));
#15407 = CARTESIAN_POINT('',(-0.675,-1.3925,0.725));
#15408 = CARTESIAN_POINT('',(-0.608243103516,-1.359121551758,1.2));
#15409 = ADVANCED_FACE('',(#15410),#15420,.F.);
#15410 = FACE_BOUND('',#15411,.F.);
#15411 = EDGE_LOOP('',(#15412,#15413,#15418,#15419));
#15412 = ORIENTED_EDGE('',*,*,#14784,.T.);
#15413 = ORIENTED_EDGE('',*,*,#15414,.T.);
#15414 = EDGE_CURVE('',#14777,#15363,#15415,.T.);
#15415 = B_SPLINE_CURVE_WITH_KNOTS('',1,(#15416,#15417),.UNSPECIFIED.,
  .F.,.F.,(2,2),(0.,1.),.PIECEWISE_BEZIER_KNOTS.);
#15416 = CARTESIAN_POINT('',(0.5925,-1.475,0.725));
#15417 = CARTESIAN_POINT('',(0.559121551758,-1.408243103516,1.2));
#15418 = ORIENTED_EDGE('',*,*,#15370,.F.);
#15419 = ORIENTED_EDGE('',*,*,#14711,.F.);
#15420 = B_SPLINE_SURFACE_WITH_KNOTS('',1,1,(
    (#15421,#15422)
    ,(#15423,#15424
    )),.UNSPECIFIED.,.F.,.F.,.F.,(2,2),(2,2),(0.,0.116672618896),(0.,1.)
  ,.PIECEWISE_BEZIER_KNOTS.);
#15421 = CARTESIAN_POINT('',(0.675,-1.3925,0.725));
#15422 = CARTESIAN_POINT('',(0.608243103516,-1.359121551758,1.2));
#15423 = CARTESIAN_POINT('',(0.5925,-1.475,0.725));
#15424 = CARTESIAN_POINT('',(0.559121551758,-1.408243103516,1.2));
#15425 = ADVANCED_FACE('',(#15426),#15437,.T.);
#15426 = FACE_BOUND('',#15427,.T.);
#15427 = EDGE_LOOP('',(#15428,#15429,#15430,#15431));
#15428 = ORIENTED_EDGE('',*,*,#15210,.T.);
#15429 = ORIENTED_EDGE('',*,*,#14734,.T.);
#15430 = ORIENTED_EDGE('',*,*,#15302,.F.);
#15431 = ORIENTED_EDGE('',*,*,#15432,.F.);
#15432 = EDGE_CURVE('',#15203,#15295,#15433,.T.);
#15433 = LINE('',#15434,#15435);
#15434 = CARTESIAN_POINT('',(0.946201938253,0.2,0.518412044417));
#15435 = VECTOR('',#15436,1.);
#15436 = DIRECTION('',(1.110223024625E-16,-1.,0.));
#15437 = CYLINDRICAL_SURFACE('',#15438,0.25);
#15438 = AXIS2_PLACEMENT_3D('',#15439,#15440,#15441);
#15439 = CARTESIAN_POINT('',(0.7,0.2,0.475));
#15440 = DIRECTION('',(-1.110223024625E-16,1.,0.));
#15441 = DIRECTION('',(0.984807753012,1.093356242223E-16,0.173648177667)
  );
#15442 = ADVANCED_FACE('',(#15443),#15449,.F.);
#15443 = FACE_BOUND('',#15444,.F.);
#15444 = EDGE_LOOP('',(#15445,#15446,#15447,#15448));
#15445 = ORIENTED_EDGE('',*,*,#14776,.T.);
#15446 = ORIENTED_EDGE('',*,*,#15400,.T.);
#15447 = ORIENTED_EDGE('',*,*,#15362,.F.);
#15448 = ORIENTED_EDGE('',*,*,#15414,.F.);
#15449 = B_SPLINE_SURFACE_WITH_KNOTS('',1,1,(
    (#15450,#15451)
    ,(#15452,#15453
    )),.UNSPECIFIED.,.F.,.F.,.F.,(2,2),(2,2),(0.,1.185),(0.,1.),
  .PIECEWISE_BEZIER_KNOTS.);
#15450 = CARTESIAN_POINT('',(0.5925,-1.475,0.725));
#15451 = CARTESIAN_POINT('',(0.559121551758,-1.408243103516,1.2));
#15452 = CARTESIAN_POINT('',(-0.5925,-1.475,0.725));
#15453 = CARTESIAN_POINT('',(-0.559121551758,-1.408243103516,1.2));
#15454 = ADVANCED_FACE('',(#15455),#15466,.T.);
#15455 = FACE_BOUND('',#15456,.T.);
#15456 = EDGE_LOOP('',(#15457,#15458,#15459,#15460));
#15457 = ORIENTED_EDGE('',*,*,#14859,.T.);
#15458 = ORIENTED_EDGE('',*,*,#15335,.T.);
#15459 = ORIENTED_EDGE('',*,*,#14951,.F.);
#15460 = ORIENTED_EDGE('',*,*,#15461,.F.);
#15461 = EDGE_CURVE('',#14852,#14944,#15462,.T.);
#15462 = LINE('',#15463,#15464);
#15463 = CARTESIAN_POINT('',(-0.946201938253,-1.15,0.518412044417));
#15464 = VECTOR('',#15465,1.);
#15465 = DIRECTION('',(1.144237745222E-17,1.,0.));
#15466 = CYLINDRICAL_SURFACE('',#15467,0.25);
#15467 = AXIS2_PLACEMENT_3D('',#15468,#15469,#15470);
#15468 = CARTESIAN_POINT('',(-0.7,-1.15,0.475));
#15469 = DIRECTION('',(-1.144237745222E-17,-1.,0.));
#15470 = DIRECTION('',(-0.984807753012,1.126854202784E-17,0.173648177667
    ));
#15471 = ADVANCED_FACE('',(#15472),#15483,.F.);
#15472 = FACE_BOUND('',#15473,.F.);
#15473 = EDGE_LOOP('',(#15474,#15480,#15481,#15482));
#15474 = ORIENTED_EDGE('',*,*,#15475,.T.);
#15475 = EDGE_CURVE('',#14843,#14935,#15476,.T.);
#15476 = LINE('',#15477,#15478);
#15477 = CARTESIAN_POINT('',(-0.991192795358,-1.15,0.232635182233));
#15478 = VECTOR('',#15479,1.);
#15479 = DIRECTION('',(1.144237745222E-17,1.,0.));
#15480 = ORIENTED_EDGE('',*,*,#14943,.T.);
#15481 = ORIENTED_EDGE('',*,*,#15461,.F.);
#15482 = ORIENTED_EDGE('',*,*,#14851,.F.);
#15483 = PLANE('',#15484);
#15484 = AXIS2_PLACEMENT_3D('',#15485,#15486,#15487);
#15485 = CARTESIAN_POINT('',(-0.991192795358,-1.15,0.232635182233));
#15486 = DIRECTION('',(0.987833053268,-1.130315865527E-17,
    -0.155518033909));
#15487 = DIRECTION('',(0.155518033909,-1.779496044609E-18,0.987833053268
    ));
#15488 = ADVANCED_FACE('',(#15489),#15500,.F.);
#15489 = FACE_BOUND('',#15490,.F.);
#15490 = EDGE_LOOP('',(#15491,#15497,#15498,#15499));
#15491 = ORIENTED_EDGE('',*,*,#15492,.T.);
#15492 = EDGE_CURVE('',#14835,#14927,#15493,.T.);
#15493 = LINE('',#15494,#15495);
#15494 = CARTESIAN_POINT('',(-1.089673570659,-1.15,0.15));
#15495 = VECTOR('',#15496,1.);
#15496 = DIRECTION('',(1.144237745222E-17,1.,0.));
#15497 = ORIENTED_EDGE('',*,*,#14934,.T.);
#15498 = ORIENTED_EDGE('',*,*,#15475,.F.);
#15499 = ORIENTED_EDGE('',*,*,#14842,.F.);
#15500 = CYLINDRICAL_SURFACE('',#15501,0.1);
#15501 = AXIS2_PLACEMENT_3D('',#15502,#15503,#15504);
#15502 = CARTESIAN_POINT('',(-1.089673570659,-1.15,0.25));
#15503 = DIRECTION('',(-1.144237745222E-17,-1.,0.));
#15504 = DIRECTION('',(-2.22044604925E-15,2.540718180781E-32,-1.));
#15505 = ADVANCED_FACE('',(#15506),#15517,.F.);
#15506 = FACE_BOUND('',#15507,.F.);
#15507 = EDGE_LOOP('',(#15508,#15514,#15515,#15516));
#15508 = ORIENTED_EDGE('',*,*,#15509,.T.);
#15509 = EDGE_CURVE('',#14827,#14919,#15510,.T.);
#15510 = LINE('',#15511,#15512);
#15511 = CARTESIAN_POINT('',(-1.25,-1.15,0.15));
#15512 = VECTOR('',#15513,1.);
#15513 = DIRECTION('',(1.144237745222E-17,1.,0.));
#15514 = ORIENTED_EDGE('',*,*,#14926,.T.);
#15515 = ORIENTED_EDGE('',*,*,#15492,.F.);
#15516 = ORIENTED_EDGE('',*,*,#14834,.F.);
#15517 = PLANE('',#15518);
#15518 = AXIS2_PLACEMENT_3D('',#15519,#15520,#15521);
#15519 = CARTESIAN_POINT('',(-1.25,-1.15,0.15));
#15520 = DIRECTION('',(0.,0.,-1.));
#15521 = DIRECTION('',(1.,-1.144237745222E-17,0.));
#15522 = ADVANCED_FACE('',(#15523),#15534,.F.);
#15523 = FACE_BOUND('',#15524,.F.);
#15524 = EDGE_LOOP('',(#15525,#15531,#15532,#15533));
#15525 = ORIENTED_EDGE('',*,*,#15526,.T.);
#15526 = EDGE_CURVE('',#14819,#14911,#15527,.T.);
#15527 = LINE('',#15528,#15529);
#15528 = CARTESIAN_POINT('',(-1.25,-1.15,5.551115123126E-17));
#15529 = VECTOR('',#15530,1.);
#15530 = DIRECTION('',(1.144237745222E-17,1.,0.));
#15531 = ORIENTED_EDGE('',*,*,#14918,.T.);
#15532 = ORIENTED_EDGE('',*,*,#15509,.F.);
#15533 = ORIENTED_EDGE('',*,*,#14826,.F.);
#15534 = PLANE('',#15535);
#15535 = AXIS2_PLACEMENT_3D('',#15536,#15537,#15538);
#15536 = CARTESIAN_POINT('',(-1.25,-1.15,5.551115123126E-17));
#15537 = DIRECTION('',(1.,-1.144237745222E-17,0.));
#15538 = DIRECTION('',(0.,0.,1.));
#15539 = ADVANCED_FACE('',(#15540),#15551,.F.);
#15540 = FACE_BOUND('',#15541,.F.);
#15541 = EDGE_LOOP('',(#15542,#15548,#15549,#15550));
#15542 = ORIENTED_EDGE('',*,*,#15543,.T.);
#15543 = EDGE_CURVE('',#14810,#14902,#15544,.T.);
#15544 = LINE('',#15545,#15546);
#15545 = CARTESIAN_POINT('',(-1.089673570659,-1.15,5.551115123126E-17));
#15546 = VECTOR('',#15547,1.);
#15547 = DIRECTION('',(1.144237745222E-17,1.,0.));
#15548 = ORIENTED_EDGE('',*,*,#14910,.T.);
#15549 = ORIENTED_EDGE('',*,*,#15526,.F.);
#15550 = ORIENTED_EDGE('',*,*,#14818,.F.);
#15551 = PLANE('',#15552);
#15552 = AXIS2_PLACEMENT_3D('',#15553,#15554,#15555);
#15553 = CARTESIAN_POINT('',(-1.089673570659,-1.15,5.551115123126E-17));
#15554 = DIRECTION('',(0.,0.,1.));
#15555 = DIRECTION('',(-1.,1.144237745222E-17,0.));
#15556 = ADVANCED_FACE('',(#15557),#15563,.T.);
#15557 = FACE_BOUND('',#15558,.T.);
#15558 = EDGE_LOOP('',(#15559,#15560,#15561,#15562));
#15559 = ORIENTED_EDGE('',*,*,#14809,.T.);
#15560 = ORIENTED_EDGE('',*,*,#15543,.T.);
#15561 = ORIENTED_EDGE('',*,*,#14901,.F.);
#15562 = ORIENTED_EDGE('',*,*,#14883,.F.);
#15563 = CYLINDRICAL_SURFACE('',#15564,0.25);
#15564 = AXIS2_PLACEMENT_3D('',#15565,#15566,#15567);
#15565 = CARTESIAN_POINT('',(-1.089673570659,-1.15,0.25));
#15566 = DIRECTION('',(-1.144237745222E-17,-1.,0.));
#15567 = DIRECTION('',(0.984807753012,-1.126854202784E-17,
    -0.173648177667));
#15568 = ADVANCED_FACE('',(#15569),#15580,.F.);
#15569 = FACE_BOUND('',#15570,.F.);
#15570 = EDGE_LOOP('',(#15571,#15577,#15578,#15579));
#15571 = ORIENTED_EDGE('',*,*,#15572,.T.);
#15572 = EDGE_CURVE('',#15027,#15119,#15573,.T.);
#15573 = LINE('',#15574,#15575);
#15574 = CARTESIAN_POINT('',(-0.991192795358,0.75,0.232635182233));
#15575 = VECTOR('',#15576,1.);
#15576 = DIRECTION('',(1.144237745222E-17,1.,0.));
#15577 = ORIENTED_EDGE('',*,*,#15127,.T.);
#15578 = ORIENTED_EDGE('',*,*,#15320,.F.);
#15579 = ORIENTED_EDGE('',*,*,#15035,.F.);
#15580 = PLANE('',#15581);
#15581 = AXIS2_PLACEMENT_3D('',#15582,#15583,#15584);
#15582 = CARTESIAN_POINT('',(-0.991192795358,0.75,0.232635182233));
#15583 = DIRECTION('',(0.987833053268,-1.130315865527E-17,
    -0.155518033909));
#15584 = DIRECTION('',(0.155518033909,-1.779496044609E-18,0.987833053268
    ));
#15585 = ADVANCED_FACE('',(#15586),#15597,.F.);
#15586 = FACE_BOUND('',#15587,.F.);
#15587 = EDGE_LOOP('',(#15588,#15594,#15595,#15596));
#15588 = ORIENTED_EDGE('',*,*,#15589,.T.);
#15589 = EDGE_CURVE('',#15019,#15111,#15590,.T.);
#15590 = LINE('',#15591,#15592);
#15591 = CARTESIAN_POINT('',(-1.089673570659,0.75,0.15));
#15592 = VECTOR('',#15593,1.);
#15593 = DIRECTION('',(1.144237745222E-17,1.,0.));
#15594 = ORIENTED_EDGE('',*,*,#15118,.T.);
#15595 = ORIENTED_EDGE('',*,*,#15572,.F.);
#15596 = ORIENTED_EDGE('',*,*,#15026,.F.);
#15597 = CYLINDRICAL_SURFACE('',#15598,0.1);
#15598 = AXIS2_PLACEMENT_3D('',#15599,#15600,#15601);
#15599 = CARTESIAN_POINT('',(-1.089673570659,0.75,0.25));
#15600 = DIRECTION('',(-1.144237745222E-17,-1.,0.));
#15601 = DIRECTION('',(-2.22044604925E-15,2.540718180781E-32,-1.));
#15602 = ADVANCED_FACE('',(#15603),#15614,.F.);
#15603 = FACE_BOUND('',#15604,.F.);
#15604 = EDGE_LOOP('',(#15605,#15611,#15612,#15613));
#15605 = ORIENTED_EDGE('',*,*,#15606,.T.);
#15606 = EDGE_CURVE('',#15011,#15103,#15607,.T.);
#15607 = LINE('',#15608,#15609);
#15608 = CARTESIAN_POINT('',(-1.25,0.75,0.15));
#15609 = VECTOR('',#15610,1.);
#15610 = DIRECTION('',(1.144237745222E-17,1.,0.));
#15611 = ORIENTED_EDGE('',*,*,#15110,.T.);
#15612 = ORIENTED_EDGE('',*,*,#15589,.F.);
#15613 = ORIENTED_EDGE('',*,*,#15018,.F.);
#15614 = PLANE('',#15615);
#15615 = AXIS2_PLACEMENT_3D('',#15616,#15617,#15618);
#15616 = CARTESIAN_POINT('',(-1.25,0.75,0.15));
#15617 = DIRECTION('',(0.,0.,-1.));
#15618 = DIRECTION('',(1.,-1.144237745222E-17,0.));
#15619 = ADVANCED_FACE('',(#15620),#15631,.F.);
#15620 = FACE_BOUND('',#15621,.F.);
#15621 = EDGE_LOOP('',(#15622,#15628,#15629,#15630));
#15622 = ORIENTED_EDGE('',*,*,#15623,.T.);
#15623 = EDGE_CURVE('',#15003,#15095,#15624,.T.);
#15624 = LINE('',#15625,#15626);
#15625 = CARTESIAN_POINT('',(-1.25,0.75,5.551115123126E-17));
#15626 = VECTOR('',#15627,1.);
#15627 = DIRECTION('',(1.144237745222E-17,1.,0.));
#15628 = ORIENTED_EDGE('',*,*,#15102,.T.);
#15629 = ORIENTED_EDGE('',*,*,#15606,.F.);
#15630 = ORIENTED_EDGE('',*,*,#15010,.F.);
#15631 = PLANE('',#15632);
#15632 = AXIS2_PLACEMENT_3D('',#15633,#15634,#15635);
#15633 = CARTESIAN_POINT('',(-1.25,0.75,5.551115123126E-17));
#15634 = DIRECTION('',(1.,-1.144237745222E-17,0.));
#15635 = DIRECTION('',(0.,0.,1.));
#15636 = ADVANCED_FACE('',(#15637),#15648,.F.);
#15637 = FACE_BOUND('',#15638,.F.);
#15638 = EDGE_LOOP('',(#15639,#15645,#15646,#15647));
#15639 = ORIENTED_EDGE('',*,*,#15640,.T.);
#15640 = EDGE_CURVE('',#14994,#15086,#15641,.T.);
#15641 = LINE('',#15642,#15643);
#15642 = CARTESIAN_POINT('',(-1.089673570659,0.75,5.551115123126E-17));
#15643 = VECTOR('',#15644,1.);
#15644 = DIRECTION('',(1.144237745222E-17,1.,0.));
#15645 = ORIENTED_EDGE('',*,*,#15094,.T.);
#15646 = ORIENTED_EDGE('',*,*,#15623,.F.);
#15647 = ORIENTED_EDGE('',*,*,#15002,.F.);
#15648 = PLANE('',#15649);
#15649 = AXIS2_PLACEMENT_3D('',#15650,#15651,#15652);
#15650 = CARTESIAN_POINT('',(-1.089673570659,0.75,5.551115123126E-17));
#15651 = DIRECTION('',(0.,0.,1.));
#15652 = DIRECTION('',(-1.,1.144237745222E-17,0.));
#15653 = ADVANCED_FACE('',(#15654),#15660,.T.);
#15654 = FACE_BOUND('',#15655,.T.);
#15655 = EDGE_LOOP('',(#15656,#15657,#15658,#15659));
#15656 = ORIENTED_EDGE('',*,*,#14993,.T.);
#15657 = ORIENTED_EDGE('',*,*,#15640,.T.);
#15658 = ORIENTED_EDGE('',*,*,#15085,.F.);
#15659 = ORIENTED_EDGE('',*,*,#15067,.F.);
#15660 = CYLINDRICAL_SURFACE('',#15661,0.25);
#15661 = AXIS2_PLACEMENT_3D('',#15662,#15663,#15664);
#15662 = CARTESIAN_POINT('',(-1.089673570659,0.75,0.25));
#15663 = DIRECTION('',(-1.144237745222E-17,-1.,0.));
#15664 = DIRECTION('',(0.984807753012,-1.126854202784E-17,
    -0.173648177667));
#15665 = ADVANCED_FACE('',(#15666),#15677,.F.);
#15666 = FACE_BOUND('',#15667,.F.);
#15667 = EDGE_LOOP('',(#15668,#15674,#15675,#15676));
#15668 = ORIENTED_EDGE('',*,*,#15669,.T.);
#15669 = EDGE_CURVE('',#15194,#15286,#15670,.T.);
#15670 = LINE('',#15671,#15672);
#15671 = CARTESIAN_POINT('',(0.991192795358,0.2,0.232635182233));
#15672 = VECTOR('',#15673,1.);
#15673 = DIRECTION('',(1.110223024625E-16,-1.,0.));
#15674 = ORIENTED_EDGE('',*,*,#15294,.T.);
#15675 = ORIENTED_EDGE('',*,*,#15432,.F.);
#15676 = ORIENTED_EDGE('',*,*,#15202,.F.);
#15677 = PLANE('',#15678);
#15678 = AXIS2_PLACEMENT_3D('',#15679,#15680,#15681);
#15679 = CARTESIAN_POINT('',(0.991192795358,0.2,0.232635182233));
#15680 = DIRECTION('',(-0.987833053268,-1.096715000224E-16,
    -0.155518033909));
#15681 = DIRECTION('',(-0.155518033909,-1.726597019897E-17,
    0.987833053268));
#15682 = ADVANCED_FACE('',(#15683),#15694,.F.);
#15683 = FACE_BOUND('',#15684,.F.);
#15684 = EDGE_LOOP('',(#15685,#15691,#15692,#15693));
#15685 = ORIENTED_EDGE('',*,*,#15686,.T.);
#15686 = EDGE_CURVE('',#15186,#15278,#15687,.T.);
#15687 = LINE('',#15688,#15689);
#15688 = CARTESIAN_POINT('',(1.089673570659,0.2,0.15));
#15689 = VECTOR('',#15690,1.);
#15690 = DIRECTION('',(1.110223024625E-16,-1.,0.));
#15691 = ORIENTED_EDGE('',*,*,#15285,.T.);
#15692 = ORIENTED_EDGE('',*,*,#15669,.F.);
#15693 = ORIENTED_EDGE('',*,*,#15193,.F.);
#15694 = CYLINDRICAL_SURFACE('',#15695,0.1);
#15695 = AXIS2_PLACEMENT_3D('',#15696,#15697,#15698);
#15696 = CARTESIAN_POINT('',(1.089673570659,0.2,0.25));
#15697 = DIRECTION('',(-1.110223024625E-16,1.,0.));
#15698 = DIRECTION('',(2.22044604925E-15,2.465190328815E-31,-1.));
#15699 = ADVANCED_FACE('',(#15700),#15711,.F.);
#15700 = FACE_BOUND('',#15701,.F.);
#15701 = EDGE_LOOP('',(#15702,#15708,#15709,#15710));
#15702 = ORIENTED_EDGE('',*,*,#15703,.T.);
#15703 = EDGE_CURVE('',#15178,#15270,#15704,.T.);
#15704 = LINE('',#15705,#15706);
#15705 = CARTESIAN_POINT('',(1.25,0.2,0.15));
#15706 = VECTOR('',#15707,1.);
#15707 = DIRECTION('',(1.110223024625E-16,-1.,0.));
#15708 = ORIENTED_EDGE('',*,*,#15277,.T.);
#15709 = ORIENTED_EDGE('',*,*,#15686,.F.);
#15710 = ORIENTED_EDGE('',*,*,#15185,.F.);
#15711 = PLANE('',#15712);
#15712 = AXIS2_PLACEMENT_3D('',#15713,#15714,#15715);
#15713 = CARTESIAN_POINT('',(1.25,0.2,0.15));
#15714 = DIRECTION('',(0.,0.,-1.));
#15715 = DIRECTION('',(-1.,-1.110223024625E-16,-0.));
#15716 = ADVANCED_FACE('',(#15717),#15728,.F.);
#15717 = FACE_BOUND('',#15718,.F.);
#15718 = EDGE_LOOP('',(#15719,#15725,#15726,#15727));
#15719 = ORIENTED_EDGE('',*,*,#15720,.T.);
#15720 = EDGE_CURVE('',#15170,#15262,#15721,.T.);
#15721 = LINE('',#15722,#15723);
#15722 = CARTESIAN_POINT('',(1.25,0.2,5.551115123126E-17));
#15723 = VECTOR('',#15724,1.);
#15724 = DIRECTION('',(1.110223024625E-16,-1.,0.));
#15725 = ORIENTED_EDGE('',*,*,#15269,.T.);
#15726 = ORIENTED_EDGE('',*,*,#15703,.F.);
#15727 = ORIENTED_EDGE('',*,*,#15177,.F.);
#15728 = PLANE('',#15729);
#15729 = AXIS2_PLACEMENT_3D('',#15730,#15731,#15732);
#15730 = CARTESIAN_POINT('',(1.25,0.2,5.551115123126E-17));
#15731 = DIRECTION('',(-1.,-1.110223024625E-16,0.));
#15732 = DIRECTION('',(0.,0.,1.));
#15733 = ADVANCED_FACE('',(#15734),#15745,.F.);
#15734 = FACE_BOUND('',#15735,.F.);
#15735 = EDGE_LOOP('',(#15736,#15742,#15743,#15744));
#15736 = ORIENTED_EDGE('',*,*,#15737,.T.);
#15737 = EDGE_CURVE('',#15161,#15253,#15738,.T.);
#15738 = LINE('',#15739,#15740);
#15739 = CARTESIAN_POINT('',(1.089673570659,0.2,5.551115123126E-17));
#15740 = VECTOR('',#15741,1.);
#15741 = DIRECTION('',(1.110223024625E-16,-1.,0.));
#15742 = ORIENTED_EDGE('',*,*,#15261,.T.);
#15743 = ORIENTED_EDGE('',*,*,#15720,.F.);
#15744 = ORIENTED_EDGE('',*,*,#15169,.F.);
#15745 = PLANE('',#15746);
#15746 = AXIS2_PLACEMENT_3D('',#15747,#15748,#15749);
#15747 = CARTESIAN_POINT('',(1.089673570659,0.2,5.551115123126E-17));
#15748 = DIRECTION('',(0.,0.,1.));
#15749 = DIRECTION('',(1.,1.110223024625E-16,-0.));
#15750 = ADVANCED_FACE('',(#15751),#15757,.T.);
#15751 = FACE_BOUND('',#15752,.T.);
#15752 = EDGE_LOOP('',(#15753,#15754,#15755,#15756));
#15753 = ORIENTED_EDGE('',*,*,#15160,.T.);
#15754 = ORIENTED_EDGE('',*,*,#15737,.T.);
#15755 = ORIENTED_EDGE('',*,*,#15252,.F.);
#15756 = ORIENTED_EDGE('',*,*,#15234,.F.);
#15757 = CYLINDRICAL_SURFACE('',#15758,0.25);
#15758 = AXIS2_PLACEMENT_3D('',#15759,#15760,#15761);
#15759 = CARTESIAN_POINT('',(1.089673570659,0.2,0.25));
#15760 = DIRECTION('',(-1.110223024625E-16,1.,0.));
#15761 = DIRECTION('',(-0.984807753012,-1.093356242223E-16,
    -0.173648177667));
#15762 = ADVANCED_FACE('',(#15763),#15766,.F.);
#15763 = FACE_BOUND('',#15764,.T.);
#15764 = EDGE_LOOP('',(#15765));
#15765 = ORIENTED_EDGE('',*,*,#15380,.F.);
#15766 = PLANE('',#15767);
#15767 = AXIS2_PLACEMENT_3D('',#15768,#15769,#15770);
#15768 = CARTESIAN_POINT('',(-0.428243103516,1.228243103516,1.2));
#15769 = DIRECTION('',(0.,0.,-1.));
#15770 = DIRECTION('',(1.110223024625E-16,-1.,0.));
#15771 = ( GEOMETRIC_REPRESENTATION_CONTEXT(3) 
GLOBAL_UNCERTAINTY_ASSIGNED_CONTEXT((#15775)) 
GLOBAL_UNIT_ASSIGNED_CONTEXT((#15772,#15773,#15774)) 
REPRESENTATION_CONTEXT('Context #1',
  '3D Context with UNIT and UNCERTAINTY') );
#15772 = ( LENGTH_UNIT() NAMED_UNIT(*) SI_UNIT(.MILLI.,.METRE.) );
#15773 = ( NAMED_UNIT(*) PLANE_ANGLE_UNIT() SI_UNIT($,.RADIAN.) );
#15774 = ( NAMED_UNIT(*) SI_UNIT($,.STERADIAN.) SOLID_ANGLE_UNIT() );
#15775 = UNCERTAINTY_MEASURE_WITH_UNIT(LENGTH_MEASURE(1.E-07),#15772,
  'distance_accuracy_value','confusion accuracy');
#15776 = CONTEXT_DEPENDENT_SHAPE_REPRESENTATION(#15777,#15779);
#15777 = ( REPRESENTATION_RELATIONSHIP('','',#13788,#10) 
REPRESENTATION_RELATIONSHIP_WITH_TRANSFORMATION(#15778) 
SHAPE_REPRESENTATION_RELATIONSHIP() );
#15778 = ITEM_DEFINED_TRANSFORMATION('','',#11,#59);
#15779 = PRODUCT_DEFINITION_SHAPE('Placement','Placement of an item',
  #15780);
#15780 = NEXT_ASSEMBLY_USAGE_OCCURRENCE('14','Q2','',#5,#13783,$);
#15781 = PRODUCT_RELATED_PRODUCT_CATEGORY('part',$,(#13785));
#15782 = CONTEXT_DEPENDENT_SHAPE_REPRESENTATION(#15783,#15785);
#15783 = ( REPRESENTATION_RELATIONSHIP('','',#10846,#10) 
REPRESENTATION_RELATIONSHIP_WITH_TRANSFORMATION(#15784) 
SHAPE_REPRESENTATION_RELATIONSHIP() );
#15784 = ITEM_DEFINED_TRANSFORMATION('','',#11,#63);
#15785 = PRODUCT_DEFINITION_SHAPE('Placement','Placement of an item',
  #15786);
#15786 = NEXT_ASSEMBLY_USAGE_OCCURRENCE('15','U3','',#5,#10841,$);
#15787 = SHAPE_DEFINITION_REPRESENTATION(#15788,#15794);
#15788 = PRODUCT_DEFINITION_SHAPE('','',#15789);
#15789 = PRODUCT_DEFINITION('design','',#15790,#15793);
#15790 = PRODUCT_DEFINITION_FORMATION('','',#15791);
#15791 = PRODUCT('pcb-power_PCB','pcb-power_PCB','',(#15792));
#15792 = PRODUCT_CONTEXT('',#2,'mechanical');
#15793 = PRODUCT_DEFINITION_CONTEXT('part definition',#2,'design');
#15794 = ADVANCED_BREP_SHAPE_REPRESENTATION('',(#11,#15795),#17705);
#15795 = MANIFOLD_SOLID_BREP('',#15796);
#15796 = CLOSED_SHELL('',(#15797,#15837,#15868,#15901,#16389,#16877,
    #16894,#16911,#16928,#16945,#16962,#16979,#16996,#17013,#17030,
    #17047,#17064,#17081,#17098,#17115,#17132,#17149,#17166,#17183,
    #17200,#17217,#17229,#17246,#17263,#17280,#17297,#17314,#17331,
    #17348,#17365,#17382,#17399,#17416,#17433,#17450,#17467,#17484,
    #17501,#17518,#17535,#17552,#17569,#17586,#17603,#17620,#17637,
    #17654,#17671,#17688));
#15797 = ADVANCED_FACE('',(#15798),#15832,.T.);
#15798 = FACE_BOUND('',#15799,.T.);
#15799 = EDGE_LOOP('',(#15800,#15810,#15818,#15826));
#15800 = ORIENTED_EDGE('',*,*,#15801,.T.);
#15801 = EDGE_CURVE('',#15802,#15804,#15806,.T.);
#15802 = VERTEX_POINT('',#15803);
#15803 = CARTESIAN_POINT('',(131.2,-59.8,0.));
#15804 = VERTEX_POINT('',#15805);
#15805 = CARTESIAN_POINT('',(131.2,-59.8,1.51));
#15806 = LINE('',#15807,#15808);
#15807 = CARTESIAN_POINT('',(131.2,-59.8,0.));
#15808 = VECTOR('',#15809,1.);
#15809 = DIRECTION('',(0.,0.,1.));
#15810 = ORIENTED_EDGE('',*,*,#15811,.T.);
#15811 = EDGE_CURVE('',#15804,#15812,#15814,.T.);
#15812 = VERTEX_POINT('',#15813);
#15813 = CARTESIAN_POINT('',(138.115,-59.8,1.51));
#15814 = LINE('',#15815,#15816);
#15815 = CARTESIAN_POINT('',(131.2,-59.8,1.51));
#15816 = VECTOR('',#15817,1.);
#15817 = DIRECTION('',(1.,0.,0.));
#15818 = ORIENTED_EDGE('',*,*,#15819,.F.);
#15819 = EDGE_CURVE('',#15820,#15812,#15822,.T.);
#15820 = VERTEX_POINT('',#15821);
#15821 = CARTESIAN_POINT('',(138.115,-59.8,0.));
#15822 = LINE('',#15823,#15824);
#15823 = CARTESIAN_POINT('',(138.115,-59.8,0.));
#15824 = VECTOR('',#15825,1.);
#15825 = DIRECTION('',(0.,0.,1.));
#15826 = ORIENTED_EDGE('',*,*,#15827,.F.);
#15827 = EDGE_CURVE('',#15802,#15820,#15828,.T.);
#15828 = LINE('',#15829,#15830);
#15829 = CARTESIAN_POINT('',(131.2,-59.8,0.));
#15830 = VECTOR('',#15831,1.);
#15831 = DIRECTION('',(1.,0.,0.));
#15832 = PLANE('',#15833);
#15833 = AXIS2_PLACEMENT_3D('',#15834,#15835,#15836);
#15834 = CARTESIAN_POINT('',(131.2,-59.8,0.));
#15835 = DIRECTION('',(0.,1.,0.));
#15836 = DIRECTION('',(1.,0.,0.));
#15837 = ADVANCED_FACE('',(#15838),#15863,.T.);
#15838 = FACE_BOUND('',#15839,.T.);
#15839 = EDGE_LOOP('',(#15840,#15850,#15856,#15857));
#15840 = ORIENTED_EDGE('',*,*,#15841,.T.);
#15841 = EDGE_CURVE('',#15842,#15844,#15846,.T.);
#15842 = VERTEX_POINT('',#15843);
#15843 = CARTESIAN_POINT('',(131.2,-59.175,0.));
#15844 = VERTEX_POINT('',#15845);
#15845 = CARTESIAN_POINT('',(131.2,-59.175,1.51));
#15846 = LINE('',#15847,#15848);
#15847 = CARTESIAN_POINT('',(131.2,-59.175,0.));
#15848 = VECTOR('',#15849,1.);
#15849 = DIRECTION('',(0.,0.,1.));
#15850 = ORIENTED_EDGE('',*,*,#15851,.T.);
#15851 = EDGE_CURVE('',#15844,#15804,#15852,.T.);
#15852 = LINE('',#15853,#15854);
#15853 = CARTESIAN_POINT('',(131.2,-59.175,1.51));
#15854 = VECTOR('',#15855,1.);
#15855 = DIRECTION('',(0.,-1.,0.));
#15856 = ORIENTED_EDGE('',*,*,#15801,.F.);
#15857 = ORIENTED_EDGE('',*,*,#15858,.F.);
#15858 = EDGE_CURVE('',#15842,#15802,#15859,.T.);
#15859 = LINE('',#15860,#15861);
#15860 = CARTESIAN_POINT('',(131.2,-59.175,0.));
#15861 = VECTOR('',#15862,1.);
#15862 = DIRECTION('',(0.,-1.,0.));
#15863 = PLANE('',#15864);
#15864 = AXIS2_PLACEMENT_3D('',#15865,#15866,#15867);
#15865 = CARTESIAN_POINT('',(131.2,-59.175,0.));
#15866 = DIRECTION('',(1.,0.,-0.));
#15867 = DIRECTION('',(0.,-1.,0.));
#15868 = ADVANCED_FACE('',(#15869),#15896,.T.);
#15869 = FACE_BOUND('',#15870,.T.);
#15870 = EDGE_LOOP('',(#15871,#15872,#15881,#15889));
#15871 = ORIENTED_EDGE('',*,*,#15819,.T.);
#15872 = ORIENTED_EDGE('',*,*,#15873,.T.);
#15873 = EDGE_CURVE('',#15812,#15874,#15876,.T.);
#15874 = VERTEX_POINT('',#15875);
#15875 = CARTESIAN_POINT('',(149.7,-71.385,1.51));
#15876 = CIRCLE('',#15877,30.000634096495);
#15877 = AXIS2_PLACEMENT_3D('',#15878,#15879,#15880);
#15878 = CARTESIAN_POINT('',(123.50000219047,-85.99999780952,1.51));
#15879 = DIRECTION('',(0.,0.,-1.));
#15880 = DIRECTION('',(0.487156296848,0.873314801456,0.));
#15881 = ORIENTED_EDGE('',*,*,#15882,.F.);
#15882 = EDGE_CURVE('',#15883,#15874,#15885,.T.);
#15883 = VERTEX_POINT('',#15884);
#15884 = CARTESIAN_POINT('',(149.7,-71.385,0.));
#15885 = LINE('',#15886,#15887);
#15886 = CARTESIAN_POINT('',(149.7,-71.385,0.));
#15887 = VECTOR('',#15888,1.);
#15888 = DIRECTION('',(0.,0.,1.));
#15889 = ORIENTED_EDGE('',*,*,#15890,.F.);
#15890 = EDGE_CURVE('',#15820,#15883,#15891,.T.);
#15891 = CIRCLE('',#15892,30.000634096495);
#15892 = AXIS2_PLACEMENT_3D('',#15893,#15894,#15895);
#15893 = CARTESIAN_POINT('',(123.50000219047,-85.99999780952,0.));
#15894 = DIRECTION('',(0.,0.,-1.));
#15895 = DIRECTION('',(0.487156296848,0.873314801456,0.));
#15896 = CYLINDRICAL_SURFACE('',#15897,30.000634096495);
#15897 = AXIS2_PLACEMENT_3D('',#15898,#15899,#15900);
#15898 = CARTESIAN_POINT('',(123.50000219047,-85.99999780952,0.));
#15899 = DIRECTION('',(0.,0.,-1.));
#15900 = DIRECTION('',(0.487156296848,0.873314801456,0.));
#15901 = ADVANCED_FACE('',(#15902,#16076,#16087,#16098,#16109,#16120,
    #16131,#16142,#16153,#16164,#16175,#16186,#16197,#16208,#16219,
    #16230,#16241,#16252,#16263,#16274,#16285,#16296,#16307,#16318,
    #16329,#16340,#16351,#16362,#16373),#16384,.F.);
#15902 = FACE_BOUND('',#15903,.F.);
#15903 = EDGE_LOOP('',(#15904,#15905,#15906,#15914,#15922,#15930,#15939,
    #15947,#15955,#15963,#15971,#15979,#15988,#15996,#16004,#16012,
    #16020,#16028,#16037,#16045,#16053,#16061,#16069,#16075));
#15904 = ORIENTED_EDGE('',*,*,#15827,.F.);
#15905 = ORIENTED_EDGE('',*,*,#15858,.F.);
#15906 = ORIENTED_EDGE('',*,*,#15907,.F.);
#15907 = EDGE_CURVE('',#15908,#15842,#15910,.T.);
#15908 = VERTEX_POINT('',#15909);
#15909 = CARTESIAN_POINT('',(115.8,-59.175,0.));
#15910 = LINE('',#15911,#15912);
#15911 = CARTESIAN_POINT('',(115.8,-59.175,0.));
#15912 = VECTOR('',#15913,1.);
#15913 = DIRECTION('',(1.,0.,0.));
#15914 = ORIENTED_EDGE('',*,*,#15915,.F.);
#15915 = EDGE_CURVE('',#15916,#15908,#15918,.T.);
#15916 = VERTEX_POINT('',#15917);
#15917 = CARTESIAN_POINT('',(115.8,-59.8,0.));
#15918 = LINE('',#15919,#15920);
#15919 = CARTESIAN_POINT('',(115.8,-59.8,0.));
#15920 = VECTOR('',#15921,1.);
#15921 = DIRECTION('',(0.,1.,0.));
#15922 = ORIENTED_EDGE('',*,*,#15923,.F.);
#15923 = EDGE_CURVE('',#15924,#15916,#15926,.T.);
#15924 = VERTEX_POINT('',#15925);
#15925 = CARTESIAN_POINT('',(108.885,-59.8,0.));
#15926 = LINE('',#15927,#15928);
#15927 = CARTESIAN_POINT('',(108.885,-59.8,0.));
#15928 = VECTOR('',#15929,1.);
#15929 = DIRECTION('',(1.,0.,0.));
#15930 = ORIENTED_EDGE('',*,*,#15931,.F.);
#15931 = EDGE_CURVE('',#15932,#15924,#15934,.T.);
#15932 = VERTEX_POINT('',#15933);
#15933 = CARTESIAN_POINT('',(97.3,-71.385,0.));
#15934 = CIRCLE('',#15935,30.000634096494);
#15935 = AXIS2_PLACEMENT_3D('',#15936,#15937,#15938);
#15936 = CARTESIAN_POINT('',(123.49999780952,-85.99999780952,0.));
#15937 = DIRECTION('',(0.,0.,-1.));
#15938 = DIRECTION('',(-0.873314801456,0.487156296848,0.));
#15939 = ORIENTED_EDGE('',*,*,#15940,.F.);
#15940 = EDGE_CURVE('',#15941,#15932,#15943,.T.);
#15941 = VERTEX_POINT('',#15942);
#15942 = CARTESIAN_POINT('',(97.3,-78.3,0.));
#15943 = LINE('',#15944,#15945);
#15944 = CARTESIAN_POINT('',(97.3,-78.3,0.));
#15945 = VECTOR('',#15946,1.);
#15946 = DIRECTION('',(0.,1.,0.));
#15947 = ORIENTED_EDGE('',*,*,#15948,.F.);
#15948 = EDGE_CURVE('',#15949,#15941,#15951,.T.);
#15949 = VERTEX_POINT('',#15950);
#15950 = CARTESIAN_POINT('',(96.675,-78.3,0.));
#15951 = LINE('',#15952,#15953);
#15952 = CARTESIAN_POINT('',(96.675,-78.3,0.));
#15953 = VECTOR('',#15954,1.);
#15954 = DIRECTION('',(1.,0.,0.));
#15955 = ORIENTED_EDGE('',*,*,#15956,.F.);
#15956 = EDGE_CURVE('',#15957,#15949,#15959,.T.);
#15957 = VERTEX_POINT('',#15958);
#15958 = CARTESIAN_POINT('',(96.675,-93.7,0.));
#15959 = LINE('',#15960,#15961);
#15960 = CARTESIAN_POINT('',(96.675,-93.7,0.));
#15961 = VECTOR('',#15962,1.);
#15962 = DIRECTION('',(0.,1.,0.));
#15963 = ORIENTED_EDGE('',*,*,#15964,.F.);
#15964 = EDGE_CURVE('',#15965,#15957,#15967,.T.);
#15965 = VERTEX_POINT('',#15966);
#15966 = CARTESIAN_POINT('',(97.3,-93.7,0.));
#15967 = LINE('',#15968,#15969);
#15968 = CARTESIAN_POINT('',(97.3,-93.7,0.));
#15969 = VECTOR('',#15970,1.);
#15970 = DIRECTION('',(-1.,0.,0.));
#15971 = ORIENTED_EDGE('',*,*,#15972,.F.);
#15972 = EDGE_CURVE('',#15973,#15965,#15975,.T.);
#15973 = VERTEX_POINT('',#15974);
#15974 = CARTESIAN_POINT('',(97.3,-100.615,0.));
#15975 = LINE('',#15976,#15977);
#15976 = CARTESIAN_POINT('',(97.3,-100.615,0.));
#15977 = VECTOR('',#15978,1.);
#15978 = DIRECTION('',(0.,1.,0.));
#15979 = ORIENTED_EDGE('',*,*,#15980,.F.);
#15980 = EDGE_CURVE('',#15981,#15973,#15983,.T.);
#15981 = VERTEX_POINT('',#15982);
#15982 = CARTESIAN_POINT('',(108.885,-112.2,0.));
#15983 = CIRCLE('',#15984,30.000634096494);
#15984 = AXIS2_PLACEMENT_3D('',#15985,#15986,#15987);
#15985 = CARTESIAN_POINT('',(123.49999780952,-86.00000219047,0.));
#15986 = DIRECTION('',(0.,0.,-1.));
#15987 = DIRECTION('',(-0.487156296848,-0.873314801456,-0.));
#15988 = ORIENTED_EDGE('',*,*,#15989,.F.);
#15989 = EDGE_CURVE('',#15990,#15981,#15992,.T.);
#15990 = VERTEX_POINT('',#15991);
#15991 = CARTESIAN_POINT('',(115.8,-112.2,0.));
#15992 = LINE('',#15993,#15994);
#15993 = CARTESIAN_POINT('',(115.8,-112.2,0.));
#15994 = VECTOR('',#15995,1.);
#15995 = DIRECTION('',(-1.,0.,0.));
#15996 = ORIENTED_EDGE('',*,*,#15997,.F.);
#15997 = EDGE_CURVE('',#15998,#15990,#16000,.T.);
#15998 = VERTEX_POINT('',#15999);
#15999 = CARTESIAN_POINT('',(115.8,-112.825,0.));
#16000 = LINE('',#16001,#16002);
#16001 = CARTESIAN_POINT('',(115.8,-112.825,0.));
#16002 = VECTOR('',#16003,1.);
#16003 = DIRECTION('',(0.,1.,0.));
#16004 = ORIENTED_EDGE('',*,*,#16005,.F.);
#16005 = EDGE_CURVE('',#16006,#15998,#16008,.T.);
#16006 = VERTEX_POINT('',#16007);
#16007 = CARTESIAN_POINT('',(131.2,-112.825,0.));
#16008 = LINE('',#16009,#16010);
#16009 = CARTESIAN_POINT('',(131.2,-112.825,0.));
#16010 = VECTOR('',#16011,1.);
#16011 = DIRECTION('',(-1.,0.,0.));
#16012 = ORIENTED_EDGE('',*,*,#16013,.F.);
#16013 = EDGE_CURVE('',#16014,#16006,#16016,.T.);
#16014 = VERTEX_POINT('',#16015);
#16015 = CARTESIAN_POINT('',(131.2,-112.2,0.));
#16016 = LINE('',#16017,#16018);
#16017 = CARTESIAN_POINT('',(131.2,-112.2,0.));
#16018 = VECTOR('',#16019,1.);
#16019 = DIRECTION('',(0.,-1.,0.));
#16020 = ORIENTED_EDGE('',*,*,#16021,.F.);
#16021 = EDGE_CURVE('',#16022,#16014,#16024,.T.);
#16022 = VERTEX_POINT('',#16023);
#16023 = CARTESIAN_POINT('',(138.115,-112.2,0.));
#16024 = LINE('',#16025,#16026);
#16025 = CARTESIAN_POINT('',(138.115,-112.2,0.));
#16026 = VECTOR('',#16027,1.);
#16027 = DIRECTION('',(-1.,0.,0.));
#16028 = ORIENTED_EDGE('',*,*,#16029,.F.);
#16029 = EDGE_CURVE('',#16030,#16022,#16032,.T.);
#16030 = VERTEX_POINT('',#16031);
#16031 = CARTESIAN_POINT('',(149.7,-100.615,0.));
#16032 = CIRCLE('',#16033,30.000634096495);
#16033 = AXIS2_PLACEMENT_3D('',#16034,#16035,#16036);
#16034 = CARTESIAN_POINT('',(123.50000219047,-86.00000219047,0.));
#16035 = DIRECTION('',(0.,0.,-1.));
#16036 = DIRECTION('',(0.873314801456,-0.487156296848,0.));
#16037 = ORIENTED_EDGE('',*,*,#16038,.F.);
#16038 = EDGE_CURVE('',#16039,#16030,#16041,.T.);
#16039 = VERTEX_POINT('',#16040);
#16040 = CARTESIAN_POINT('',(149.7,-93.7,0.));
#16041 = LINE('',#16042,#16043);
#16042 = CARTESIAN_POINT('',(149.7,-93.7,0.));
#16043 = VECTOR('',#16044,1.);
#16044 = DIRECTION('',(0.,-1.,0.));
#16045 = ORIENTED_EDGE('',*,*,#16046,.F.);
#16046 = EDGE_CURVE('',#16047,#16039,#16049,.T.);
#16047 = VERTEX_POINT('',#16048);
#16048 = CARTESIAN_POINT('',(150.325,-93.7,0.));
#16049 = LINE('',#16050,#16051);
#16050 = CARTESIAN_POINT('',(150.325,-93.7,0.));
#16051 = VECTOR('',#16052,1.);
#16052 = DIRECTION('',(-1.,0.,0.));
#16053 = ORIENTED_EDGE('',*,*,#16054,.F.);
#16054 = EDGE_CURVE('',#16055,#16047,#16057,.T.);
#16055 = VERTEX_POINT('',#16056);
#16056 = CARTESIAN_POINT('',(150.325,-78.3,0.));
#16057 = LINE('',#16058,#16059);
#16058 = CARTESIAN_POINT('',(150.325,-78.3,0.));
#16059 = VECTOR('',#16060,1.);
#16060 = DIRECTION('',(0.,-1.,0.));
#16061 = ORIENTED_EDGE('',*,*,#16062,.F.);
#16062 = EDGE_CURVE('',#16063,#16055,#16065,.T.);
#16063 = VERTEX_POINT('',#16064);
#16064 = CARTESIAN_POINT('',(149.7,-78.3,0.));
#16065 = LINE('',#16066,#16067);
#16066 = CARTESIAN_POINT('',(149.7,-78.3,0.));
#16067 = VECTOR('',#16068,1.);
#16068 = DIRECTION('',(1.,0.,0.));
#16069 = ORIENTED_EDGE('',*,*,#16070,.F.);
#16070 = EDGE_CURVE('',#15883,#16063,#16071,.T.);
#16071 = LINE('',#16072,#16073);
#16072 = CARTESIAN_POINT('',(149.7,-71.385,0.));
#16073 = VECTOR('',#16074,1.);
#16074 = DIRECTION('',(0.,-1.,0.));
#16075 = ORIENTED_EDGE('',*,*,#15890,.F.);
#16076 = FACE_BOUND('',#16077,.F.);
#16077 = EDGE_LOOP('',(#16078));
#16078 = ORIENTED_EDGE('',*,*,#16079,.T.);
#16079 = EDGE_CURVE('',#16080,#16080,#16082,.T.);
#16080 = VERTEX_POINT('',#16081);
#16081 = CARTESIAN_POINT('',(116.42,-108.4,0.));
#16082 = CIRCLE('',#16083,0.4);
#16083 = AXIS2_PLACEMENT_3D('',#16084,#16085,#16086);
#16084 = CARTESIAN_POINT('',(116.42,-108.,0.));
#16085 = DIRECTION('',(-0.,0.,-1.));
#16086 = DIRECTION('',(3.5527136788E-14,-1.,-0.));
#16087 = FACE_BOUND('',#16088,.F.);
#16088 = EDGE_LOOP('',(#16089));
#16089 = ORIENTED_EDGE('',*,*,#16090,.T.);
#16090 = EDGE_CURVE('',#16091,#16091,#16093,.T.);
#16091 = VERTEX_POINT('',#16092);
#16092 = CARTESIAN_POINT('',(116.42,-104.4,0.));
#16093 = CIRCLE('',#16094,0.4);
#16094 = AXIS2_PLACEMENT_3D('',#16095,#16096,#16097);
#16095 = CARTESIAN_POINT('',(116.42,-104.,0.));
#16096 = DIRECTION('',(-0.,0.,-1.));
#16097 = DIRECTION('',(3.5527136788E-14,-1.,-0.));
#16098 = FACE_BOUND('',#16099,.F.);
#16099 = EDGE_LOOP('',(#16100));
#16100 = ORIENTED_EDGE('',*,*,#16101,.T.);
#16101 = EDGE_CURVE('',#16102,#16102,#16104,.T.);
#16102 = VERTEX_POINT('',#16103);
#16103 = CARTESIAN_POINT('',(126.58,-108.4,0.));
#16104 = CIRCLE('',#16105,0.4);
#16105 = AXIS2_PLACEMENT_3D('',#16106,#16107,#16108);
#16106 = CARTESIAN_POINT('',(126.58,-108.,0.));
#16107 = DIRECTION('',(-0.,0.,-1.));
#16108 = DIRECTION('',(-3.552713678801E-14,-1.,0.));
#16109 = FACE_BOUND('',#16110,.F.);
#16110 = EDGE_LOOP('',(#16111));
#16111 = ORIENTED_EDGE('',*,*,#16112,.T.);
#16112 = EDGE_CURVE('',#16113,#16113,#16115,.T.);
#16113 = VERTEX_POINT('',#16114);
#16114 = CARTESIAN_POINT('',(126.58,-104.4,0.));
#16115 = CIRCLE('',#16116,0.4);
#16116 = AXIS2_PLACEMENT_3D('',#16117,#16118,#16119);
#16117 = CARTESIAN_POINT('',(126.58,-104.,0.));
#16118 = DIRECTION('',(-0.,0.,-1.));
#16119 = DIRECTION('',(-3.552713678801E-14,-1.,0.));
#16120 = FACE_BOUND('',#16121,.F.);
#16121 = EDGE_LOOP('',(#16122));
#16122 = ORIENTED_EDGE('',*,*,#16123,.T.);
#16123 = EDGE_CURVE('',#16124,#16124,#16126,.T.);
#16124 = VERTEX_POINT('',#16125);
#16125 = CARTESIAN_POINT('',(114.,-100.06,0.));
#16126 = CIRCLE('',#16127,0.4);
#16127 = AXIS2_PLACEMENT_3D('',#16128,#16129,#16130);
#16128 = CARTESIAN_POINT('',(114.,-99.66,0.));
#16129 = DIRECTION('',(-0.,0.,-1.));
#16130 = DIRECTION('',(-0.,-1.,0.));
#16131 = FACE_BOUND('',#16132,.F.);
#16132 = EDGE_LOOP('',(#16133));
#16133 = ORIENTED_EDGE('',*,*,#16134,.T.);
#16134 = EDGE_CURVE('',#16135,#16135,#16137,.T.);
#16135 = VERTEX_POINT('',#16136);
#16136 = CARTESIAN_POINT('',(120.96,-97.76,0.));
#16137 = CIRCLE('',#16138,0.76);
#16138 = AXIS2_PLACEMENT_3D('',#16139,#16140,#16141);
#16139 = CARTESIAN_POINT('',(120.96,-97.,0.));
#16140 = DIRECTION('',(-0.,0.,-1.));
#16141 = DIRECTION('',(-1.869849304632E-14,-1.,0.));
#16142 = FACE_BOUND('',#16143,.F.);
#16143 = EDGE_LOOP('',(#16144));
#16144 = ORIENTED_EDGE('',*,*,#16145,.T.);
#16145 = EDGE_CURVE('',#16146,#16146,#16148,.T.);
#16146 = VERTEX_POINT('',#16147);
#16147 = CARTESIAN_POINT('',(126.04,-97.76,0.));
#16148 = CIRCLE('',#16149,0.76);
#16149 = AXIS2_PLACEMENT_3D('',#16150,#16151,#16152);
#16150 = CARTESIAN_POINT('',(126.04,-97.,0.));
#16151 = DIRECTION('',(-0.,0.,-1.));
#16152 = DIRECTION('',(1.869849304632E-14,-1.,-0.));
#16153 = FACE_BOUND('',#16154,.F.);
#16154 = EDGE_LOOP('',(#16155));
#16155 = ORIENTED_EDGE('',*,*,#16156,.T.);
#16156 = EDGE_CURVE('',#16157,#16157,#16159,.T.);
#16157 = VERTEX_POINT('',#16158);
#16158 = CARTESIAN_POINT('',(130.42,-105.9,0.));
#16159 = CIRCLE('',#16160,0.4);
#16160 = AXIS2_PLACEMENT_3D('',#16161,#16162,#16163);
#16161 = CARTESIAN_POINT('',(130.42,-105.5,0.));
#16162 = DIRECTION('',(-0.,0.,-1.));
#16163 = DIRECTION('',(-7.105427357601E-14,-1.,0.));
#16164 = FACE_BOUND('',#16165,.F.);
#16165 = EDGE_LOOP('',(#16166));
#16166 = ORIENTED_EDGE('',*,*,#16167,.T.);
#16167 = EDGE_CURVE('',#16168,#16168,#16170,.T.);
#16168 = VERTEX_POINT('',#16169);
#16169 = CARTESIAN_POINT('',(135.,-100.98,0.));
#16170 = CIRCLE('',#16171,0.4);
#16171 = AXIS2_PLACEMENT_3D('',#16172,#16173,#16174);
#16172 = CARTESIAN_POINT('',(135.,-100.58,0.));
#16173 = DIRECTION('',(-0.,0.,-1.));
#16174 = DIRECTION('',(-0.,-1.,0.));
#16175 = FACE_BOUND('',#16176,.F.);
#16176 = EDGE_LOOP('',(#16177));
#16177 = ORIENTED_EDGE('',*,*,#16178,.T.);
#16178 = EDGE_CURVE('',#16179,#16179,#16181,.T.);
#16179 = VERTEX_POINT('',#16180);
#16180 = CARTESIAN_POINT('',(140.58,-105.9,0.));
#16181 = CIRCLE('',#16182,0.4);
#16182 = AXIS2_PLACEMENT_3D('',#16183,#16184,#16185);
#16183 = CARTESIAN_POINT('',(140.58,-105.5,0.));
#16184 = DIRECTION('',(-0.,0.,-1.));
#16185 = DIRECTION('',(7.105427357601E-14,-1.,-0.));
#16186 = FACE_BOUND('',#16187,.F.);
#16187 = EDGE_LOOP('',(#16188));
#16188 = ORIENTED_EDGE('',*,*,#16189,.T.);
#16189 = EDGE_CURVE('',#16190,#16190,#16192,.T.);
#16190 = VERTEX_POINT('',#16191);
#16191 = CARTESIAN_POINT('',(147.,-100.98,0.));
#16192 = CIRCLE('',#16193,0.4);
#16193 = AXIS2_PLACEMENT_3D('',#16194,#16195,#16196);
#16194 = CARTESIAN_POINT('',(147.,-100.58,0.));
#16195 = DIRECTION('',(-0.,0.,-1.));
#16196 = DIRECTION('',(-0.,-1.,0.));
#16197 = FACE_BOUND('',#16198,.F.);
#16198 = EDGE_LOOP('',(#16199));
#16199 = ORIENTED_EDGE('',*,*,#16200,.T.);
#16200 = EDGE_CURVE('',#16201,#16201,#16203,.T.);
#16201 = VERTEX_POINT('',#16202);
#16202 = CARTESIAN_POINT('',(140.,-96.14,0.));
#16203 = CIRCLE('',#16204,0.5);
#16204 = AXIS2_PLACEMENT_3D('',#16205,#16206,#16207);
#16205 = CARTESIAN_POINT('',(140.,-95.64,0.));
#16206 = DIRECTION('',(-0.,0.,-1.));
#16207 = DIRECTION('',(-0.,-1.,0.));
#16208 = FACE_BOUND('',#16209,.F.);
#16209 = EDGE_LOOP('',(#16210));
#16210 = ORIENTED_EDGE('',*,*,#16211,.T.);
#16211 = EDGE_CURVE('',#16212,#16212,#16214,.T.);
#16212 = VERTEX_POINT('',#16213);
#16213 = CARTESIAN_POINT('',(143.5,-98.48,0.));
#16214 = CIRCLE('',#16215,0.4);
#16215 = AXIS2_PLACEMENT_3D('',#16216,#16217,#16218);
#16216 = CARTESIAN_POINT('',(143.5,-98.08,0.));
#16217 = DIRECTION('',(-0.,0.,-1.));
#16218 = DIRECTION('',(-0.,-1.,0.));
#16219 = FACE_BOUND('',#16220,.F.);
#16220 = EDGE_LOOP('',(#16221));
#16221 = ORIENTED_EDGE('',*,*,#16222,.T.);
#16222 = EDGE_CURVE('',#16223,#16223,#16225,.T.);
#16223 = VERTEX_POINT('',#16224);
#16224 = CARTESIAN_POINT('',(140.,-93.6,0.));
#16225 = CIRCLE('',#16226,0.5);
#16226 = AXIS2_PLACEMENT_3D('',#16227,#16228,#16229);
#16227 = CARTESIAN_POINT('',(140.,-93.1,0.));
#16228 = DIRECTION('',(-0.,0.,-1.));
#16229 = DIRECTION('',(-0.,-1.,0.));
#16230 = FACE_BOUND('',#16231,.F.);
#16231 = EDGE_LOOP('',(#16232));
#16232 = ORIENTED_EDGE('',*,*,#16233,.T.);
#16233 = EDGE_CURVE('',#16234,#16234,#16236,.T.);
#16234 = VERTEX_POINT('',#16235);
#16235 = CARTESIAN_POINT('',(114.,-89.9,0.));
#16236 = CIRCLE('',#16237,0.4);
#16237 = AXIS2_PLACEMENT_3D('',#16238,#16239,#16240);
#16238 = CARTESIAN_POINT('',(114.,-89.5,0.));
#16239 = DIRECTION('',(-0.,0.,-1.));
#16240 = DIRECTION('',(-0.,-1.,0.));
#16241 = FACE_BOUND('',#16242,.F.);
#16242 = EDGE_LOOP('',(#16243));
#16243 = ORIENTED_EDGE('',*,*,#16244,.F.);
#16244 = EDGE_CURVE('',#16245,#16245,#16247,.T.);
#16245 = VERTEX_POINT('',#16246);
#16246 = CARTESIAN_POINT('',(128.5,-86.,0.));
#16247 = CIRCLE('',#16248,5.);
#16248 = AXIS2_PLACEMENT_3D('',#16249,#16250,#16251);
#16249 = CARTESIAN_POINT('',(123.5,-86.,0.));
#16250 = DIRECTION('',(0.,0.,1.));
#16251 = DIRECTION('',(1.,0.,-0.));
#16252 = FACE_BOUND('',#16253,.F.);
#16253 = EDGE_LOOP('',(#16254));
#16254 = ORIENTED_EDGE('',*,*,#16255,.T.);
#16255 = EDGE_CURVE('',#16256,#16256,#16258,.T.);
#16256 = VERTEX_POINT('',#16257);
#16257 = CARTESIAN_POINT('',(109.955113,-76.4,0.));
#16258 = CIRCLE('',#16259,0.4);
#16259 = AXIS2_PLACEMENT_3D('',#16260,#16261,#16262);
#16260 = CARTESIAN_POINT('',(109.955113,-76.,0.));
#16261 = DIRECTION('',(-0.,0.,-1.));
#16262 = DIRECTION('',(-3.552713678801E-14,-1.,0.));
#16263 = FACE_BOUND('',#16264,.F.);
#16264 = EDGE_LOOP('',(#16265));
#16265 = ORIENTED_EDGE('',*,*,#16266,.T.);
#16266 = EDGE_CURVE('',#16267,#16267,#16269,.T.);
#16267 = VERTEX_POINT('',#16268);
#16268 = CARTESIAN_POINT('',(111.955113,-76.4,0.));
#16269 = CIRCLE('',#16270,0.4);
#16270 = AXIS2_PLACEMENT_3D('',#16271,#16272,#16273);
#16271 = CARTESIAN_POINT('',(111.955113,-76.,0.));
#16272 = DIRECTION('',(-0.,0.,-1.));
#16273 = DIRECTION('',(-3.552713678801E-14,-1.,0.));
#16274 = FACE_BOUND('',#16275,.F.);
#16275 = EDGE_LOOP('',(#16276));
#16276 = ORIENTED_EDGE('',*,*,#16277,.T.);
#16277 = EDGE_CURVE('',#16278,#16278,#16280,.T.);
#16278 = VERTEX_POINT('',#16279);
#16279 = CARTESIAN_POINT('',(120.92,-75.76,0.));
#16280 = CIRCLE('',#16281,0.76);
#16281 = AXIS2_PLACEMENT_3D('',#16282,#16283,#16284);
#16282 = CARTESIAN_POINT('',(120.92,-75.,0.));
#16283 = DIRECTION('',(-0.,0.,-1.));
#16284 = DIRECTION('',(-0.,-1.,0.));
#16285 = FACE_BOUND('',#16286,.F.);
#16286 = EDGE_LOOP('',(#16287));
#16287 = ORIENTED_EDGE('',*,*,#16288,.T.);
#16288 = EDGE_CURVE('',#16289,#16289,#16291,.T.);
#16289 = VERTEX_POINT('',#16290);
#16290 = CARTESIAN_POINT('',(126.,-75.76,0.));
#16291 = CIRCLE('',#16292,0.76);
#16292 = AXIS2_PLACEMENT_3D('',#16293,#16294,#16295);
#16293 = CARTESIAN_POINT('',(126.,-75.,0.));
#16294 = DIRECTION('',(-0.,0.,-1.));
#16295 = DIRECTION('',(-0.,-1.,0.));
#16296 = FACE_BOUND('',#16297,.F.);
#16297 = EDGE_LOOP('',(#16298));
#16298 = ORIENTED_EDGE('',*,*,#16299,.T.);
#16299 = EDGE_CURVE('',#16300,#16300,#16302,.T.);
#16300 = VERTEX_POINT('',#16301);
#16301 = CARTESIAN_POINT('',(135.,-90.82,0.));
#16302 = CIRCLE('',#16303,0.4);
#16303 = AXIS2_PLACEMENT_3D('',#16304,#16305,#16306);
#16304 = CARTESIAN_POINT('',(135.,-90.42,0.));
#16305 = DIRECTION('',(-0.,0.,-1.));
#16306 = DIRECTION('',(-0.,-1.,0.));
#16307 = FACE_BOUND('',#16308,.F.);
#16308 = EDGE_LOOP('',(#16309));
#16309 = ORIENTED_EDGE('',*,*,#16310,.T.);
#16310 = EDGE_CURVE('',#16311,#16311,#16313,.T.);
#16311 = VERTEX_POINT('',#16312);
#16312 = CARTESIAN_POINT('',(140.,-91.06,0.));
#16313 = CIRCLE('',#16314,0.5);
#16314 = AXIS2_PLACEMENT_3D('',#16315,#16316,#16317);
#16315 = CARTESIAN_POINT('',(140.,-90.56,0.));
#16316 = DIRECTION('',(-0.,0.,-1.));
#16317 = DIRECTION('',(-0.,-1.,0.));
#16318 = FACE_BOUND('',#16319,.F.);
#16319 = EDGE_LOOP('',(#16320));
#16320 = ORIENTED_EDGE('',*,*,#16321,.T.);
#16321 = EDGE_CURVE('',#16322,#16322,#16324,.T.);
#16322 = VERTEX_POINT('',#16323);
#16323 = CARTESIAN_POINT('',(140.,-88.52,0.));
#16324 = CIRCLE('',#16325,0.5);
#16325 = AXIS2_PLACEMENT_3D('',#16326,#16327,#16328);
#16326 = CARTESIAN_POINT('',(140.,-88.02,0.));
#16327 = DIRECTION('',(-0.,0.,-1.));
#16328 = DIRECTION('',(-0.,-1.,0.));
#16329 = FACE_BOUND('',#16330,.F.);
#16330 = EDGE_LOOP('',(#16331));
#16331 = ORIENTED_EDGE('',*,*,#16332,.T.);
#16332 = EDGE_CURVE('',#16333,#16333,#16335,.T.);
#16333 = VERTEX_POINT('',#16334);
#16334 = CARTESIAN_POINT('',(147.,-90.82,0.));
#16335 = CIRCLE('',#16336,0.4);
#16336 = AXIS2_PLACEMENT_3D('',#16337,#16338,#16339);
#16337 = CARTESIAN_POINT('',(147.,-90.42,0.));
#16338 = DIRECTION('',(-0.,0.,-1.));
#16339 = DIRECTION('',(-0.,-1.,0.));
#16340 = FACE_BOUND('',#16341,.F.);
#16341 = EDGE_LOOP('',(#16342));
#16342 = ORIENTED_EDGE('',*,*,#16343,.T.);
#16343 = EDGE_CURVE('',#16344,#16344,#16346,.T.);
#16344 = VERTEX_POINT('',#16345);
#16345 = CARTESIAN_POINT('',(143.5,-88.32,0.));
#16346 = CIRCLE('',#16347,0.4);
#16347 = AXIS2_PLACEMENT_3D('',#16348,#16349,#16350);
#16348 = CARTESIAN_POINT('',(143.5,-87.92,0.));
#16349 = DIRECTION('',(-0.,0.,-1.));
#16350 = DIRECTION('',(-0.,-1.,0.));
#16351 = FACE_BOUND('',#16352,.F.);
#16352 = EDGE_LOOP('',(#16353));
#16353 = ORIENTED_EDGE('',*,*,#16354,.T.);
#16354 = EDGE_CURVE('',#16355,#16355,#16357,.T.);
#16355 = VERTEX_POINT('',#16356);
#16356 = CARTESIAN_POINT('',(140.,-85.98,0.));
#16357 = CIRCLE('',#16358,0.5);
#16358 = AXIS2_PLACEMENT_3D('',#16359,#16360,#16361);
#16359 = CARTESIAN_POINT('',(140.,-85.48,0.));
#16360 = DIRECTION('',(-0.,0.,-1.));
#16361 = DIRECTION('',(-0.,-1.,0.));
#16362 = FACE_BOUND('',#16363,.F.);
#16363 = EDGE_LOOP('',(#16364));
#16364 = ORIENTED_EDGE('',*,*,#16365,.T.);
#16365 = EDGE_CURVE('',#16366,#16366,#16368,.T.);
#16366 = VERTEX_POINT('',#16367);
#16367 = CARTESIAN_POINT('',(140.,-83.44,0.));
#16368 = CIRCLE('',#16369,0.5);
#16369 = AXIS2_PLACEMENT_3D('',#16370,#16371,#16372);
#16370 = CARTESIAN_POINT('',(140.,-82.94,0.));
#16371 = DIRECTION('',(-0.,0.,-1.));
#16372 = DIRECTION('',(-0.,-1.,0.));
#16373 = FACE_BOUND('',#16374,.F.);
#16374 = EDGE_LOOP('',(#16375));
#16375 = ORIENTED_EDGE('',*,*,#16376,.T.);
#16376 = EDGE_CURVE('',#16377,#16377,#16379,.T.);
#16377 = VERTEX_POINT('',#16378);
#16378 = CARTESIAN_POINT('',(140.,-80.9,0.));
#16379 = CIRCLE('',#16380,0.5);
#16380 = AXIS2_PLACEMENT_3D('',#16381,#16382,#16383);
#16381 = CARTESIAN_POINT('',(140.,-80.4,0.));
#16382 = DIRECTION('',(-0.,0.,-1.));
#16383 = DIRECTION('',(-0.,-1.,0.));
#16384 = PLANE('',#16385);
#16385 = AXIS2_PLACEMENT_3D('',#16386,#16387,#16388);
#16386 = CARTESIAN_POINT('',(0.,0.,0.));
#16387 = DIRECTION('',(0.,0.,1.));
#16388 = DIRECTION('',(1.,0.,-0.));
#16389 = ADVANCED_FACE('',(#16390,#16564,#16575,#16586,#16597,#16608,
    #16619,#16630,#16641,#16652,#16663,#16674,#16685,#16696,#16707,
    #16718,#16729,#16740,#16751,#16762,#16773,#16784,#16795,#16806,
    #16817,#16828,#16839,#16850,#16861),#16872,.T.);
#16390 = FACE_BOUND('',#16391,.T.);
#16391 = EDGE_LOOP('',(#16392,#16393,#16394,#16402,#16410,#16418,#16427,
    #16435,#16443,#16451,#16459,#16467,#16476,#16484,#16492,#16500,
    #16508,#16516,#16525,#16533,#16541,#16549,#16557,#16563));
#16392 = ORIENTED_EDGE('',*,*,#15811,.F.);
#16393 = ORIENTED_EDGE('',*,*,#15851,.F.);
#16394 = ORIENTED_EDGE('',*,*,#16395,.F.);
#16395 = EDGE_CURVE('',#16396,#15844,#16398,.T.);
#16396 = VERTEX_POINT('',#16397);
#16397 = CARTESIAN_POINT('',(115.8,-59.175,1.51));
#16398 = LINE('',#16399,#16400);
#16399 = CARTESIAN_POINT('',(115.8,-59.175,1.51));
#16400 = VECTOR('',#16401,1.);
#16401 = DIRECTION('',(1.,0.,0.));
#16402 = ORIENTED_EDGE('',*,*,#16403,.F.);
#16403 = EDGE_CURVE('',#16404,#16396,#16406,.T.);
#16404 = VERTEX_POINT('',#16405);
#16405 = CARTESIAN_POINT('',(115.8,-59.8,1.51));
#16406 = LINE('',#16407,#16408);
#16407 = CARTESIAN_POINT('',(115.8,-59.8,1.51));
#16408 = VECTOR('',#16409,1.);
#16409 = DIRECTION('',(0.,1.,0.));
#16410 = ORIENTED_EDGE('',*,*,#16411,.F.);
#16411 = EDGE_CURVE('',#16412,#16404,#16414,.T.);
#16412 = VERTEX_POINT('',#16413);
#16413 = CARTESIAN_POINT('',(108.885,-59.8,1.51));
#16414 = LINE('',#16415,#16416);
#16415 = CARTESIAN_POINT('',(108.885,-59.8,1.51));
#16416 = VECTOR('',#16417,1.);
#16417 = DIRECTION('',(1.,0.,0.));
#16418 = ORIENTED_EDGE('',*,*,#16419,.F.);
#16419 = EDGE_CURVE('',#16420,#16412,#16422,.T.);
#16420 = VERTEX_POINT('',#16421);
#16421 = CARTESIAN_POINT('',(97.3,-71.385,1.51));
#16422 = CIRCLE('',#16423,30.000634096494);
#16423 = AXIS2_PLACEMENT_3D('',#16424,#16425,#16426);
#16424 = CARTESIAN_POINT('',(123.49999780952,-85.99999780952,1.51));
#16425 = DIRECTION('',(0.,0.,-1.));
#16426 = DIRECTION('',(-0.873314801456,0.487156296848,0.));
#16427 = ORIENTED_EDGE('',*,*,#16428,.F.);
#16428 = EDGE_CURVE('',#16429,#16420,#16431,.T.);
#16429 = VERTEX_POINT('',#16430);
#16430 = CARTESIAN_POINT('',(97.3,-78.3,1.51));
#16431 = LINE('',#16432,#16433);
#16432 = CARTESIAN_POINT('',(97.3,-78.3,1.51));
#16433 = VECTOR('',#16434,1.);
#16434 = DIRECTION('',(0.,1.,0.));
#16435 = ORIENTED_EDGE('',*,*,#16436,.F.);
#16436 = EDGE_CURVE('',#16437,#16429,#16439,.T.);
#16437 = VERTEX_POINT('',#16438);
#16438 = CARTESIAN_POINT('',(96.675,-78.3,1.51));
#16439 = LINE('',#16440,#16441);
#16440 = CARTESIAN_POINT('',(96.675,-78.3,1.51));
#16441 = VECTOR('',#16442,1.);
#16442 = DIRECTION('',(1.,0.,0.));
#16443 = ORIENTED_EDGE('',*,*,#16444,.F.);
#16444 = EDGE_CURVE('',#16445,#16437,#16447,.T.);
#16445 = VERTEX_POINT('',#16446);
#16446 = CARTESIAN_POINT('',(96.675,-93.7,1.51));
#16447 = LINE('',#16448,#16449);
#16448 = CARTESIAN_POINT('',(96.675,-93.7,1.51));
#16449 = VECTOR('',#16450,1.);
#16450 = DIRECTION('',(0.,1.,0.));
#16451 = ORIENTED_EDGE('',*,*,#16452,.F.);
#16452 = EDGE_CURVE('',#16453,#16445,#16455,.T.);
#16453 = VERTEX_POINT('',#16454);
#16454 = CARTESIAN_POINT('',(97.3,-93.7,1.51));
#16455 = LINE('',#16456,#16457);
#16456 = CARTESIAN_POINT('',(97.3,-93.7,1.51));
#16457 = VECTOR('',#16458,1.);
#16458 = DIRECTION('',(-1.,0.,0.));
#16459 = ORIENTED_EDGE('',*,*,#16460,.F.);
#16460 = EDGE_CURVE('',#16461,#16453,#16463,.T.);
#16461 = VERTEX_POINT('',#16462);
#16462 = CARTESIAN_POINT('',(97.3,-100.615,1.51));
#16463 = LINE('',#16464,#16465);
#16464 = CARTESIAN_POINT('',(97.3,-100.615,1.51));
#16465 = VECTOR('',#16466,1.);
#16466 = DIRECTION('',(0.,1.,0.));
#16467 = ORIENTED_EDGE('',*,*,#16468,.F.);
#16468 = EDGE_CURVE('',#16469,#16461,#16471,.T.);
#16469 = VERTEX_POINT('',#16470);
#16470 = CARTESIAN_POINT('',(108.885,-112.2,1.51));
#16471 = CIRCLE('',#16472,30.000634096494);
#16472 = AXIS2_PLACEMENT_3D('',#16473,#16474,#16475);
#16473 = CARTESIAN_POINT('',(123.49999780952,-86.00000219047,1.51));
#16474 = DIRECTION('',(0.,0.,-1.));
#16475 = DIRECTION('',(-0.487156296848,-0.873314801456,-0.));
#16476 = ORIENTED_EDGE('',*,*,#16477,.F.);
#16477 = EDGE_CURVE('',#16478,#16469,#16480,.T.);
#16478 = VERTEX_POINT('',#16479);
#16479 = CARTESIAN_POINT('',(115.8,-112.2,1.51));
#16480 = LINE('',#16481,#16482);
#16481 = CARTESIAN_POINT('',(115.8,-112.2,1.51));
#16482 = VECTOR('',#16483,1.);
#16483 = DIRECTION('',(-1.,0.,0.));
#16484 = ORIENTED_EDGE('',*,*,#16485,.F.);
#16485 = EDGE_CURVE('',#16486,#16478,#16488,.T.);
#16486 = VERTEX_POINT('',#16487);
#16487 = CARTESIAN_POINT('',(115.8,-112.825,1.51));
#16488 = LINE('',#16489,#16490);
#16489 = CARTESIAN_POINT('',(115.8,-112.825,1.51));
#16490 = VECTOR('',#16491,1.);
#16491 = DIRECTION('',(0.,1.,0.));
#16492 = ORIENTED_EDGE('',*,*,#16493,.F.);
#16493 = EDGE_CURVE('',#16494,#16486,#16496,.T.);
#16494 = VERTEX_POINT('',#16495);
#16495 = CARTESIAN_POINT('',(131.2,-112.825,1.51));
#16496 = LINE('',#16497,#16498);
#16497 = CARTESIAN_POINT('',(131.2,-112.825,1.51));
#16498 = VECTOR('',#16499,1.);
#16499 = DIRECTION('',(-1.,0.,0.));
#16500 = ORIENTED_EDGE('',*,*,#16501,.F.);
#16501 = EDGE_CURVE('',#16502,#16494,#16504,.T.);
#16502 = VERTEX_POINT('',#16503);
#16503 = CARTESIAN_POINT('',(131.2,-112.2,1.51));
#16504 = LINE('',#16505,#16506);
#16505 = CARTESIAN_POINT('',(131.2,-112.2,1.51));
#16506 = VECTOR('',#16507,1.);
#16507 = DIRECTION('',(0.,-1.,0.));
#16508 = ORIENTED_EDGE('',*,*,#16509,.F.);
#16509 = EDGE_CURVE('',#16510,#16502,#16512,.T.);
#16510 = VERTEX_POINT('',#16511);
#16511 = CARTESIAN_POINT('',(138.115,-112.2,1.51));
#16512 = LINE('',#16513,#16514);
#16513 = CARTESIAN_POINT('',(138.115,-112.2,1.51));
#16514 = VECTOR('',#16515,1.);
#16515 = DIRECTION('',(-1.,0.,0.));
#16516 = ORIENTED_EDGE('',*,*,#16517,.F.);
#16517 = EDGE_CURVE('',#16518,#16510,#16520,.T.);
#16518 = VERTEX_POINT('',#16519);
#16519 = CARTESIAN_POINT('',(149.7,-100.615,1.51));
#16520 = CIRCLE('',#16521,30.000634096495);
#16521 = AXIS2_PLACEMENT_3D('',#16522,#16523,#16524);
#16522 = CARTESIAN_POINT('',(123.50000219047,-86.00000219047,1.51));
#16523 = DIRECTION('',(0.,0.,-1.));
#16524 = DIRECTION('',(0.873314801456,-0.487156296848,0.));
#16525 = ORIENTED_EDGE('',*,*,#16526,.F.);
#16526 = EDGE_CURVE('',#16527,#16518,#16529,.T.);
#16527 = VERTEX_POINT('',#16528);
#16528 = CARTESIAN_POINT('',(149.7,-93.7,1.51));
#16529 = LINE('',#16530,#16531);
#16530 = CARTESIAN_POINT('',(149.7,-93.7,1.51));
#16531 = VECTOR('',#16532,1.);
#16532 = DIRECTION('',(0.,-1.,0.));
#16533 = ORIENTED_EDGE('',*,*,#16534,.F.);
#16534 = EDGE_CURVE('',#16535,#16527,#16537,.T.);
#16535 = VERTEX_POINT('',#16536);
#16536 = CARTESIAN_POINT('',(150.325,-93.7,1.51));
#16537 = LINE('',#16538,#16539);
#16538 = CARTESIAN_POINT('',(150.325,-93.7,1.51));
#16539 = VECTOR('',#16540,1.);
#16540 = DIRECTION('',(-1.,0.,0.));
#16541 = ORIENTED_EDGE('',*,*,#16542,.F.);
#16542 = EDGE_CURVE('',#16543,#16535,#16545,.T.);
#16543 = VERTEX_POINT('',#16544);
#16544 = CARTESIAN_POINT('',(150.325,-78.3,1.51));
#16545 = LINE('',#16546,#16547);
#16546 = CARTESIAN_POINT('',(150.325,-78.3,1.51));
#16547 = VECTOR('',#16548,1.);
#16548 = DIRECTION('',(0.,-1.,0.));
#16549 = ORIENTED_EDGE('',*,*,#16550,.F.);
#16550 = EDGE_CURVE('',#16551,#16543,#16553,.T.);
#16551 = VERTEX_POINT('',#16552);
#16552 = CARTESIAN_POINT('',(149.7,-78.3,1.51));
#16553 = LINE('',#16554,#16555);
#16554 = CARTESIAN_POINT('',(149.7,-78.3,1.51));
#16555 = VECTOR('',#16556,1.);
#16556 = DIRECTION('',(1.,0.,0.));
#16557 = ORIENTED_EDGE('',*,*,#16558,.F.);
#16558 = EDGE_CURVE('',#15874,#16551,#16559,.T.);
#16559 = LINE('',#16560,#16561);
#16560 = CARTESIAN_POINT('',(149.7,-71.385,1.51));
#16561 = VECTOR('',#16562,1.);
#16562 = DIRECTION('',(0.,-1.,0.));
#16563 = ORIENTED_EDGE('',*,*,#15873,.F.);
#16564 = FACE_BOUND('',#16565,.T.);
#16565 = EDGE_LOOP('',(#16566));
#16566 = ORIENTED_EDGE('',*,*,#16567,.T.);
#16567 = EDGE_CURVE('',#16568,#16568,#16570,.T.);
#16568 = VERTEX_POINT('',#16569);
#16569 = CARTESIAN_POINT('',(116.42,-108.4,1.51));
#16570 = CIRCLE('',#16571,0.4);
#16571 = AXIS2_PLACEMENT_3D('',#16572,#16573,#16574);
#16572 = CARTESIAN_POINT('',(116.42,-108.,1.51));
#16573 = DIRECTION('',(-0.,0.,-1.));
#16574 = DIRECTION('',(3.5527136788E-14,-1.,-0.));
#16575 = FACE_BOUND('',#16576,.T.);
#16576 = EDGE_LOOP('',(#16577));
#16577 = ORIENTED_EDGE('',*,*,#16578,.T.);
#16578 = EDGE_CURVE('',#16579,#16579,#16581,.T.);
#16579 = VERTEX_POINT('',#16580);
#16580 = CARTESIAN_POINT('',(116.42,-104.4,1.51));
#16581 = CIRCLE('',#16582,0.4);
#16582 = AXIS2_PLACEMENT_3D('',#16583,#16584,#16585);
#16583 = CARTESIAN_POINT('',(116.42,-104.,1.51));
#16584 = DIRECTION('',(-0.,0.,-1.));
#16585 = DIRECTION('',(3.5527136788E-14,-1.,-0.));
#16586 = FACE_BOUND('',#16587,.T.);
#16587 = EDGE_LOOP('',(#16588));
#16588 = ORIENTED_EDGE('',*,*,#16589,.T.);
#16589 = EDGE_CURVE('',#16590,#16590,#16592,.T.);
#16590 = VERTEX_POINT('',#16591);
#16591 = CARTESIAN_POINT('',(126.58,-108.4,1.51));
#16592 = CIRCLE('',#16593,0.4);
#16593 = AXIS2_PLACEMENT_3D('',#16594,#16595,#16596);
#16594 = CARTESIAN_POINT('',(126.58,-108.,1.51));
#16595 = DIRECTION('',(-0.,0.,-1.));
#16596 = DIRECTION('',(-3.552713678801E-14,-1.,0.));
#16597 = FACE_BOUND('',#16598,.T.);
#16598 = EDGE_LOOP('',(#16599));
#16599 = ORIENTED_EDGE('',*,*,#16600,.T.);
#16600 = EDGE_CURVE('',#16601,#16601,#16603,.T.);
#16601 = VERTEX_POINT('',#16602);
#16602 = CARTESIAN_POINT('',(126.58,-104.4,1.51));
#16603 = CIRCLE('',#16604,0.4);
#16604 = AXIS2_PLACEMENT_3D('',#16605,#16606,#16607);
#16605 = CARTESIAN_POINT('',(126.58,-104.,1.51));
#16606 = DIRECTION('',(-0.,0.,-1.));
#16607 = DIRECTION('',(-3.552713678801E-14,-1.,0.));
#16608 = FACE_BOUND('',#16609,.T.);
#16609 = EDGE_LOOP('',(#16610));
#16610 = ORIENTED_EDGE('',*,*,#16611,.T.);
#16611 = EDGE_CURVE('',#16612,#16612,#16614,.T.);
#16612 = VERTEX_POINT('',#16613);
#16613 = CARTESIAN_POINT('',(114.,-100.06,1.51));
#16614 = CIRCLE('',#16615,0.4);
#16615 = AXIS2_PLACEMENT_3D('',#16616,#16617,#16618);
#16616 = CARTESIAN_POINT('',(114.,-99.66,1.51));
#16617 = DIRECTION('',(-0.,0.,-1.));
#16618 = DIRECTION('',(-0.,-1.,0.));
#16619 = FACE_BOUND('',#16620,.T.);
#16620 = EDGE_LOOP('',(#16621));
#16621 = ORIENTED_EDGE('',*,*,#16622,.T.);
#16622 = EDGE_CURVE('',#16623,#16623,#16625,.T.);
#16623 = VERTEX_POINT('',#16624);
#16624 = CARTESIAN_POINT('',(120.96,-97.76,1.51));
#16625 = CIRCLE('',#16626,0.76);
#16626 = AXIS2_PLACEMENT_3D('',#16627,#16628,#16629);
#16627 = CARTESIAN_POINT('',(120.96,-97.,1.51));
#16628 = DIRECTION('',(-0.,0.,-1.));
#16629 = DIRECTION('',(-1.869849304632E-14,-1.,0.));
#16630 = FACE_BOUND('',#16631,.T.);
#16631 = EDGE_LOOP('',(#16632));
#16632 = ORIENTED_EDGE('',*,*,#16633,.T.);
#16633 = EDGE_CURVE('',#16634,#16634,#16636,.T.);
#16634 = VERTEX_POINT('',#16635);
#16635 = CARTESIAN_POINT('',(126.04,-97.76,1.51));
#16636 = CIRCLE('',#16637,0.76);
#16637 = AXIS2_PLACEMENT_3D('',#16638,#16639,#16640);
#16638 = CARTESIAN_POINT('',(126.04,-97.,1.51));
#16639 = DIRECTION('',(-0.,0.,-1.));
#16640 = DIRECTION('',(1.869849304632E-14,-1.,-0.));
#16641 = FACE_BOUND('',#16642,.T.);
#16642 = EDGE_LOOP('',(#16643));
#16643 = ORIENTED_EDGE('',*,*,#16644,.T.);
#16644 = EDGE_CURVE('',#16645,#16645,#16647,.T.);
#16645 = VERTEX_POINT('',#16646);
#16646 = CARTESIAN_POINT('',(130.42,-105.9,1.51));
#16647 = CIRCLE('',#16648,0.4);
#16648 = AXIS2_PLACEMENT_3D('',#16649,#16650,#16651);
#16649 = CARTESIAN_POINT('',(130.42,-105.5,1.51));
#16650 = DIRECTION('',(-0.,0.,-1.));
#16651 = DIRECTION('',(-7.105427357601E-14,-1.,0.));
#16652 = FACE_BOUND('',#16653,.T.);
#16653 = EDGE_LOOP('',(#16654));
#16654 = ORIENTED_EDGE('',*,*,#16655,.T.);
#16655 = EDGE_CURVE('',#16656,#16656,#16658,.T.);
#16656 = VERTEX_POINT('',#16657);
#16657 = CARTESIAN_POINT('',(135.,-100.98,1.51));
#16658 = CIRCLE('',#16659,0.4);
#16659 = AXIS2_PLACEMENT_3D('',#16660,#16661,#16662);
#16660 = CARTESIAN_POINT('',(135.,-100.58,1.51));
#16661 = DIRECTION('',(-0.,0.,-1.));
#16662 = DIRECTION('',(-0.,-1.,0.));
#16663 = FACE_BOUND('',#16664,.T.);
#16664 = EDGE_LOOP('',(#16665));
#16665 = ORIENTED_EDGE('',*,*,#16666,.T.);
#16666 = EDGE_CURVE('',#16667,#16667,#16669,.T.);
#16667 = VERTEX_POINT('',#16668);
#16668 = CARTESIAN_POINT('',(140.58,-105.9,1.51));
#16669 = CIRCLE('',#16670,0.4);
#16670 = AXIS2_PLACEMENT_3D('',#16671,#16672,#16673);
#16671 = CARTESIAN_POINT('',(140.58,-105.5,1.51));
#16672 = DIRECTION('',(-0.,0.,-1.));
#16673 = DIRECTION('',(7.105427357601E-14,-1.,-0.));
#16674 = FACE_BOUND('',#16675,.T.);
#16675 = EDGE_LOOP('',(#16676));
#16676 = ORIENTED_EDGE('',*,*,#16677,.T.);
#16677 = EDGE_CURVE('',#16678,#16678,#16680,.T.);
#16678 = VERTEX_POINT('',#16679);
#16679 = CARTESIAN_POINT('',(147.,-100.98,1.51));
#16680 = CIRCLE('',#16681,0.4);
#16681 = AXIS2_PLACEMENT_3D('',#16682,#16683,#16684);
#16682 = CARTESIAN_POINT('',(147.,-100.58,1.51));
#16683 = DIRECTION('',(-0.,0.,-1.));
#16684 = DIRECTION('',(-0.,-1.,0.));
#16685 = FACE_BOUND('',#16686,.T.);
#16686 = EDGE_LOOP('',(#16687));
#16687 = ORIENTED_EDGE('',*,*,#16688,.T.);
#16688 = EDGE_CURVE('',#16689,#16689,#16691,.T.);
#16689 = VERTEX_POINT('',#16690);
#16690 = CARTESIAN_POINT('',(140.,-96.14,1.51));
#16691 = CIRCLE('',#16692,0.5);
#16692 = AXIS2_PLACEMENT_3D('',#16693,#16694,#16695);
#16693 = CARTESIAN_POINT('',(140.,-95.64,1.51));
#16694 = DIRECTION('',(-0.,0.,-1.));
#16695 = DIRECTION('',(-0.,-1.,0.));
#16696 = FACE_BOUND('',#16697,.T.);
#16697 = EDGE_LOOP('',(#16698));
#16698 = ORIENTED_EDGE('',*,*,#16699,.T.);
#16699 = EDGE_CURVE('',#16700,#16700,#16702,.T.);
#16700 = VERTEX_POINT('',#16701);
#16701 = CARTESIAN_POINT('',(143.5,-98.48,1.51));
#16702 = CIRCLE('',#16703,0.4);
#16703 = AXIS2_PLACEMENT_3D('',#16704,#16705,#16706);
#16704 = CARTESIAN_POINT('',(143.5,-98.08,1.51));
#16705 = DIRECTION('',(-0.,0.,-1.));
#16706 = DIRECTION('',(-0.,-1.,0.));
#16707 = FACE_BOUND('',#16708,.T.);
#16708 = EDGE_LOOP('',(#16709));
#16709 = ORIENTED_EDGE('',*,*,#16710,.T.);
#16710 = EDGE_CURVE('',#16711,#16711,#16713,.T.);
#16711 = VERTEX_POINT('',#16712);
#16712 = CARTESIAN_POINT('',(140.,-93.6,1.51));
#16713 = CIRCLE('',#16714,0.5);
#16714 = AXIS2_PLACEMENT_3D('',#16715,#16716,#16717);
#16715 = CARTESIAN_POINT('',(140.,-93.1,1.51));
#16716 = DIRECTION('',(-0.,0.,-1.));
#16717 = DIRECTION('',(-0.,-1.,0.));
#16718 = FACE_BOUND('',#16719,.T.);
#16719 = EDGE_LOOP('',(#16720));
#16720 = ORIENTED_EDGE('',*,*,#16721,.T.);
#16721 = EDGE_CURVE('',#16722,#16722,#16724,.T.);
#16722 = VERTEX_POINT('',#16723);
#16723 = CARTESIAN_POINT('',(114.,-89.9,1.51));
#16724 = CIRCLE('',#16725,0.4);
#16725 = AXIS2_PLACEMENT_3D('',#16726,#16727,#16728);
#16726 = CARTESIAN_POINT('',(114.,-89.5,1.51));
#16727 = DIRECTION('',(-0.,0.,-1.));
#16728 = DIRECTION('',(-0.,-1.,0.));
#16729 = FACE_BOUND('',#16730,.T.);
#16730 = EDGE_LOOP('',(#16731));
#16731 = ORIENTED_EDGE('',*,*,#16732,.F.);
#16732 = EDGE_CURVE('',#16733,#16733,#16735,.T.);
#16733 = VERTEX_POINT('',#16734);
#16734 = CARTESIAN_POINT('',(128.5,-86.,1.51));
#16735 = CIRCLE('',#16736,5.);
#16736 = AXIS2_PLACEMENT_3D('',#16737,#16738,#16739);
#16737 = CARTESIAN_POINT('',(123.5,-86.,1.51));
#16738 = DIRECTION('',(0.,0.,1.));
#16739 = DIRECTION('',(1.,0.,-0.));
#16740 = FACE_BOUND('',#16741,.T.);
#16741 = EDGE_LOOP('',(#16742));
#16742 = ORIENTED_EDGE('',*,*,#16743,.T.);
#16743 = EDGE_CURVE('',#16744,#16744,#16746,.T.);
#16744 = VERTEX_POINT('',#16745);
#16745 = CARTESIAN_POINT('',(109.955113,-76.4,1.51));
#16746 = CIRCLE('',#16747,0.4);
#16747 = AXIS2_PLACEMENT_3D('',#16748,#16749,#16750);
#16748 = CARTESIAN_POINT('',(109.955113,-76.,1.51));
#16749 = DIRECTION('',(-0.,0.,-1.));
#16750 = DIRECTION('',(-3.552713678801E-14,-1.,0.));
#16751 = FACE_BOUND('',#16752,.T.);
#16752 = EDGE_LOOP('',(#16753));
#16753 = ORIENTED_EDGE('',*,*,#16754,.T.);
#16754 = EDGE_CURVE('',#16755,#16755,#16757,.T.);
#16755 = VERTEX_POINT('',#16756);
#16756 = CARTESIAN_POINT('',(111.955113,-76.4,1.51));
#16757 = CIRCLE('',#16758,0.4);
#16758 = AXIS2_PLACEMENT_3D('',#16759,#16760,#16761);
#16759 = CARTESIAN_POINT('',(111.955113,-76.,1.51));
#16760 = DIRECTION('',(-0.,0.,-1.));
#16761 = DIRECTION('',(-3.552713678801E-14,-1.,0.));
#16762 = FACE_BOUND('',#16763,.T.);
#16763 = EDGE_LOOP('',(#16764));
#16764 = ORIENTED_EDGE('',*,*,#16765,.T.);
#16765 = EDGE_CURVE('',#16766,#16766,#16768,.T.);
#16766 = VERTEX_POINT('',#16767);
#16767 = CARTESIAN_POINT('',(120.92,-75.76,1.51));
#16768 = CIRCLE('',#16769,0.76);
#16769 = AXIS2_PLACEMENT_3D('',#16770,#16771,#16772);
#16770 = CARTESIAN_POINT('',(120.92,-75.,1.51));
#16771 = DIRECTION('',(-0.,0.,-1.));
#16772 = DIRECTION('',(-0.,-1.,0.));
#16773 = FACE_BOUND('',#16774,.T.);
#16774 = EDGE_LOOP('',(#16775));
#16775 = ORIENTED_EDGE('',*,*,#16776,.T.);
#16776 = EDGE_CURVE('',#16777,#16777,#16779,.T.);
#16777 = VERTEX_POINT('',#16778);
#16778 = CARTESIAN_POINT('',(126.,-75.76,1.51));
#16779 = CIRCLE('',#16780,0.76);
#16780 = AXIS2_PLACEMENT_3D('',#16781,#16782,#16783);
#16781 = CARTESIAN_POINT('',(126.,-75.,1.51));
#16782 = DIRECTION('',(-0.,0.,-1.));
#16783 = DIRECTION('',(-0.,-1.,0.));
#16784 = FACE_BOUND('',#16785,.T.);
#16785 = EDGE_LOOP('',(#16786));
#16786 = ORIENTED_EDGE('',*,*,#16787,.T.);
#16787 = EDGE_CURVE('',#16788,#16788,#16790,.T.);
#16788 = VERTEX_POINT('',#16789);
#16789 = CARTESIAN_POINT('',(135.,-90.82,1.51));
#16790 = CIRCLE('',#16791,0.4);
#16791 = AXIS2_PLACEMENT_3D('',#16792,#16793,#16794);
#16792 = CARTESIAN_POINT('',(135.,-90.42,1.51));
#16793 = DIRECTION('',(-0.,0.,-1.));
#16794 = DIRECTION('',(-0.,-1.,0.));
#16795 = FACE_BOUND('',#16796,.T.);
#16796 = EDGE_LOOP('',(#16797));
#16797 = ORIENTED_EDGE('',*,*,#16798,.T.);
#16798 = EDGE_CURVE('',#16799,#16799,#16801,.T.);
#16799 = VERTEX_POINT('',#16800);
#16800 = CARTESIAN_POINT('',(140.,-91.06,1.51));
#16801 = CIRCLE('',#16802,0.5);
#16802 = AXIS2_PLACEMENT_3D('',#16803,#16804,#16805);
#16803 = CARTESIAN_POINT('',(140.,-90.56,1.51));
#16804 = DIRECTION('',(-0.,0.,-1.));
#16805 = DIRECTION('',(-0.,-1.,0.));
#16806 = FACE_BOUND('',#16807,.T.);
#16807 = EDGE_LOOP('',(#16808));
#16808 = ORIENTED_EDGE('',*,*,#16809,.T.);
#16809 = EDGE_CURVE('',#16810,#16810,#16812,.T.);
#16810 = VERTEX_POINT('',#16811);
#16811 = CARTESIAN_POINT('',(140.,-88.52,1.51));
#16812 = CIRCLE('',#16813,0.5);
#16813 = AXIS2_PLACEMENT_3D('',#16814,#16815,#16816);
#16814 = CARTESIAN_POINT('',(140.,-88.02,1.51));
#16815 = DIRECTION('',(-0.,0.,-1.));
#16816 = DIRECTION('',(-0.,-1.,0.));
#16817 = FACE_BOUND('',#16818,.T.);
#16818 = EDGE_LOOP('',(#16819));
#16819 = ORIENTED_EDGE('',*,*,#16820,.T.);
#16820 = EDGE_CURVE('',#16821,#16821,#16823,.T.);
#16821 = VERTEX_POINT('',#16822);
#16822 = CARTESIAN_POINT('',(147.,-90.82,1.51));
#16823 = CIRCLE('',#16824,0.4);
#16824 = AXIS2_PLACEMENT_3D('',#16825,#16826,#16827);
#16825 = CARTESIAN_POINT('',(147.,-90.42,1.51));
#16826 = DIRECTION('',(-0.,0.,-1.));
#16827 = DIRECTION('',(-0.,-1.,0.));
#16828 = FACE_BOUND('',#16829,.T.);
#16829 = EDGE_LOOP('',(#16830));
#16830 = ORIENTED_EDGE('',*,*,#16831,.T.);
#16831 = EDGE_CURVE('',#16832,#16832,#16834,.T.);
#16832 = VERTEX_POINT('',#16833);
#16833 = CARTESIAN_POINT('',(143.5,-88.32,1.51));
#16834 = CIRCLE('',#16835,0.4);
#16835 = AXIS2_PLACEMENT_3D('',#16836,#16837,#16838);
#16836 = CARTESIAN_POINT('',(143.5,-87.92,1.51));
#16837 = DIRECTION('',(-0.,0.,-1.));
#16838 = DIRECTION('',(-0.,-1.,0.));
#16839 = FACE_BOUND('',#16840,.T.);
#16840 = EDGE_LOOP('',(#16841));
#16841 = ORIENTED_EDGE('',*,*,#16842,.T.);
#16842 = EDGE_CURVE('',#16843,#16843,#16845,.T.);
#16843 = VERTEX_POINT('',#16844);
#16844 = CARTESIAN_POINT('',(140.,-85.98,1.51));
#16845 = CIRCLE('',#16846,0.5);
#16846 = AXIS2_PLACEMENT_3D('',#16847,#16848,#16849);
#16847 = CARTESIAN_POINT('',(140.,-85.48,1.51));
#16848 = DIRECTION('',(-0.,0.,-1.));
#16849 = DIRECTION('',(-0.,-1.,0.));
#16850 = FACE_BOUND('',#16851,.T.);
#16851 = EDGE_LOOP('',(#16852));
#16852 = ORIENTED_EDGE('',*,*,#16853,.T.);
#16853 = EDGE_CURVE('',#16854,#16854,#16856,.T.);
#16854 = VERTEX_POINT('',#16855);
#16855 = CARTESIAN_POINT('',(140.,-83.44,1.51));
#16856 = CIRCLE('',#16857,0.5);
#16857 = AXIS2_PLACEMENT_3D('',#16858,#16859,#16860);
#16858 = CARTESIAN_POINT('',(140.,-82.94,1.51));
#16859 = DIRECTION('',(-0.,0.,-1.));
#16860 = DIRECTION('',(-0.,-1.,0.));
#16861 = FACE_BOUND('',#16862,.T.);
#16862 = EDGE_LOOP('',(#16863));
#16863 = ORIENTED_EDGE('',*,*,#16864,.T.);
#16864 = EDGE_CURVE('',#16865,#16865,#16867,.T.);
#16865 = VERTEX_POINT('',#16866);
#16866 = CARTESIAN_POINT('',(140.,-80.9,1.51));
#16867 = CIRCLE('',#16868,0.5);
#16868 = AXIS2_PLACEMENT_3D('',#16869,#16870,#16871);
#16869 = CARTESIAN_POINT('',(140.,-80.4,1.51));
#16870 = DIRECTION('',(-0.,0.,-1.));
#16871 = DIRECTION('',(-0.,-1.,0.));
#16872 = PLANE('',#16873);
#16873 = AXIS2_PLACEMENT_3D('',#16874,#16875,#16876);
#16874 = CARTESIAN_POINT('',(0.,0.,1.51));
#16875 = DIRECTION('',(0.,0.,1.));
#16876 = DIRECTION('',(1.,0.,-0.));
#16877 = ADVANCED_FACE('',(#16878),#16889,.T.);
#16878 = FACE_BOUND('',#16879,.T.);
#16879 = EDGE_LOOP('',(#16880,#16886,#16887,#16888));
#16880 = ORIENTED_EDGE('',*,*,#16881,.T.);
#16881 = EDGE_CURVE('',#15908,#16396,#16882,.T.);
#16882 = LINE('',#16883,#16884);
#16883 = CARTESIAN_POINT('',(115.8,-59.175,0.));
#16884 = VECTOR('',#16885,1.);
#16885 = DIRECTION('',(0.,0.,1.));
#16886 = ORIENTED_EDGE('',*,*,#16395,.T.);
#16887 = ORIENTED_EDGE('',*,*,#15841,.F.);
#16888 = ORIENTED_EDGE('',*,*,#15907,.F.);
#16889 = PLANE('',#16890);
#16890 = AXIS2_PLACEMENT_3D('',#16891,#16892,#16893);
#16891 = CARTESIAN_POINT('',(115.8,-59.175,0.));
#16892 = DIRECTION('',(0.,1.,0.));
#16893 = DIRECTION('',(1.,0.,0.));
#16894 = ADVANCED_FACE('',(#16895),#16906,.T.);
#16895 = FACE_BOUND('',#16896,.T.);
#16896 = EDGE_LOOP('',(#16897,#16898,#16899,#16905));
#16897 = ORIENTED_EDGE('',*,*,#15882,.T.);
#16898 = ORIENTED_EDGE('',*,*,#16558,.T.);
#16899 = ORIENTED_EDGE('',*,*,#16900,.F.);
#16900 = EDGE_CURVE('',#16063,#16551,#16901,.T.);
#16901 = LINE('',#16902,#16903);
#16902 = CARTESIAN_POINT('',(149.7,-78.3,0.));
#16903 = VECTOR('',#16904,1.);
#16904 = DIRECTION('',(0.,0.,1.));
#16905 = ORIENTED_EDGE('',*,*,#16070,.F.);
#16906 = PLANE('',#16907);
#16907 = AXIS2_PLACEMENT_3D('',#16908,#16909,#16910);
#16908 = CARTESIAN_POINT('',(149.7,-71.385,0.));
#16909 = DIRECTION('',(1.,0.,-0.));
#16910 = DIRECTION('',(0.,-1.,0.));
#16911 = ADVANCED_FACE('',(#16912),#16923,.T.);
#16912 = FACE_BOUND('',#16913,.T.);
#16913 = EDGE_LOOP('',(#16914,#16920,#16921,#16922));
#16914 = ORIENTED_EDGE('',*,*,#16915,.T.);
#16915 = EDGE_CURVE('',#15916,#16404,#16916,.T.);
#16916 = LINE('',#16917,#16918);
#16917 = CARTESIAN_POINT('',(115.8,-59.8,0.));
#16918 = VECTOR('',#16919,1.);
#16919 = DIRECTION('',(0.,0.,1.));
#16920 = ORIENTED_EDGE('',*,*,#16403,.T.);
#16921 = ORIENTED_EDGE('',*,*,#16881,.F.);
#16922 = ORIENTED_EDGE('',*,*,#15915,.F.);
#16923 = PLANE('',#16924);
#16924 = AXIS2_PLACEMENT_3D('',#16925,#16926,#16927);
#16925 = CARTESIAN_POINT('',(115.8,-59.8,0.));
#16926 = DIRECTION('',(-1.,0.,0.));
#16927 = DIRECTION('',(0.,1.,0.));
#16928 = ADVANCED_FACE('',(#16929),#16940,.T.);
#16929 = FACE_BOUND('',#16930,.T.);
#16930 = EDGE_LOOP('',(#16931,#16932,#16933,#16939));
#16931 = ORIENTED_EDGE('',*,*,#16900,.T.);
#16932 = ORIENTED_EDGE('',*,*,#16550,.T.);
#16933 = ORIENTED_EDGE('',*,*,#16934,.F.);
#16934 = EDGE_CURVE('',#16055,#16543,#16935,.T.);
#16935 = LINE('',#16936,#16937);
#16936 = CARTESIAN_POINT('',(150.325,-78.3,0.));
#16937 = VECTOR('',#16938,1.);
#16938 = DIRECTION('',(0.,0.,1.));
#16939 = ORIENTED_EDGE('',*,*,#16062,.F.);
#16940 = PLANE('',#16941);
#16941 = AXIS2_PLACEMENT_3D('',#16942,#16943,#16944);
#16942 = CARTESIAN_POINT('',(149.7,-78.3,0.));
#16943 = DIRECTION('',(0.,1.,0.));
#16944 = DIRECTION('',(1.,0.,0.));
#16945 = ADVANCED_FACE('',(#16946),#16957,.T.);
#16946 = FACE_BOUND('',#16947,.T.);
#16947 = EDGE_LOOP('',(#16948,#16954,#16955,#16956));
#16948 = ORIENTED_EDGE('',*,*,#16949,.T.);
#16949 = EDGE_CURVE('',#15924,#16412,#16950,.T.);
#16950 = LINE('',#16951,#16952);
#16951 = CARTESIAN_POINT('',(108.885,-59.8,0.));
#16952 = VECTOR('',#16953,1.);
#16953 = DIRECTION('',(0.,0.,1.));
#16954 = ORIENTED_EDGE('',*,*,#16411,.T.);
#16955 = ORIENTED_EDGE('',*,*,#16915,.F.);
#16956 = ORIENTED_EDGE('',*,*,#15923,.F.);
#16957 = PLANE('',#16958);
#16958 = AXIS2_PLACEMENT_3D('',#16959,#16960,#16961);
#16959 = CARTESIAN_POINT('',(108.885,-59.8,0.));
#16960 = DIRECTION('',(0.,1.,0.));
#16961 = DIRECTION('',(1.,0.,0.));
#16962 = ADVANCED_FACE('',(#16963),#16974,.T.);
#16963 = FACE_BOUND('',#16964,.T.);
#16964 = EDGE_LOOP('',(#16965,#16966,#16967,#16973));
#16965 = ORIENTED_EDGE('',*,*,#16934,.T.);
#16966 = ORIENTED_EDGE('',*,*,#16542,.T.);
#16967 = ORIENTED_EDGE('',*,*,#16968,.F.);
#16968 = EDGE_CURVE('',#16047,#16535,#16969,.T.);
#16969 = LINE('',#16970,#16971);
#16970 = CARTESIAN_POINT('',(150.325,-93.7,0.));
#16971 = VECTOR('',#16972,1.);
#16972 = DIRECTION('',(0.,0.,1.));
#16973 = ORIENTED_EDGE('',*,*,#16054,.F.);
#16974 = PLANE('',#16975);
#16975 = AXIS2_PLACEMENT_3D('',#16976,#16977,#16978);
#16976 = CARTESIAN_POINT('',(150.325,-78.3,0.));
#16977 = DIRECTION('',(1.,0.,-0.));
#16978 = DIRECTION('',(0.,-1.,0.));
#16979 = ADVANCED_FACE('',(#16980),#16991,.T.);
#16980 = FACE_BOUND('',#16981,.T.);
#16981 = EDGE_LOOP('',(#16982,#16988,#16989,#16990));
#16982 = ORIENTED_EDGE('',*,*,#16983,.T.);
#16983 = EDGE_CURVE('',#15932,#16420,#16984,.T.);
#16984 = LINE('',#16985,#16986);
#16985 = CARTESIAN_POINT('',(97.3,-71.385,0.));
#16986 = VECTOR('',#16987,1.);
#16987 = DIRECTION('',(0.,0.,1.));
#16988 = ORIENTED_EDGE('',*,*,#16419,.T.);
#16989 = ORIENTED_EDGE('',*,*,#16949,.F.);
#16990 = ORIENTED_EDGE('',*,*,#15931,.F.);
#16991 = CYLINDRICAL_SURFACE('',#16992,30.000634096494);
#16992 = AXIS2_PLACEMENT_3D('',#16993,#16994,#16995);
#16993 = CARTESIAN_POINT('',(123.49999780952,-85.99999780952,0.));
#16994 = DIRECTION('',(0.,0.,-1.));
#16995 = DIRECTION('',(-0.873314801456,0.487156296848,0.));
#16996 = ADVANCED_FACE('',(#16997),#17008,.T.);
#16997 = FACE_BOUND('',#16998,.T.);
#16998 = EDGE_LOOP('',(#16999,#17000,#17001,#17007));
#16999 = ORIENTED_EDGE('',*,*,#16968,.T.);
#17000 = ORIENTED_EDGE('',*,*,#16534,.T.);
#17001 = ORIENTED_EDGE('',*,*,#17002,.F.);
#17002 = EDGE_CURVE('',#16039,#16527,#17003,.T.);
#17003 = LINE('',#17004,#17005);
#17004 = CARTESIAN_POINT('',(149.7,-93.7,0.));
#17005 = VECTOR('',#17006,1.);
#17006 = DIRECTION('',(0.,0.,1.));
#17007 = ORIENTED_EDGE('',*,*,#16046,.F.);
#17008 = PLANE('',#17009);
#17009 = AXIS2_PLACEMENT_3D('',#17010,#17011,#17012);
#17010 = CARTESIAN_POINT('',(150.325,-93.7,0.));
#17011 = DIRECTION('',(0.,-1.,0.));
#17012 = DIRECTION('',(-1.,0.,0.));
#17013 = ADVANCED_FACE('',(#17014),#17025,.T.);
#17014 = FACE_BOUND('',#17015,.T.);
#17015 = EDGE_LOOP('',(#17016,#17022,#17023,#17024));
#17016 = ORIENTED_EDGE('',*,*,#17017,.T.);
#17017 = EDGE_CURVE('',#15941,#16429,#17018,.T.);
#17018 = LINE('',#17019,#17020);
#17019 = CARTESIAN_POINT('',(97.3,-78.3,0.));
#17020 = VECTOR('',#17021,1.);
#17021 = DIRECTION('',(0.,0.,1.));
#17022 = ORIENTED_EDGE('',*,*,#16428,.T.);
#17023 = ORIENTED_EDGE('',*,*,#16983,.F.);
#17024 = ORIENTED_EDGE('',*,*,#15940,.F.);
#17025 = PLANE('',#17026);
#17026 = AXIS2_PLACEMENT_3D('',#17027,#17028,#17029);
#17027 = CARTESIAN_POINT('',(97.3,-78.3,0.));
#17028 = DIRECTION('',(-1.,0.,0.));
#17029 = DIRECTION('',(0.,1.,0.));
#17030 = ADVANCED_FACE('',(#17031),#17042,.T.);
#17031 = FACE_BOUND('',#17032,.T.);
#17032 = EDGE_LOOP('',(#17033,#17034,#17035,#17041));
#17033 = ORIENTED_EDGE('',*,*,#17002,.T.);
#17034 = ORIENTED_EDGE('',*,*,#16526,.T.);
#17035 = ORIENTED_EDGE('',*,*,#17036,.F.);
#17036 = EDGE_CURVE('',#16030,#16518,#17037,.T.);
#17037 = LINE('',#17038,#17039);
#17038 = CARTESIAN_POINT('',(149.7,-100.615,0.));
#17039 = VECTOR('',#17040,1.);
#17040 = DIRECTION('',(0.,0.,1.));
#17041 = ORIENTED_EDGE('',*,*,#16038,.F.);
#17042 = PLANE('',#17043);
#17043 = AXIS2_PLACEMENT_3D('',#17044,#17045,#17046);
#17044 = CARTESIAN_POINT('',(149.7,-93.7,0.));
#17045 = DIRECTION('',(1.,0.,-0.));
#17046 = DIRECTION('',(0.,-1.,0.));
#17047 = ADVANCED_FACE('',(#17048),#17059,.T.);
#17048 = FACE_BOUND('',#17049,.T.);
#17049 = EDGE_LOOP('',(#17050,#17056,#17057,#17058));
#17050 = ORIENTED_EDGE('',*,*,#17051,.T.);
#17051 = EDGE_CURVE('',#15949,#16437,#17052,.T.);
#17052 = LINE('',#17053,#17054);
#17053 = CARTESIAN_POINT('',(96.675,-78.3,0.));
#17054 = VECTOR('',#17055,1.);
#17055 = DIRECTION('',(0.,0.,1.));
#17056 = ORIENTED_EDGE('',*,*,#16436,.T.);
#17057 = ORIENTED_EDGE('',*,*,#17017,.F.);
#17058 = ORIENTED_EDGE('',*,*,#15948,.F.);
#17059 = PLANE('',#17060);
#17060 = AXIS2_PLACEMENT_3D('',#17061,#17062,#17063);
#17061 = CARTESIAN_POINT('',(96.675,-78.3,0.));
#17062 = DIRECTION('',(0.,1.,0.));
#17063 = DIRECTION('',(1.,0.,0.));
#17064 = ADVANCED_FACE('',(#17065),#17076,.T.);
#17065 = FACE_BOUND('',#17066,.T.);
#17066 = EDGE_LOOP('',(#17067,#17068,#17069,#17075));
#17067 = ORIENTED_EDGE('',*,*,#17036,.T.);
#17068 = ORIENTED_EDGE('',*,*,#16517,.T.);
#17069 = ORIENTED_EDGE('',*,*,#17070,.F.);
#17070 = EDGE_CURVE('',#16022,#16510,#17071,.T.);
#17071 = LINE('',#17072,#17073);
#17072 = CARTESIAN_POINT('',(138.115,-112.2,0.));
#17073 = VECTOR('',#17074,1.);
#17074 = DIRECTION('',(0.,0.,1.));
#17075 = ORIENTED_EDGE('',*,*,#16029,.F.);
#17076 = CYLINDRICAL_SURFACE('',#17077,30.000634096495);
#17077 = AXIS2_PLACEMENT_3D('',#17078,#17079,#17080);
#17078 = CARTESIAN_POINT('',(123.50000219047,-86.00000219047,0.));
#17079 = DIRECTION('',(0.,0.,-1.));
#17080 = DIRECTION('',(0.873314801456,-0.487156296848,0.));
#17081 = ADVANCED_FACE('',(#17082),#17093,.T.);
#17082 = FACE_BOUND('',#17083,.T.);
#17083 = EDGE_LOOP('',(#17084,#17090,#17091,#17092));
#17084 = ORIENTED_EDGE('',*,*,#17085,.T.);
#17085 = EDGE_CURVE('',#15957,#16445,#17086,.T.);
#17086 = LINE('',#17087,#17088);
#17087 = CARTESIAN_POINT('',(96.675,-93.7,0.));
#17088 = VECTOR('',#17089,1.);
#17089 = DIRECTION('',(0.,0.,1.));
#17090 = ORIENTED_EDGE('',*,*,#16444,.T.);
#17091 = ORIENTED_EDGE('',*,*,#17051,.F.);
#17092 = ORIENTED_EDGE('',*,*,#15956,.F.);
#17093 = PLANE('',#17094);
#17094 = AXIS2_PLACEMENT_3D('',#17095,#17096,#17097);
#17095 = CARTESIAN_POINT('',(96.675,-93.7,0.));
#17096 = DIRECTION('',(-1.,0.,0.));
#17097 = DIRECTION('',(0.,1.,0.));
#17098 = ADVANCED_FACE('',(#17099),#17110,.T.);
#17099 = FACE_BOUND('',#17100,.T.);
#17100 = EDGE_LOOP('',(#17101,#17102,#17103,#17109));
#17101 = ORIENTED_EDGE('',*,*,#17070,.T.);
#17102 = ORIENTED_EDGE('',*,*,#16509,.T.);
#17103 = ORIENTED_EDGE('',*,*,#17104,.F.);
#17104 = EDGE_CURVE('',#16014,#16502,#17105,.T.);
#17105 = LINE('',#17106,#17107);
#17106 = CARTESIAN_POINT('',(131.2,-112.2,0.));
#17107 = VECTOR('',#17108,1.);
#17108 = DIRECTION('',(0.,0.,1.));
#17109 = ORIENTED_EDGE('',*,*,#16021,.F.);
#17110 = PLANE('',#17111);
#17111 = AXIS2_PLACEMENT_3D('',#17112,#17113,#17114);
#17112 = CARTESIAN_POINT('',(138.115,-112.2,0.));
#17113 = DIRECTION('',(0.,-1.,0.));
#17114 = DIRECTION('',(-1.,0.,0.));
#17115 = ADVANCED_FACE('',(#17116),#17127,.T.);
#17116 = FACE_BOUND('',#17117,.T.);
#17117 = EDGE_LOOP('',(#17118,#17124,#17125,#17126));
#17118 = ORIENTED_EDGE('',*,*,#17119,.T.);
#17119 = EDGE_CURVE('',#15965,#16453,#17120,.T.);
#17120 = LINE('',#17121,#17122);
#17121 = CARTESIAN_POINT('',(97.3,-93.7,0.));
#17122 = VECTOR('',#17123,1.);
#17123 = DIRECTION('',(0.,0.,1.));
#17124 = ORIENTED_EDGE('',*,*,#16452,.T.);
#17125 = ORIENTED_EDGE('',*,*,#17085,.F.);
#17126 = ORIENTED_EDGE('',*,*,#15964,.F.);
#17127 = PLANE('',#17128);
#17128 = AXIS2_PLACEMENT_3D('',#17129,#17130,#17131);
#17129 = CARTESIAN_POINT('',(97.3,-93.7,0.));
#17130 = DIRECTION('',(0.,-1.,0.));
#17131 = DIRECTION('',(-1.,0.,0.));
#17132 = ADVANCED_FACE('',(#17133),#17144,.T.);
#17133 = FACE_BOUND('',#17134,.T.);
#17134 = EDGE_LOOP('',(#17135,#17136,#17137,#17143));
#17135 = ORIENTED_EDGE('',*,*,#17104,.T.);
#17136 = ORIENTED_EDGE('',*,*,#16501,.T.);
#17137 = ORIENTED_EDGE('',*,*,#17138,.F.);
#17138 = EDGE_CURVE('',#16006,#16494,#17139,.T.);
#17139 = LINE('',#17140,#17141);
#17140 = CARTESIAN_POINT('',(131.2,-112.825,0.));
#17141 = VECTOR('',#17142,1.);
#17142 = DIRECTION('',(0.,0.,1.));
#17143 = ORIENTED_EDGE('',*,*,#16013,.F.);
#17144 = PLANE('',#17145);
#17145 = AXIS2_PLACEMENT_3D('',#17146,#17147,#17148);
#17146 = CARTESIAN_POINT('',(131.2,-112.2,0.));
#17147 = DIRECTION('',(1.,0.,-0.));
#17148 = DIRECTION('',(0.,-1.,0.));
#17149 = ADVANCED_FACE('',(#17150),#17161,.T.);
#17150 = FACE_BOUND('',#17151,.T.);
#17151 = EDGE_LOOP('',(#17152,#17158,#17159,#17160));
#17152 = ORIENTED_EDGE('',*,*,#17153,.T.);
#17153 = EDGE_CURVE('',#15973,#16461,#17154,.T.);
#17154 = LINE('',#17155,#17156);
#17155 = CARTESIAN_POINT('',(97.3,-100.615,0.));
#17156 = VECTOR('',#17157,1.);
#17157 = DIRECTION('',(0.,0.,1.));
#17158 = ORIENTED_EDGE('',*,*,#16460,.T.);
#17159 = ORIENTED_EDGE('',*,*,#17119,.F.);
#17160 = ORIENTED_EDGE('',*,*,#15972,.F.);
#17161 = PLANE('',#17162);
#17162 = AXIS2_PLACEMENT_3D('',#17163,#17164,#17165);
#17163 = CARTESIAN_POINT('',(97.3,-100.615,0.));
#17164 = DIRECTION('',(-1.,0.,0.));
#17165 = DIRECTION('',(0.,1.,0.));
#17166 = ADVANCED_FACE('',(#17167),#17178,.T.);
#17167 = FACE_BOUND('',#17168,.T.);
#17168 = EDGE_LOOP('',(#17169,#17170,#17171,#17177));
#17169 = ORIENTED_EDGE('',*,*,#17138,.T.);
#17170 = ORIENTED_EDGE('',*,*,#16493,.T.);
#17171 = ORIENTED_EDGE('',*,*,#17172,.F.);
#17172 = EDGE_CURVE('',#15998,#16486,#17173,.T.);
#17173 = LINE('',#17174,#17175);
#17174 = CARTESIAN_POINT('',(115.8,-112.825,0.));
#17175 = VECTOR('',#17176,1.);
#17176 = DIRECTION('',(0.,0.,1.));
#17177 = ORIENTED_EDGE('',*,*,#16005,.F.);
#17178 = PLANE('',#17179);
#17179 = AXIS2_PLACEMENT_3D('',#17180,#17181,#17182);
#17180 = CARTESIAN_POINT('',(131.2,-112.825,0.));
#17181 = DIRECTION('',(0.,-1.,0.));
#17182 = DIRECTION('',(-1.,0.,0.));
#17183 = ADVANCED_FACE('',(#17184),#17195,.T.);
#17184 = FACE_BOUND('',#17185,.T.);
#17185 = EDGE_LOOP('',(#17186,#17192,#17193,#17194));
#17186 = ORIENTED_EDGE('',*,*,#17187,.T.);
#17187 = EDGE_CURVE('',#15981,#16469,#17188,.T.);
#17188 = LINE('',#17189,#17190);
#17189 = CARTESIAN_POINT('',(108.885,-112.2,0.));
#17190 = VECTOR('',#17191,1.);
#17191 = DIRECTION('',(0.,0.,1.));
#17192 = ORIENTED_EDGE('',*,*,#16468,.T.);
#17193 = ORIENTED_EDGE('',*,*,#17153,.F.);
#17194 = ORIENTED_EDGE('',*,*,#15980,.F.);
#17195 = CYLINDRICAL_SURFACE('',#17196,30.000634096494);
#17196 = AXIS2_PLACEMENT_3D('',#17197,#17198,#17199);
#17197 = CARTESIAN_POINT('',(123.49999780952,-86.00000219047,0.));
#17198 = DIRECTION('',(0.,0.,-1.));
#17199 = DIRECTION('',(-0.487156296848,-0.873314801456,-0.));
#17200 = ADVANCED_FACE('',(#17201),#17212,.T.);
#17201 = FACE_BOUND('',#17202,.T.);
#17202 = EDGE_LOOP('',(#17203,#17204,#17205,#17211));
#17203 = ORIENTED_EDGE('',*,*,#17172,.T.);
#17204 = ORIENTED_EDGE('',*,*,#16485,.T.);
#17205 = ORIENTED_EDGE('',*,*,#17206,.F.);
#17206 = EDGE_CURVE('',#15990,#16478,#17207,.T.);
#17207 = LINE('',#17208,#17209);
#17208 = CARTESIAN_POINT('',(115.8,-112.2,0.));
#17209 = VECTOR('',#17210,1.);
#17210 = DIRECTION('',(0.,0.,1.));
#17211 = ORIENTED_EDGE('',*,*,#15997,.F.);
#17212 = PLANE('',#17213);
#17213 = AXIS2_PLACEMENT_3D('',#17214,#17215,#17216);
#17214 = CARTESIAN_POINT('',(115.8,-112.825,0.));
#17215 = DIRECTION('',(-1.,0.,0.));
#17216 = DIRECTION('',(0.,1.,0.));
#17217 = ADVANCED_FACE('',(#17218),#17224,.T.);
#17218 = FACE_BOUND('',#17219,.T.);
#17219 = EDGE_LOOP('',(#17220,#17221,#17222,#17223));
#17220 = ORIENTED_EDGE('',*,*,#17206,.T.);
#17221 = ORIENTED_EDGE('',*,*,#16477,.T.);
#17222 = ORIENTED_EDGE('',*,*,#17187,.F.);
#17223 = ORIENTED_EDGE('',*,*,#15989,.F.);
#17224 = PLANE('',#17225);
#17225 = AXIS2_PLACEMENT_3D('',#17226,#17227,#17228);
#17226 = CARTESIAN_POINT('',(115.8,-112.2,0.));
#17227 = DIRECTION('',(0.,-1.,0.));
#17228 = DIRECTION('',(-1.,0.,0.));
#17229 = ADVANCED_FACE('',(#17230),#17241,.F.);
#17230 = FACE_BOUND('',#17231,.T.);
#17231 = EDGE_LOOP('',(#17232,#17233,#17239,#17240));
#17232 = ORIENTED_EDGE('',*,*,#16079,.T.);
#17233 = ORIENTED_EDGE('',*,*,#17234,.T.);
#17234 = EDGE_CURVE('',#16080,#16568,#17235,.T.);
#17235 = LINE('',#17236,#17237);
#17236 = CARTESIAN_POINT('',(116.42,-108.4,-4.6E-02));
#17237 = VECTOR('',#17238,1.);
#17238 = DIRECTION('',(0.,0.,1.));
#17239 = ORIENTED_EDGE('',*,*,#16567,.F.);
#17240 = ORIENTED_EDGE('',*,*,#17234,.F.);
#17241 = CYLINDRICAL_SURFACE('',#17242,0.4);
#17242 = AXIS2_PLACEMENT_3D('',#17243,#17244,#17245);
#17243 = CARTESIAN_POINT('',(116.42,-108.,-4.6E-02));
#17244 = DIRECTION('',(-0.,0.,-1.));
#17245 = DIRECTION('',(3.5527136788E-14,-1.,-0.));
#17246 = ADVANCED_FACE('',(#17247),#17258,.F.);
#17247 = FACE_BOUND('',#17248,.T.);
#17248 = EDGE_LOOP('',(#17249,#17250,#17256,#17257));
#17249 = ORIENTED_EDGE('',*,*,#16090,.T.);
#17250 = ORIENTED_EDGE('',*,*,#17251,.T.);
#17251 = EDGE_CURVE('',#16091,#16579,#17252,.T.);
#17252 = LINE('',#17253,#17254);
#17253 = CARTESIAN_POINT('',(116.42,-104.4,-4.6E-02));
#17254 = VECTOR('',#17255,1.);
#17255 = DIRECTION('',(0.,0.,1.));
#17256 = ORIENTED_EDGE('',*,*,#16578,.F.);
#17257 = ORIENTED_EDGE('',*,*,#17251,.F.);
#17258 = CYLINDRICAL_SURFACE('',#17259,0.4);
#17259 = AXIS2_PLACEMENT_3D('',#17260,#17261,#17262);
#17260 = CARTESIAN_POINT('',(116.42,-104.,-4.6E-02));
#17261 = DIRECTION('',(-0.,0.,-1.));
#17262 = DIRECTION('',(3.5527136788E-14,-1.,-0.));
#17263 = ADVANCED_FACE('',(#17264),#17275,.F.);
#17264 = FACE_BOUND('',#17265,.T.);
#17265 = EDGE_LOOP('',(#17266,#17267,#17273,#17274));
#17266 = ORIENTED_EDGE('',*,*,#16101,.T.);
#17267 = ORIENTED_EDGE('',*,*,#17268,.T.);
#17268 = EDGE_CURVE('',#16102,#16590,#17269,.T.);
#17269 = LINE('',#17270,#17271);
#17270 = CARTESIAN_POINT('',(126.58,-108.4,-4.6E-02));
#17271 = VECTOR('',#17272,1.);
#17272 = DIRECTION('',(0.,0.,1.));
#17273 = ORIENTED_EDGE('',*,*,#16589,.F.);
#17274 = ORIENTED_EDGE('',*,*,#17268,.F.);
#17275 = CYLINDRICAL_SURFACE('',#17276,0.4);
#17276 = AXIS2_PLACEMENT_3D('',#17277,#17278,#17279);
#17277 = CARTESIAN_POINT('',(126.58,-108.,-4.6E-02));
#17278 = DIRECTION('',(-0.,-0.,-1.));
#17279 = DIRECTION('',(-3.552713678801E-14,-1.,0.));
#17280 = ADVANCED_FACE('',(#17281),#17292,.F.);
#17281 = FACE_BOUND('',#17282,.T.);
#17282 = EDGE_LOOP('',(#17283,#17284,#17290,#17291));
#17283 = ORIENTED_EDGE('',*,*,#16112,.T.);
#17284 = ORIENTED_EDGE('',*,*,#17285,.T.);
#17285 = EDGE_CURVE('',#16113,#16601,#17286,.T.);
#17286 = LINE('',#17287,#17288);
#17287 = CARTESIAN_POINT('',(126.58,-104.4,-4.6E-02));
#17288 = VECTOR('',#17289,1.);
#17289 = DIRECTION('',(0.,0.,1.));
#17290 = ORIENTED_EDGE('',*,*,#16600,.F.);
#17291 = ORIENTED_EDGE('',*,*,#17285,.F.);
#17292 = CYLINDRICAL_SURFACE('',#17293,0.4);
#17293 = AXIS2_PLACEMENT_3D('',#17294,#17295,#17296);
#17294 = CARTESIAN_POINT('',(126.58,-104.,-4.6E-02));
#17295 = DIRECTION('',(-0.,-0.,-1.));
#17296 = DIRECTION('',(-3.552713678801E-14,-1.,0.));
#17297 = ADVANCED_FACE('',(#17298),#17309,.F.);
#17298 = FACE_BOUND('',#17299,.T.);
#17299 = EDGE_LOOP('',(#17300,#17301,#17307,#17308));
#17300 = ORIENTED_EDGE('',*,*,#16123,.T.);
#17301 = ORIENTED_EDGE('',*,*,#17302,.T.);
#17302 = EDGE_CURVE('',#16124,#16612,#17303,.T.);
#17303 = LINE('',#17304,#17305);
#17304 = CARTESIAN_POINT('',(114.,-100.06,-4.6E-02));
#17305 = VECTOR('',#17306,1.);
#17306 = DIRECTION('',(0.,0.,1.));
#17307 = ORIENTED_EDGE('',*,*,#16611,.F.);
#17308 = ORIENTED_EDGE('',*,*,#17302,.F.);
#17309 = CYLINDRICAL_SURFACE('',#17310,0.4);
#17310 = AXIS2_PLACEMENT_3D('',#17311,#17312,#17313);
#17311 = CARTESIAN_POINT('',(114.,-99.66,-4.6E-02));
#17312 = DIRECTION('',(-0.,-0.,-1.));
#17313 = DIRECTION('',(-0.,-1.,0.));
#17314 = ADVANCED_FACE('',(#17315),#17326,.F.);
#17315 = FACE_BOUND('',#17316,.T.);
#17316 = EDGE_LOOP('',(#17317,#17318,#17324,#17325));
#17317 = ORIENTED_EDGE('',*,*,#16134,.T.);
#17318 = ORIENTED_EDGE('',*,*,#17319,.T.);
#17319 = EDGE_CURVE('',#16135,#16623,#17320,.T.);
#17320 = LINE('',#17321,#17322);
#17321 = CARTESIAN_POINT('',(120.96,-97.76,-4.6E-02));
#17322 = VECTOR('',#17323,1.);
#17323 = DIRECTION('',(0.,0.,1.));
#17324 = ORIENTED_EDGE('',*,*,#16622,.F.);
#17325 = ORIENTED_EDGE('',*,*,#17319,.F.);
#17326 = CYLINDRICAL_SURFACE('',#17327,0.76);
#17327 = AXIS2_PLACEMENT_3D('',#17328,#17329,#17330);
#17328 = CARTESIAN_POINT('',(120.96,-97.,-4.6E-02));
#17329 = DIRECTION('',(-0.,-0.,-1.));
#17330 = DIRECTION('',(-1.869849304632E-14,-1.,0.));
#17331 = ADVANCED_FACE('',(#17332),#17343,.F.);
#17332 = FACE_BOUND('',#17333,.T.);
#17333 = EDGE_LOOP('',(#17334,#17335,#17341,#17342));
#17334 = ORIENTED_EDGE('',*,*,#16145,.T.);
#17335 = ORIENTED_EDGE('',*,*,#17336,.T.);
#17336 = EDGE_CURVE('',#16146,#16634,#17337,.T.);
#17337 = LINE('',#17338,#17339);
#17338 = CARTESIAN_POINT('',(126.04,-97.76,-4.6E-02));
#17339 = VECTOR('',#17340,1.);
#17340 = DIRECTION('',(0.,0.,1.));
#17341 = ORIENTED_EDGE('',*,*,#16633,.F.);
#17342 = ORIENTED_EDGE('',*,*,#17336,.F.);
#17343 = CYLINDRICAL_SURFACE('',#17344,0.76);
#17344 = AXIS2_PLACEMENT_3D('',#17345,#17346,#17347);
#17345 = CARTESIAN_POINT('',(126.04,-97.,-4.6E-02));
#17346 = DIRECTION('',(-0.,0.,-1.));
#17347 = DIRECTION('',(1.869849304632E-14,-1.,-0.));
#17348 = ADVANCED_FACE('',(#17349),#17360,.F.);
#17349 = FACE_BOUND('',#17350,.T.);
#17350 = EDGE_LOOP('',(#17351,#17352,#17358,#17359));
#17351 = ORIENTED_EDGE('',*,*,#16156,.T.);
#17352 = ORIENTED_EDGE('',*,*,#17353,.T.);
#17353 = EDGE_CURVE('',#16157,#16645,#17354,.T.);
#17354 = LINE('',#17355,#17356);
#17355 = CARTESIAN_POINT('',(130.42,-105.9,-4.6E-02));
#17356 = VECTOR('',#17357,1.);
#17357 = DIRECTION('',(0.,0.,1.));
#17358 = ORIENTED_EDGE('',*,*,#16644,.F.);
#17359 = ORIENTED_EDGE('',*,*,#17353,.F.);
#17360 = CYLINDRICAL_SURFACE('',#17361,0.4);
#17361 = AXIS2_PLACEMENT_3D('',#17362,#17363,#17364);
#17362 = CARTESIAN_POINT('',(130.42,-105.5,-4.6E-02));
#17363 = DIRECTION('',(-0.,-0.,-1.));
#17364 = DIRECTION('',(-7.105427357601E-14,-1.,0.));
#17365 = ADVANCED_FACE('',(#17366),#17377,.F.);
#17366 = FACE_BOUND('',#17367,.T.);
#17367 = EDGE_LOOP('',(#17368,#17369,#17375,#17376));
#17368 = ORIENTED_EDGE('',*,*,#16167,.T.);
#17369 = ORIENTED_EDGE('',*,*,#17370,.T.);
#17370 = EDGE_CURVE('',#16168,#16656,#17371,.T.);
#17371 = LINE('',#17372,#17373);
#17372 = CARTESIAN_POINT('',(135.,-100.98,-4.6E-02));
#17373 = VECTOR('',#17374,1.);
#17374 = DIRECTION('',(0.,0.,1.));
#17375 = ORIENTED_EDGE('',*,*,#16655,.F.);
#17376 = ORIENTED_EDGE('',*,*,#17370,.F.);
#17377 = CYLINDRICAL_SURFACE('',#17378,0.4);
#17378 = AXIS2_PLACEMENT_3D('',#17379,#17380,#17381);
#17379 = CARTESIAN_POINT('',(135.,-100.58,-4.6E-02));
#17380 = DIRECTION('',(-0.,-0.,-1.));
#17381 = DIRECTION('',(-0.,-1.,0.));
#17382 = ADVANCED_FACE('',(#17383),#17394,.F.);
#17383 = FACE_BOUND('',#17384,.T.);
#17384 = EDGE_LOOP('',(#17385,#17386,#17392,#17393));
#17385 = ORIENTED_EDGE('',*,*,#16178,.T.);
#17386 = ORIENTED_EDGE('',*,*,#17387,.T.);
#17387 = EDGE_CURVE('',#16179,#16667,#17388,.T.);
#17388 = LINE('',#17389,#17390);
#17389 = CARTESIAN_POINT('',(140.58,-105.9,-4.6E-02));
#17390 = VECTOR('',#17391,1.);
#17391 = DIRECTION('',(0.,0.,1.));
#17392 = ORIENTED_EDGE('',*,*,#16666,.F.);
#17393 = ORIENTED_EDGE('',*,*,#17387,.F.);
#17394 = CYLINDRICAL_SURFACE('',#17395,0.4);
#17395 = AXIS2_PLACEMENT_3D('',#17396,#17397,#17398);
#17396 = CARTESIAN_POINT('',(140.58,-105.5,-4.6E-02));
#17397 = DIRECTION('',(-0.,0.,-1.));
#17398 = DIRECTION('',(7.105427357601E-14,-1.,-0.));
#17399 = ADVANCED_FACE('',(#17400),#17411,.F.);
#17400 = FACE_BOUND('',#17401,.T.);
#17401 = EDGE_LOOP('',(#17402,#17403,#17409,#17410));
#17402 = ORIENTED_EDGE('',*,*,#16189,.T.);
#17403 = ORIENTED_EDGE('',*,*,#17404,.T.);
#17404 = EDGE_CURVE('',#16190,#16678,#17405,.T.);
#17405 = LINE('',#17406,#17407);
#17406 = CARTESIAN_POINT('',(147.,-100.98,-4.6E-02));
#17407 = VECTOR('',#17408,1.);
#17408 = DIRECTION('',(0.,0.,1.));
#17409 = ORIENTED_EDGE('',*,*,#16677,.F.);
#17410 = ORIENTED_EDGE('',*,*,#17404,.F.);
#17411 = CYLINDRICAL_SURFACE('',#17412,0.4);
#17412 = AXIS2_PLACEMENT_3D('',#17413,#17414,#17415);
#17413 = CARTESIAN_POINT('',(147.,-100.58,-4.6E-02));
#17414 = DIRECTION('',(-0.,-0.,-1.));
#17415 = DIRECTION('',(-0.,-1.,0.));
#17416 = ADVANCED_FACE('',(#17417),#17428,.F.);
#17417 = FACE_BOUND('',#17418,.T.);
#17418 = EDGE_LOOP('',(#17419,#17420,#17426,#17427));
#17419 = ORIENTED_EDGE('',*,*,#16200,.T.);
#17420 = ORIENTED_EDGE('',*,*,#17421,.T.);
#17421 = EDGE_CURVE('',#16201,#16689,#17422,.T.);
#17422 = LINE('',#17423,#17424);
#17423 = CARTESIAN_POINT('',(140.,-96.14,-4.6E-02));
#17424 = VECTOR('',#17425,1.);
#17425 = DIRECTION('',(0.,0.,1.));
#17426 = ORIENTED_EDGE('',*,*,#16688,.F.);
#17427 = ORIENTED_EDGE('',*,*,#17421,.F.);
#17428 = CYLINDRICAL_SURFACE('',#17429,0.5);
#17429 = AXIS2_PLACEMENT_3D('',#17430,#17431,#17432);
#17430 = CARTESIAN_POINT('',(140.,-95.64,-4.6E-02));
#17431 = DIRECTION('',(-0.,-0.,-1.));
#17432 = DIRECTION('',(-0.,-1.,0.));
#17433 = ADVANCED_FACE('',(#17434),#17445,.F.);
#17434 = FACE_BOUND('',#17435,.T.);
#17435 = EDGE_LOOP('',(#17436,#17437,#17443,#17444));
#17436 = ORIENTED_EDGE('',*,*,#16211,.T.);
#17437 = ORIENTED_EDGE('',*,*,#17438,.T.);
#17438 = EDGE_CURVE('',#16212,#16700,#17439,.T.);
#17439 = LINE('',#17440,#17441);
#17440 = CARTESIAN_POINT('',(143.5,-98.48,-4.6E-02));
#17441 = VECTOR('',#17442,1.);
#17442 = DIRECTION('',(0.,0.,1.));
#17443 = ORIENTED_EDGE('',*,*,#16699,.F.);
#17444 = ORIENTED_EDGE('',*,*,#17438,.F.);
#17445 = CYLINDRICAL_SURFACE('',#17446,0.4);
#17446 = AXIS2_PLACEMENT_3D('',#17447,#17448,#17449);
#17447 = CARTESIAN_POINT('',(143.5,-98.08,-4.6E-02));
#17448 = DIRECTION('',(-0.,-0.,-1.));
#17449 = DIRECTION('',(-0.,-1.,0.));
#17450 = ADVANCED_FACE('',(#17451),#17462,.F.);
#17451 = FACE_BOUND('',#17452,.T.);
#17452 = EDGE_LOOP('',(#17453,#17454,#17460,#17461));
#17453 = ORIENTED_EDGE('',*,*,#16222,.T.);
#17454 = ORIENTED_EDGE('',*,*,#17455,.T.);
#17455 = EDGE_CURVE('',#16223,#16711,#17456,.T.);
#17456 = LINE('',#17457,#17458);
#17457 = CARTESIAN_POINT('',(140.,-93.6,-4.6E-02));
#17458 = VECTOR('',#17459,1.);
#17459 = DIRECTION('',(0.,0.,1.));
#17460 = ORIENTED_EDGE('',*,*,#16710,.F.);
#17461 = ORIENTED_EDGE('',*,*,#17455,.F.);
#17462 = CYLINDRICAL_SURFACE('',#17463,0.5);
#17463 = AXIS2_PLACEMENT_3D('',#17464,#17465,#17466);
#17464 = CARTESIAN_POINT('',(140.,-93.1,-4.6E-02));
#17465 = DIRECTION('',(-0.,-0.,-1.));
#17466 = DIRECTION('',(-0.,-1.,0.));
#17467 = ADVANCED_FACE('',(#17468),#17479,.F.);
#17468 = FACE_BOUND('',#17469,.T.);
#17469 = EDGE_LOOP('',(#17470,#17471,#17477,#17478));
#17470 = ORIENTED_EDGE('',*,*,#16233,.T.);
#17471 = ORIENTED_EDGE('',*,*,#17472,.T.);
#17472 = EDGE_CURVE('',#16234,#16722,#17473,.T.);
#17473 = LINE('',#17474,#17475);
#17474 = CARTESIAN_POINT('',(114.,-89.9,-4.6E-02));
#17475 = VECTOR('',#17476,1.);
#17476 = DIRECTION('',(0.,0.,1.));
#17477 = ORIENTED_EDGE('',*,*,#16721,.F.);
#17478 = ORIENTED_EDGE('',*,*,#17472,.F.);
#17479 = CYLINDRICAL_SURFACE('',#17480,0.4);
#17480 = AXIS2_PLACEMENT_3D('',#17481,#17482,#17483);
#17481 = CARTESIAN_POINT('',(114.,-89.5,-4.6E-02));
#17482 = DIRECTION('',(-0.,-0.,-1.));
#17483 = DIRECTION('',(-0.,-1.,0.));
#17484 = ADVANCED_FACE('',(#17485),#17496,.F.);
#17485 = FACE_BOUND('',#17486,.T.);
#17486 = EDGE_LOOP('',(#17487,#17493,#17494,#17495));
#17487 = ORIENTED_EDGE('',*,*,#17488,.T.);
#17488 = EDGE_CURVE('',#16245,#16733,#17489,.T.);
#17489 = LINE('',#17490,#17491);
#17490 = CARTESIAN_POINT('',(128.5,-86.,0.));
#17491 = VECTOR('',#17492,1.);
#17492 = DIRECTION('',(0.,0.,1.));
#17493 = ORIENTED_EDGE('',*,*,#16732,.T.);
#17494 = ORIENTED_EDGE('',*,*,#17488,.F.);
#17495 = ORIENTED_EDGE('',*,*,#16244,.F.);
#17496 = CYLINDRICAL_SURFACE('',#17497,5.);
#17497 = AXIS2_PLACEMENT_3D('',#17498,#17499,#17500);
#17498 = CARTESIAN_POINT('',(123.5,-86.,0.));
#17499 = DIRECTION('',(-0.,-0.,-1.));
#17500 = DIRECTION('',(1.,0.,-0.));
#17501 = ADVANCED_FACE('',(#17502),#17513,.F.);
#17502 = FACE_BOUND('',#17503,.T.);
#17503 = EDGE_LOOP('',(#17504,#17505,#17511,#17512));
#17504 = ORIENTED_EDGE('',*,*,#16255,.T.);
#17505 = ORIENTED_EDGE('',*,*,#17506,.T.);
#17506 = EDGE_CURVE('',#16256,#16744,#17507,.T.);
#17507 = LINE('',#17508,#17509);
#17508 = CARTESIAN_POINT('',(109.955113,-76.4,-4.6E-02));
#17509 = VECTOR('',#17510,1.);
#17510 = DIRECTION('',(0.,0.,1.));
#17511 = ORIENTED_EDGE('',*,*,#16743,.F.);
#17512 = ORIENTED_EDGE('',*,*,#17506,.F.);
#17513 = CYLINDRICAL_SURFACE('',#17514,0.4);
#17514 = AXIS2_PLACEMENT_3D('',#17515,#17516,#17517);
#17515 = CARTESIAN_POINT('',(109.955113,-76.,-4.6E-02));
#17516 = DIRECTION('',(-0.,-0.,-1.));
#17517 = DIRECTION('',(-3.552713678801E-14,-1.,0.));
#17518 = ADVANCED_FACE('',(#17519),#17530,.F.);
#17519 = FACE_BOUND('',#17520,.T.);
#17520 = EDGE_LOOP('',(#17521,#17522,#17528,#17529));
#17521 = ORIENTED_EDGE('',*,*,#16266,.T.);
#17522 = ORIENTED_EDGE('',*,*,#17523,.T.);
#17523 = EDGE_CURVE('',#16267,#16755,#17524,.T.);
#17524 = LINE('',#17525,#17526);
#17525 = CARTESIAN_POINT('',(111.955113,-76.4,-4.6E-02));
#17526 = VECTOR('',#17527,1.);
#17527 = DIRECTION('',(0.,0.,1.));
#17528 = ORIENTED_EDGE('',*,*,#16754,.F.);
#17529 = ORIENTED_EDGE('',*,*,#17523,.F.);
#17530 = CYLINDRICAL_SURFACE('',#17531,0.4);
#17531 = AXIS2_PLACEMENT_3D('',#17532,#17533,#17534);
#17532 = CARTESIAN_POINT('',(111.955113,-76.,-4.6E-02));
#17533 = DIRECTION('',(-0.,-0.,-1.));
#17534 = DIRECTION('',(-3.552713678801E-14,-1.,0.));
#17535 = ADVANCED_FACE('',(#17536),#17547,.F.);
#17536 = FACE_BOUND('',#17537,.T.);
#17537 = EDGE_LOOP('',(#17538,#17539,#17545,#17546));
#17538 = ORIENTED_EDGE('',*,*,#16277,.T.);
#17539 = ORIENTED_EDGE('',*,*,#17540,.T.);
#17540 = EDGE_CURVE('',#16278,#16766,#17541,.T.);
#17541 = LINE('',#17542,#17543);
#17542 = CARTESIAN_POINT('',(120.92,-75.76,-4.6E-02));
#17543 = VECTOR('',#17544,1.);
#17544 = DIRECTION('',(0.,0.,1.));
#17545 = ORIENTED_EDGE('',*,*,#16765,.F.);
#17546 = ORIENTED_EDGE('',*,*,#17540,.F.);
#17547 = CYLINDRICAL_SURFACE('',#17548,0.76);
#17548 = AXIS2_PLACEMENT_3D('',#17549,#17550,#17551);
#17549 = CARTESIAN_POINT('',(120.92,-75.,-4.6E-02));
#17550 = DIRECTION('',(-0.,-0.,-1.));
#17551 = DIRECTION('',(-0.,-1.,0.));
#17552 = ADVANCED_FACE('',(#17553),#17564,.F.);
#17553 = FACE_BOUND('',#17554,.T.);
#17554 = EDGE_LOOP('',(#17555,#17556,#17562,#17563));
#17555 = ORIENTED_EDGE('',*,*,#16288,.T.);
#17556 = ORIENTED_EDGE('',*,*,#17557,.T.);
#17557 = EDGE_CURVE('',#16289,#16777,#17558,.T.);
#17558 = LINE('',#17559,#17560);
#17559 = CARTESIAN_POINT('',(126.,-75.76,-4.6E-02));
#17560 = VECTOR('',#17561,1.);
#17561 = DIRECTION('',(0.,0.,1.));
#17562 = ORIENTED_EDGE('',*,*,#16776,.F.);
#17563 = ORIENTED_EDGE('',*,*,#17557,.F.);
#17564 = CYLINDRICAL_SURFACE('',#17565,0.76);
#17565 = AXIS2_PLACEMENT_3D('',#17566,#17567,#17568);
#17566 = CARTESIAN_POINT('',(126.,-75.,-4.6E-02));
#17567 = DIRECTION('',(-0.,-0.,-1.));
#17568 = DIRECTION('',(-0.,-1.,0.));
#17569 = ADVANCED_FACE('',(#17570),#17581,.F.);
#17570 = FACE_BOUND('',#17571,.T.);
#17571 = EDGE_LOOP('',(#17572,#17573,#17579,#17580));
#17572 = ORIENTED_EDGE('',*,*,#16299,.T.);
#17573 = ORIENTED_EDGE('',*,*,#17574,.T.);
#17574 = EDGE_CURVE('',#16300,#16788,#17575,.T.);
#17575 = LINE('',#17576,#17577);
#17576 = CARTESIAN_POINT('',(135.,-90.82,-4.6E-02));
#17577 = VECTOR('',#17578,1.);
#17578 = DIRECTION('',(0.,0.,1.));
#17579 = ORIENTED_EDGE('',*,*,#16787,.F.);
#17580 = ORIENTED_EDGE('',*,*,#17574,.F.);
#17581 = CYLINDRICAL_SURFACE('',#17582,0.4);
#17582 = AXIS2_PLACEMENT_3D('',#17583,#17584,#17585);
#17583 = CARTESIAN_POINT('',(135.,-90.42,-4.6E-02));
#17584 = DIRECTION('',(-0.,-0.,-1.));
#17585 = DIRECTION('',(-0.,-1.,0.));
#17586 = ADVANCED_FACE('',(#17587),#17598,.F.);
#17587 = FACE_BOUND('',#17588,.T.);
#17588 = EDGE_LOOP('',(#17589,#17590,#17596,#17597));
#17589 = ORIENTED_EDGE('',*,*,#16310,.T.);
#17590 = ORIENTED_EDGE('',*,*,#17591,.T.);
#17591 = EDGE_CURVE('',#16311,#16799,#17592,.T.);
#17592 = LINE('',#17593,#17594);
#17593 = CARTESIAN_POINT('',(140.,-91.06,-4.6E-02));
#17594 = VECTOR('',#17595,1.);
#17595 = DIRECTION('',(0.,0.,1.));
#17596 = ORIENTED_EDGE('',*,*,#16798,.F.);
#17597 = ORIENTED_EDGE('',*,*,#17591,.F.);
#17598 = CYLINDRICAL_SURFACE('',#17599,0.5);
#17599 = AXIS2_PLACEMENT_3D('',#17600,#17601,#17602);
#17600 = CARTESIAN_POINT('',(140.,-90.56,-4.6E-02));
#17601 = DIRECTION('',(-0.,-0.,-1.));
#17602 = DIRECTION('',(-0.,-1.,0.));
#17603 = ADVANCED_FACE('',(#17604),#17615,.F.);
#17604 = FACE_BOUND('',#17605,.T.);
#17605 = EDGE_LOOP('',(#17606,#17607,#17613,#17614));
#17606 = ORIENTED_EDGE('',*,*,#16321,.T.);
#17607 = ORIENTED_EDGE('',*,*,#17608,.T.);
#17608 = EDGE_CURVE('',#16322,#16810,#17609,.T.);
#17609 = LINE('',#17610,#17611);
#17610 = CARTESIAN_POINT('',(140.,-88.52,-4.6E-02));
#17611 = VECTOR('',#17612,1.);
#17612 = DIRECTION('',(0.,0.,1.));
#17613 = ORIENTED_EDGE('',*,*,#16809,.F.);
#17614 = ORIENTED_EDGE('',*,*,#17608,.F.);
#17615 = CYLINDRICAL_SURFACE('',#17616,0.5);
#17616 = AXIS2_PLACEMENT_3D('',#17617,#17618,#17619);
#17617 = CARTESIAN_POINT('',(140.,-88.02,-4.6E-02));
#17618 = DIRECTION('',(-0.,-0.,-1.));
#17619 = DIRECTION('',(-0.,-1.,0.));
#17620 = ADVANCED_FACE('',(#17621),#17632,.F.);
#17621 = FACE_BOUND('',#17622,.T.);
#17622 = EDGE_LOOP('',(#17623,#17624,#17630,#17631));
#17623 = ORIENTED_EDGE('',*,*,#16332,.T.);
#17624 = ORIENTED_EDGE('',*,*,#17625,.T.);
#17625 = EDGE_CURVE('',#16333,#16821,#17626,.T.);
#17626 = LINE('',#17627,#17628);
#17627 = CARTESIAN_POINT('',(147.,-90.82,-4.6E-02));
#17628 = VECTOR('',#17629,1.);
#17629 = DIRECTION('',(0.,0.,1.));
#17630 = ORIENTED_EDGE('',*,*,#16820,.F.);
#17631 = ORIENTED_EDGE('',*,*,#17625,.F.);
#17632 = CYLINDRICAL_SURFACE('',#17633,0.4);
#17633 = AXIS2_PLACEMENT_3D('',#17634,#17635,#17636);
#17634 = CARTESIAN_POINT('',(147.,-90.42,-4.6E-02));
#17635 = DIRECTION('',(-0.,-0.,-1.));
#17636 = DIRECTION('',(-0.,-1.,0.));
#17637 = ADVANCED_FACE('',(#17638),#17649,.F.);
#17638 = FACE_BOUND('',#17639,.T.);
#17639 = EDGE_LOOP('',(#17640,#17641,#17647,#17648));
#17640 = ORIENTED_EDGE('',*,*,#16343,.T.);
#17641 = ORIENTED_EDGE('',*,*,#17642,.T.);
#17642 = EDGE_CURVE('',#16344,#16832,#17643,.T.);
#17643 = LINE('',#17644,#17645);
#17644 = CARTESIAN_POINT('',(143.5,-88.32,-4.6E-02));
#17645 = VECTOR('',#17646,1.);
#17646 = DIRECTION('',(0.,0.,1.));
#17647 = ORIENTED_EDGE('',*,*,#16831,.F.);
#17648 = ORIENTED_EDGE('',*,*,#17642,.F.);
#17649 = CYLINDRICAL_SURFACE('',#17650,0.4);
#17650 = AXIS2_PLACEMENT_3D('',#17651,#17652,#17653);
#17651 = CARTESIAN_POINT('',(143.5,-87.92,-4.6E-02));
#17652 = DIRECTION('',(-0.,-0.,-1.));
#17653 = DIRECTION('',(-0.,-1.,0.));
#17654 = ADVANCED_FACE('',(#17655),#17666,.F.);
#17655 = FACE_BOUND('',#17656,.T.);
#17656 = EDGE_LOOP('',(#17657,#17658,#17664,#17665));
#17657 = ORIENTED_EDGE('',*,*,#16354,.T.);
#17658 = ORIENTED_EDGE('',*,*,#17659,.T.);
#17659 = EDGE_CURVE('',#16355,#16843,#17660,.T.);
#17660 = LINE('',#17661,#17662);
#17661 = CARTESIAN_POINT('',(140.,-85.98,-4.6E-02));
#17662 = VECTOR('',#17663,1.);
#17663 = DIRECTION('',(0.,0.,1.));
#17664 = ORIENTED_EDGE('',*,*,#16842,.F.);
#17665 = ORIENTED_EDGE('',*,*,#17659,.F.);
#17666 = CYLINDRICAL_SURFACE('',#17667,0.5);
#17667 = AXIS2_PLACEMENT_3D('',#17668,#17669,#17670);
#17668 = CARTESIAN_POINT('',(140.,-85.48,-4.6E-02));
#17669 = DIRECTION('',(-0.,-0.,-1.));
#17670 = DIRECTION('',(-0.,-1.,0.));
#17671 = ADVANCED_FACE('',(#17672),#17683,.F.);
#17672 = FACE_BOUND('',#17673,.T.);
#17673 = EDGE_LOOP('',(#17674,#17675,#17681,#17682));
#17674 = ORIENTED_EDGE('',*,*,#16365,.T.);
#17675 = ORIENTED_EDGE('',*,*,#17676,.T.);
#17676 = EDGE_CURVE('',#16366,#16854,#17677,.T.);
#17677 = LINE('',#17678,#17679);
#17678 = CARTESIAN_POINT('',(140.,-83.44,-4.6E-02));
#17679 = VECTOR('',#17680,1.);
#17680 = DIRECTION('',(0.,0.,1.));
#17681 = ORIENTED_EDGE('',*,*,#16853,.F.);
#17682 = ORIENTED_EDGE('',*,*,#17676,.F.);
#17683 = CYLINDRICAL_SURFACE('',#17684,0.5);
#17684 = AXIS2_PLACEMENT_3D('',#17685,#17686,#17687);
#17685 = CARTESIAN_POINT('',(140.,-82.94,-4.6E-02));
#17686 = DIRECTION('',(-0.,-0.,-1.));
#17687 = DIRECTION('',(-0.,-1.,0.));
#17688 = ADVANCED_FACE('',(#17689),#17700,.F.);
#17689 = FACE_BOUND('',#17690,.T.);
#17690 = EDGE_LOOP('',(#17691,#17692,#17698,#17699));
#17691 = ORIENTED_EDGE('',*,*,#16376,.T.);
#17692 = ORIENTED_EDGE('',*,*,#17693,.T.);
#17693 = EDGE_CURVE('',#16377,#16865,#17694,.T.);
#17694 = LINE('',#17695,#17696);
#17695 = CARTESIAN_POINT('',(140.,-80.9,-4.6E-02));
#17696 = VECTOR('',#17697,1.);
#17697 = DIRECTION('',(0.,0.,1.));
#17698 = ORIENTED_EDGE('',*,*,#16864,.F.);
#17699 = ORIENTED_EDGE('',*,*,#17693,.F.);
#17700 = CYLINDRICAL_SURFACE('',#17701,0.5);
#17701 = AXIS2_PLACEMENT_3D('',#17702,#17703,#17704);
#17702 = CARTESIAN_POINT('',(140.,-80.4,-4.6E-02));
#17703 = DIRECTION('',(-0.,-0.,-1.));
#17704 = DIRECTION('',(-0.,-1.,0.));
#17705 = ( GEOMETRIC_REPRESENTATION_CONTEXT(3) 
GLOBAL_UNCERTAINTY_ASSIGNED_CONTEXT((#17709)) 
GLOBAL_UNIT_ASSIGNED_CONTEXT((#17706,#17707,#17708)) 
REPRESENTATION_CONTEXT('Context #1',
  '3D Context with UNIT and UNCERTAINTY') );
#17706 = ( LENGTH_UNIT() NAMED_UNIT(*) SI_UNIT(.MILLI.,.METRE.) );
#17707 = ( NAMED_UNIT(*) PLANE_ANGLE_UNIT() SI_UNIT($,.RADIAN.) );
#17708 = ( NAMED_UNIT(*) SI_UNIT($,.STERADIAN.) SOLID_ANGLE_UNIT() );
#17709 = UNCERTAINTY_MEASURE_WITH_UNIT(LENGTH_MEASURE(1.E-07),#17706,
  'distance_accuracy_value','confusion accuracy');
#17710 = CONTEXT_DEPENDENT_SHAPE_REPRESENTATION(#17711,#17713);
#17711 = ( REPRESENTATION_RELATIONSHIP('','',#15794,#10) 
REPRESENTATION_RELATIONSHIP_WITH_TRANSFORMATION(#17712) 
SHAPE_REPRESENTATION_RELATIONSHIP() );
#17712 = ITEM_DEFINED_TRANSFORMATION('','',#11,#67);
#17713 = PRODUCT_DEFINITION_SHAPE('Placement','Placement of an item',
  #17714);
#17714 = NEXT_ASSEMBLY_USAGE_OCCURRENCE('16','=>[0:1:1:8]','',#5,#15789,
  $);
#17715 = PRODUCT_RELATED_PRODUCT_CATEGORY('part',$,(#15791));
#17716 = MECHANICAL_DESIGN_GEOMETRIC_PRESENTATION_REPRESENTATION('',(
    #17717,#17727,#17736,#17745,#17754,#17763,#17772,#17781,#17790,
    #17799,#17808,#17817,#17826,#17835,#17844,#17854,#17863,#17872,
    #17881,#17890,#17899,#17908,#17917,#17926,#17935,#17944,#17953,
    #17962,#17971,#17980,#17989,#17998,#18007,#18016,#18025,#18034,
    #18043,#18052,#18061,#18070,#18079,#18088,#18097,#18106,#18115,
    #18124,#18133,#18142,#18151,#18160,#18169,#18178,#18187,#18196,
    #18205,#18214,#18223,#18232,#18241,#18250,#18259,#18268,#18277,
    #18286,#18295,#18304,#18313,#18322,#18331),#15771);
#17717 = STYLED_ITEM('color',(#17718),#13791);
#17718 = PRESENTATION_STYLE_ASSIGNMENT((#17719,#17725));
#17719 = SURFACE_STYLE_USAGE(.BOTH.,#17720);
#17720 = SURFACE_SIDE_STYLE('',(#17721));
#17721 = SURFACE_STYLE_FILL_AREA(#17722);
#17722 = FILL_AREA_STYLE('',(#17723));
#17723 = FILL_AREA_STYLE_COLOUR('',#17724);
#17724 = COLOUR_RGB('',0.147999998088,0.145000001626,0.145000001626);
#17725 = CURVE_STYLE('',#17726,POSITIVE_LENGTH_MEASURE(0.1),#17724);
#17726 = DRAUGHTING_PRE_DEFINED_CURVE_FONT('continuous');
#17727 = STYLED_ITEM('color',(#17728),#13829);
#17728 = PRESENTATION_STYLE_ASSIGNMENT((#17729,#17734));
#17729 = SURFACE_STYLE_USAGE(.BOTH.,#17730);
#17730 = SURFACE_SIDE_STYLE('',(#17731));
#17731 = SURFACE_STYLE_FILL_AREA(#17732);
#17732 = FILL_AREA_STYLE('',(#17733));
#17733 = FILL_AREA_STYLE_COLOUR('',#17724);
#17734 = CURVE_STYLE('',#17735,POSITIVE_LENGTH_MEASURE(0.1),#17724);
#17735 = DRAUGHTING_PRE_DEFINED_CURVE_FONT('continuous');
#17736 = STYLED_ITEM('color',(#17737),#13892);
#17737 = PRESENTATION_STYLE_ASSIGNMENT((#17738,#17743));
#17738 = SURFACE_STYLE_USAGE(.BOTH.,#17739);
#17739 = SURFACE_SIDE_STYLE('',(#17740));
#17740 = SURFACE_STYLE_FILL_AREA(#17741);
#17741 = FILL_AREA_STYLE('',(#17742));
#17742 = FILL_AREA_STYLE_COLOUR('',#17724);
#17743 = CURVE_STYLE('',#17744,POSITIVE_LENGTH_MEASURE(0.1),#17724);
#17744 = DRAUGHTING_PRE_DEFINED_CURVE_FONT('continuous');
#17745 = STYLED_ITEM('color',(#17746),#13915);
#17746 = PRESENTATION_STYLE_ASSIGNMENT((#17747,#17752));
#17747 = SURFACE_STYLE_USAGE(.BOTH.,#17748);
#17748 = SURFACE_SIDE_STYLE('',(#17749));
#17749 = SURFACE_STYLE_FILL_AREA(#17750);
#17750 = FILL_AREA_STYLE('',(#17751));
#17751 = FILL_AREA_STYLE_COLOUR('',#17724);
#17752 = CURVE_STYLE('',#17753,POSITIVE_LENGTH_MEASURE(0.1),#17724);
#17753 = DRAUGHTING_PRE_DEFINED_CURVE_FONT('continuous');
#17754 = STYLED_ITEM('color',(#17755),#13944);
#17755 = PRESENTATION_STYLE_ASSIGNMENT((#17756,#17761));
#17756 = SURFACE_STYLE_USAGE(.BOTH.,#17757);
#17757 = SURFACE_SIDE_STYLE('',(#17758));
#17758 = SURFACE_STYLE_FILL_AREA(#17759);
#17759 = FILL_AREA_STYLE('',(#17760));
#17760 = FILL_AREA_STYLE_COLOUR('',#17724);
#17761 = CURVE_STYLE('',#17762,POSITIVE_LENGTH_MEASURE(0.1),#17724);
#17762 = DRAUGHTING_PRE_DEFINED_CURVE_FONT('continuous');
#17763 = STYLED_ITEM('color',(#17764),#13967);
#17764 = PRESENTATION_STYLE_ASSIGNMENT((#17765,#17770));
#17765 = SURFACE_STYLE_USAGE(.BOTH.,#17766);
#17766 = SURFACE_SIDE_STYLE('',(#17767));
#17767 = SURFACE_STYLE_FILL_AREA(#17768);
#17768 = FILL_AREA_STYLE('',(#17769));
#17769 = FILL_AREA_STYLE_COLOUR('',#17724);
#17770 = CURVE_STYLE('',#17771,POSITIVE_LENGTH_MEASURE(0.1),#17724);
#17771 = DRAUGHTING_PRE_DEFINED_CURVE_FONT('continuous');
#17772 = STYLED_ITEM('color',(#17773),#14022);
#17773 = PRESENTATION_STYLE_ASSIGNMENT((#17774,#17779));
#17774 = SURFACE_STYLE_USAGE(.BOTH.,#17775);
#17775 = SURFACE_SIDE_STYLE('',(#17776));
#17776 = SURFACE_STYLE_FILL_AREA(#17777);
#17777 = FILL_AREA_STYLE('',(#17778));
#17778 = FILL_AREA_STYLE_COLOUR('',#17724);
#17779 = CURVE_STYLE('',#17780,POSITIVE_LENGTH_MEASURE(0.1),#17724);
#17780 = DRAUGHTING_PRE_DEFINED_CURVE_FONT('continuous');
#17781 = STYLED_ITEM('color',(#17782),#14061);
#17782 = PRESENTATION_STYLE_ASSIGNMENT((#17783,#17788));
#17783 = SURFACE_STYLE_USAGE(.BOTH.,#17784);
#17784 = SURFACE_SIDE_STYLE('',(#17785));
#17785 = SURFACE_STYLE_FILL_AREA(#17786);
#17786 = FILL_AREA_STYLE('',(#17787));
#17787 = FILL_AREA_STYLE_COLOUR('',#17724);
#17788 = CURVE_STYLE('',#17789,POSITIVE_LENGTH_MEASURE(0.1),#17724);
#17789 = DRAUGHTING_PRE_DEFINED_CURVE_FONT('continuous');
#17790 = STYLED_ITEM('color',(#17791),#14084);
#17791 = PRESENTATION_STYLE_ASSIGNMENT((#17792,#17797));
#17792 = SURFACE_STYLE_USAGE(.BOTH.,#17793);
#17793 = SURFACE_SIDE_STYLE('',(#17794));
#17794 = SURFACE_STYLE_FILL_AREA(#17795);
#17795 = FILL_AREA_STYLE('',(#17796));
#17796 = FILL_AREA_STYLE_COLOUR('',#17724);
#17797 = CURVE_STYLE('',#17798,POSITIVE_LENGTH_MEASURE(0.1),#17724);
#17798 = DRAUGHTING_PRE_DEFINED_CURVE_FONT('continuous');
#17799 = STYLED_ITEM('color',(#17800),#14107);
#17800 = PRESENTATION_STYLE_ASSIGNMENT((#17801,#17806));
#17801 = SURFACE_STYLE_USAGE(.BOTH.,#17802);
#17802 = SURFACE_SIDE_STYLE('',(#17803));
#17803 = SURFACE_STYLE_FILL_AREA(#17804);
#17804 = FILL_AREA_STYLE('',(#17805));
#17805 = FILL_AREA_STYLE_COLOUR('',#17724);
#17806 = CURVE_STYLE('',#17807,POSITIVE_LENGTH_MEASURE(0.1),#17724);
#17807 = DRAUGHTING_PRE_DEFINED_CURVE_FONT('continuous');
#17808 = STYLED_ITEM('color',(#17809),#14124);
#17809 = PRESENTATION_STYLE_ASSIGNMENT((#17810,#17815));
#17810 = SURFACE_STYLE_USAGE(.BOTH.,#17811);
#17811 = SURFACE_SIDE_STYLE('',(#17812));
#17812 = SURFACE_STYLE_FILL_AREA(#17813);
#17813 = FILL_AREA_STYLE('',(#17814));
#17814 = FILL_AREA_STYLE_COLOUR('',#17724);
#17815 = CURVE_STYLE('',#17816,POSITIVE_LENGTH_MEASURE(0.1),#17724);
#17816 = DRAUGHTING_PRE_DEFINED_CURVE_FONT('continuous');
#17817 = STYLED_ITEM('color',(#17818),#14147);
#17818 = PRESENTATION_STYLE_ASSIGNMENT((#17819,#17824));
#17819 = SURFACE_STYLE_USAGE(.BOTH.,#17820);
#17820 = SURFACE_SIDE_STYLE('',(#17821));
#17821 = SURFACE_STYLE_FILL_AREA(#17822);
#17822 = FILL_AREA_STYLE('',(#17823));
#17823 = FILL_AREA_STYLE_COLOUR('',#17724);
#17824 = CURVE_STYLE('',#17825,POSITIVE_LENGTH_MEASURE(0.1),#17724);
#17825 = DRAUGHTING_PRE_DEFINED_CURVE_FONT('continuous');
#17826 = STYLED_ITEM('color',(#17827),#14235);
#17827 = PRESENTATION_STYLE_ASSIGNMENT((#17828,#17833));
#17828 = SURFACE_STYLE_USAGE(.BOTH.,#17829);
#17829 = SURFACE_SIDE_STYLE('',(#17830));
#17830 = SURFACE_STYLE_FILL_AREA(#17831);
#17831 = FILL_AREA_STYLE('',(#17832));
#17832 = FILL_AREA_STYLE_COLOUR('',#17724);
#17833 = CURVE_STYLE('',#17834,POSITIVE_LENGTH_MEASURE(0.1),#17724);
#17834 = DRAUGHTING_PRE_DEFINED_CURVE_FONT('continuous');
#17835 = STYLED_ITEM('color',(#17836),#14251);
#17836 = PRESENTATION_STYLE_ASSIGNMENT((#17837,#17842));
#17837 = SURFACE_STYLE_USAGE(.BOTH.,#17838);
#17838 = SURFACE_SIDE_STYLE('',(#17839));
#17839 = SURFACE_STYLE_FILL_AREA(#17840);
#17840 = FILL_AREA_STYLE('',(#17841));
#17841 = FILL_AREA_STYLE_COLOUR('',#17724);
#17842 = CURVE_STYLE('',#17843,POSITIVE_LENGTH_MEASURE(0.1),#17724);
#17843 = DRAUGHTING_PRE_DEFINED_CURVE_FONT('continuous');
#17844 = STYLED_ITEM('color',(#17845),#14281);
#17845 = PRESENTATION_STYLE_ASSIGNMENT((#17846,#17852));
#17846 = SURFACE_STYLE_USAGE(.BOTH.,#17847);
#17847 = SURFACE_SIDE_STYLE('',(#17848));
#17848 = SURFACE_STYLE_FILL_AREA(#17849);
#17849 = FILL_AREA_STYLE('',(#17850));
#17850 = FILL_AREA_STYLE_COLOUR('',#17851);
#17851 = COLOUR_RGB('',0.823999987314,0.819999987296,0.781000009244);
#17852 = CURVE_STYLE('',#17853,POSITIVE_LENGTH_MEASURE(0.1),#17851);
#17853 = DRAUGHTING_PRE_DEFINED_CURVE_FONT('continuous');
#17854 = STYLED_ITEM('color',(#17855),#14314);
#17855 = PRESENTATION_STYLE_ASSIGNMENT((#17856,#17861));
#17856 = SURFACE_STYLE_USAGE(.BOTH.,#17857);
#17857 = SURFACE_SIDE_STYLE('',(#17858));
#17858 = SURFACE_STYLE_FILL_AREA(#17859);
#17859 = FILL_AREA_STYLE('',(#17860));
#17860 = FILL_AREA_STYLE_COLOUR('',#17724);
#17861 = CURVE_STYLE('',#17862,POSITIVE_LENGTH_MEASURE(0.1),#17724);
#17862 = DRAUGHTING_PRE_DEFINED_CURVE_FONT('continuous');
#17863 = STYLED_ITEM('color',(#17864),#14345);
#17864 = PRESENTATION_STYLE_ASSIGNMENT((#17865,#17870));
#17865 = SURFACE_STYLE_USAGE(.BOTH.,#17866);
#17866 = SURFACE_SIDE_STYLE('',(#17867));
#17867 = SURFACE_STYLE_FILL_AREA(#17868);
#17868 = FILL_AREA_STYLE('',(#17869));
#17869 = FILL_AREA_STYLE_COLOUR('',#17851);
#17870 = CURVE_STYLE('',#17871,POSITIVE_LENGTH_MEASURE(0.1),#17851);
#17871 = DRAUGHTING_PRE_DEFINED_CURVE_FONT('continuous');
#17872 = STYLED_ITEM('color',(#17873),#14378);
#17873 = PRESENTATION_STYLE_ASSIGNMENT((#17874,#17879));
#17874 = SURFACE_STYLE_USAGE(.BOTH.,#17875);
#17875 = SURFACE_SIDE_STYLE('',(#17876));
#17876 = SURFACE_STYLE_FILL_AREA(#17877);
#17877 = FILL_AREA_STYLE('',(#17878));
#17878 = FILL_AREA_STYLE_COLOUR('',#17724);
#17879 = CURVE_STYLE('',#17880,POSITIVE_LENGTH_MEASURE(0.1),#17724);
#17880 = DRAUGHTING_PRE_DEFINED_CURVE_FONT('continuous');
#17881 = STYLED_ITEM('color',(#17882),#14395);
#17882 = PRESENTATION_STYLE_ASSIGNMENT((#17883,#17888));
#17883 = SURFACE_STYLE_USAGE(.BOTH.,#17884);
#17884 = SURFACE_SIDE_STYLE('',(#17885));
#17885 = SURFACE_STYLE_FILL_AREA(#17886);
#17886 = FILL_AREA_STYLE('',(#17887));
#17887 = FILL_AREA_STYLE_COLOUR('',#17724);
#17888 = CURVE_STYLE('',#17889,POSITIVE_LENGTH_MEASURE(0.1),#17724);
#17889 = DRAUGHTING_PRE_DEFINED_CURVE_FONT('continuous');
#17890 = STYLED_ITEM('color',(#17891),#14412);
#17891 = PRESENTATION_STYLE_ASSIGNMENT((#17892,#17897));
#17892 = SURFACE_STYLE_USAGE(.BOTH.,#17893);
#17893 = SURFACE_SIDE_STYLE('',(#17894));
#17894 = SURFACE_STYLE_FILL_AREA(#17895);
#17895 = FILL_AREA_STYLE('',(#17896));
#17896 = FILL_AREA_STYLE_COLOUR('',#17851);
#17897 = CURVE_STYLE('',#17898,POSITIVE_LENGTH_MEASURE(0.1),#17851);
#17898 = DRAUGHTING_PRE_DEFINED_CURVE_FONT('continuous');
#17899 = STYLED_ITEM('color',(#17900),#14445);
#17900 = PRESENTATION_STYLE_ASSIGNMENT((#17901,#17906));
#17901 = SURFACE_STYLE_USAGE(.BOTH.,#17902);
#17902 = SURFACE_SIDE_STYLE('',(#17903));
#17903 = SURFACE_STYLE_FILL_AREA(#17904);
#17904 = FILL_AREA_STYLE('',(#17905));
#17905 = FILL_AREA_STYLE_COLOUR('',#17724);
#17906 = CURVE_STYLE('',#17907,POSITIVE_LENGTH_MEASURE(0.1),#17724);
#17907 = DRAUGHTING_PRE_DEFINED_CURVE_FONT('continuous');
#17908 = STYLED_ITEM('color',(#17909),#14475);
#17909 = PRESENTATION_STYLE_ASSIGNMENT((#17910,#17915));
#17910 = SURFACE_STYLE_USAGE(.BOTH.,#17911);
#17911 = SURFACE_SIDE_STYLE('',(#17912));
#17912 = SURFACE_STYLE_FILL_AREA(#17913);
#17913 = FILL_AREA_STYLE('',(#17914));
#17914 = FILL_AREA_STYLE_COLOUR('',#17724);
#17915 = CURVE_STYLE('',#17916,POSITIVE_LENGTH_MEASURE(0.1),#17724);
#17916 = DRAUGHTING_PRE_DEFINED_CURVE_FONT('continuous');
#17917 = STYLED_ITEM('color',(#17918),#14498);
#17918 = PRESENTATION_STYLE_ASSIGNMENT((#17919,#17924));
#17919 = SURFACE_STYLE_USAGE(.BOTH.,#17920);
#17920 = SURFACE_SIDE_STYLE('',(#17921));
#17921 = SURFACE_STYLE_FILL_AREA(#17922);
#17922 = FILL_AREA_STYLE('',(#17923));
#17923 = FILL_AREA_STYLE_COLOUR('',#17724);
#17924 = CURVE_STYLE('',#17925,POSITIVE_LENGTH_MEASURE(0.1),#17724);
#17925 = DRAUGHTING_PRE_DEFINED_CURVE_FONT('continuous');
#17926 = STYLED_ITEM('color',(#17927),#14521);
#17927 = PRESENTATION_STYLE_ASSIGNMENT((#17928,#17933));
#17928 = SURFACE_STYLE_USAGE(.BOTH.,#17929);
#17929 = SURFACE_SIDE_STYLE('',(#17930));
#17930 = SURFACE_STYLE_FILL_AREA(#17931);
#17931 = FILL_AREA_STYLE('',(#17932));
#17932 = FILL_AREA_STYLE_COLOUR('',#17724);
#17933 = CURVE_STYLE('',#17934,POSITIVE_LENGTH_MEASURE(0.1),#17724);
#17934 = DRAUGHTING_PRE_DEFINED_CURVE_FONT('continuous');
#17935 = STYLED_ITEM('color',(#17936),#14538);
#17936 = PRESENTATION_STYLE_ASSIGNMENT((#17937,#17942));
#17937 = SURFACE_STYLE_USAGE(.BOTH.,#17938);
#17938 = SURFACE_SIDE_STYLE('',(#17939));
#17939 = SURFACE_STYLE_FILL_AREA(#17940);
#17940 = FILL_AREA_STYLE('',(#17941));
#17941 = FILL_AREA_STYLE_COLOUR('',#17851);
#17942 = CURVE_STYLE('',#17943,POSITIVE_LENGTH_MEASURE(0.1),#17851);
#17943 = DRAUGHTING_PRE_DEFINED_CURVE_FONT('continuous');
#17944 = STYLED_ITEM('color',(#17945),#14567);
#17945 = PRESENTATION_STYLE_ASSIGNMENT((#17946,#17951));
#17946 = SURFACE_STYLE_USAGE(.BOTH.,#17947);
#17947 = SURFACE_SIDE_STYLE('',(#17948));
#17948 = SURFACE_STYLE_FILL_AREA(#17949);
#17949 = FILL_AREA_STYLE('',(#17950));
#17950 = FILL_AREA_STYLE_COLOUR('',#17724);
#17951 = CURVE_STYLE('',#17952,POSITIVE_LENGTH_MEASURE(0.1),#17724);
#17952 = DRAUGHTING_PRE_DEFINED_CURVE_FONT('continuous');
#17953 = STYLED_ITEM('color',(#17954),#14621);
#17954 = PRESENTATION_STYLE_ASSIGNMENT((#17955,#17960));
#17955 = SURFACE_STYLE_USAGE(.BOTH.,#17956);
#17956 = SURFACE_SIDE_STYLE('',(#17957));
#17957 = SURFACE_STYLE_FILL_AREA(#17958);
#17958 = FILL_AREA_STYLE('',(#17959));
#17959 = FILL_AREA_STYLE_COLOUR('',#17724);
#17960 = CURVE_STYLE('',#17961,POSITIVE_LENGTH_MEASURE(0.1),#17724);
#17961 = DRAUGHTING_PRE_DEFINED_CURVE_FONT('continuous');
#17962 = STYLED_ITEM('color',(#17963),#14644);
#17963 = PRESENTATION_STYLE_ASSIGNMENT((#17964,#17969));
#17964 = SURFACE_STYLE_USAGE(.BOTH.,#17965);
#17965 = SURFACE_SIDE_STYLE('',(#17966));
#17966 = SURFACE_STYLE_FILL_AREA(#17967);
#17967 = FILL_AREA_STYLE('',(#17968));
#17968 = FILL_AREA_STYLE_COLOUR('',#17724);
#17969 = CURVE_STYLE('',#17970,POSITIVE_LENGTH_MEASURE(0.1),#17724);
#17970 = DRAUGHTING_PRE_DEFINED_CURVE_FONT('continuous');
#17971 = STYLED_ITEM('color',(#17972),#14667);
#17972 = PRESENTATION_STYLE_ASSIGNMENT((#17973,#17978));
#17973 = SURFACE_STYLE_USAGE(.BOTH.,#17974);
#17974 = SURFACE_SIDE_STYLE('',(#17975));
#17975 = SURFACE_STYLE_FILL_AREA(#17976);
#17976 = FILL_AREA_STYLE('',(#17977));
#17977 = FILL_AREA_STYLE_COLOUR('',#17724);
#17978 = CURVE_STYLE('',#17979,POSITIVE_LENGTH_MEASURE(0.1),#17724);
#17979 = DRAUGHTING_PRE_DEFINED_CURVE_FONT('continuous');
#17980 = STYLED_ITEM('color',(#17981),#14690);
#17981 = PRESENTATION_STYLE_ASSIGNMENT((#17982,#17987));
#17982 = SURFACE_STYLE_USAGE(.BOTH.,#17983);
#17983 = SURFACE_SIDE_STYLE('',(#17984));
#17984 = SURFACE_STYLE_FILL_AREA(#17985);
#17985 = FILL_AREA_STYLE('',(#17986));
#17986 = FILL_AREA_STYLE_COLOUR('',#17724);
#17987 = CURVE_STYLE('',#17988,POSITIVE_LENGTH_MEASURE(0.1),#17724);
#17988 = DRAUGHTING_PRE_DEFINED_CURVE_FONT('continuous');
#17989 = STYLED_ITEM('color',(#17990),#14729);
#17990 = PRESENTATION_STYLE_ASSIGNMENT((#17991,#17996));
#17991 = SURFACE_STYLE_USAGE(.BOTH.,#17992);
#17992 = SURFACE_SIDE_STYLE('',(#17993));
#17993 = SURFACE_STYLE_FILL_AREA(#17994);
#17994 = FILL_AREA_STYLE('',(#17995));
#17995 = FILL_AREA_STYLE_COLOUR('',#17851);
#17996 = CURVE_STYLE('',#17997,POSITIVE_LENGTH_MEASURE(0.1),#17851);
#17997 = DRAUGHTING_PRE_DEFINED_CURVE_FONT('continuous');
#17998 = STYLED_ITEM('color',(#17999),#14751);
#17999 = PRESENTATION_STYLE_ASSIGNMENT((#18000,#18005));
#18000 = SURFACE_STYLE_USAGE(.BOTH.,#18001);
#18001 = SURFACE_SIDE_STYLE('',(#18002));
#18002 = SURFACE_STYLE_FILL_AREA(#18003);
#18003 = FILL_AREA_STYLE('',(#18004));
#18004 = FILL_AREA_STYLE_COLOUR('',#17724);
#18005 = CURVE_STYLE('',#18006,POSITIVE_LENGTH_MEASURE(0.1),#17724);
#18006 = DRAUGHTING_PRE_DEFINED_CURVE_FONT('continuous');
#18007 = STYLED_ITEM('color',(#18008),#14795);
#18008 = PRESENTATION_STYLE_ASSIGNMENT((#18009,#18014));
#18009 = SURFACE_STYLE_USAGE(.BOTH.,#18010);
#18010 = SURFACE_SIDE_STYLE('',(#18011));
#18011 = SURFACE_STYLE_FILL_AREA(#18012);
#18012 = FILL_AREA_STYLE('',(#18013));
#18013 = FILL_AREA_STYLE_COLOUR('',#17851);
#18014 = CURVE_STYLE('',#18015,POSITIVE_LENGTH_MEASURE(0.1),#17851);
#18015 = DRAUGHTING_PRE_DEFINED_CURVE_FONT('continuous');
#18016 = STYLED_ITEM('color',(#18017),#14870);
#18017 = PRESENTATION_STYLE_ASSIGNMENT((#18018,#18023));
#18018 = SURFACE_STYLE_USAGE(.BOTH.,#18019);
#18019 = SURFACE_SIDE_STYLE('',(#18020));
#18020 = SURFACE_STYLE_FILL_AREA(#18021);
#18021 = FILL_AREA_STYLE('',(#18022));
#18022 = FILL_AREA_STYLE_COLOUR('',#17851);
#18023 = CURVE_STYLE('',#18024,POSITIVE_LENGTH_MEASURE(0.1),#17851);
#18024 = DRAUGHTING_PRE_DEFINED_CURVE_FONT('continuous');
#18025 = STYLED_ITEM('color',(#18026),#14894);
#18026 = PRESENTATION_STYLE_ASSIGNMENT((#18027,#18032));
#18027 = SURFACE_STYLE_USAGE(.BOTH.,#18028);
#18028 = SURFACE_SIDE_STYLE('',(#18029));
#18029 = SURFACE_STYLE_FILL_AREA(#18030);
#18030 = FILL_AREA_STYLE('',(#18031));
#18031 = FILL_AREA_STYLE_COLOUR('',#17851);
#18032 = CURVE_STYLE('',#18033,POSITIVE_LENGTH_MEASURE(0.1),#17851);
#18033 = DRAUGHTING_PRE_DEFINED_CURVE_FONT('continuous');
#18034 = STYLED_ITEM('color',(#18035),#14962);
#18035 = PRESENTATION_STYLE_ASSIGNMENT((#18036,#18041));
#18036 = SURFACE_STYLE_USAGE(.BOTH.,#18037);
#18037 = SURFACE_SIDE_STYLE('',(#18038));
#18038 = SURFACE_STYLE_FILL_AREA(#18039);
#18039 = FILL_AREA_STYLE('',(#18040));
#18040 = FILL_AREA_STYLE_COLOUR('',#17724);
#18041 = CURVE_STYLE('',#18042,POSITIVE_LENGTH_MEASURE(0.1),#17724);
#18042 = DRAUGHTING_PRE_DEFINED_CURVE_FONT('continuous');
#18043 = STYLED_ITEM('color',(#18044),#14979);
#18044 = PRESENTATION_STYLE_ASSIGNMENT((#18045,#18050));
#18045 = SURFACE_STYLE_USAGE(.BOTH.,#18046);
#18046 = SURFACE_SIDE_STYLE('',(#18047));
#18047 = SURFACE_STYLE_FILL_AREA(#18048);
#18048 = FILL_AREA_STYLE('',(#18049));
#18049 = FILL_AREA_STYLE_COLOUR('',#17851);
#18050 = CURVE_STYLE('',#18051,POSITIVE_LENGTH_MEASURE(0.1),#17851);
#18051 = DRAUGHTING_PRE_DEFINED_CURVE_FONT('continuous');
#18052 = STYLED_ITEM('color',(#18053),#15054);
#18053 = PRESENTATION_STYLE_ASSIGNMENT((#18054,#18059));
#18054 = SURFACE_STYLE_USAGE(.BOTH.,#18055);
#18055 = SURFACE_SIDE_STYLE('',(#18056));
#18056 = SURFACE_STYLE_FILL_AREA(#18057);
#18057 = FILL_AREA_STYLE('',(#18058));
#18058 = FILL_AREA_STYLE_COLOUR('',#17851);
#18059 = CURVE_STYLE('',#18060,POSITIVE_LENGTH_MEASURE(0.1),#17851);
#18060 = DRAUGHTING_PRE_DEFINED_CURVE_FONT('continuous');
#18061 = STYLED_ITEM('color',(#18062),#15078);
#18062 = PRESENTATION_STYLE_ASSIGNMENT((#18063,#18068));
#18063 = SURFACE_STYLE_USAGE(.BOTH.,#18064);
#18064 = SURFACE_SIDE_STYLE('',(#18065));
#18065 = SURFACE_STYLE_FILL_AREA(#18066);
#18066 = FILL_AREA_STYLE('',(#18067));
#18067 = FILL_AREA_STYLE_COLOUR('',#17851);
#18068 = CURVE_STYLE('',#18069,POSITIVE_LENGTH_MEASURE(0.1),#17851);
#18069 = DRAUGHTING_PRE_DEFINED_CURVE_FONT('continuous');
#18070 = STYLED_ITEM('color',(#18071),#15146);
#18071 = PRESENTATION_STYLE_ASSIGNMENT((#18072,#18077));
#18072 = SURFACE_STYLE_USAGE(.BOTH.,#18073);
#18073 = SURFACE_SIDE_STYLE('',(#18074));
#18074 = SURFACE_STYLE_FILL_AREA(#18075);
#18075 = FILL_AREA_STYLE('',(#18076));
#18076 = FILL_AREA_STYLE_COLOUR('',#17851);
#18077 = CURVE_STYLE('',#18078,POSITIVE_LENGTH_MEASURE(0.1),#17851);
#18078 = DRAUGHTING_PRE_DEFINED_CURVE_FONT('continuous');
#18079 = STYLED_ITEM('color',(#18080),#15221);
#18080 = PRESENTATION_STYLE_ASSIGNMENT((#18081,#18086));
#18081 = SURFACE_STYLE_USAGE(.BOTH.,#18082);
#18082 = SURFACE_SIDE_STYLE('',(#18083));
#18083 = SURFACE_STYLE_FILL_AREA(#18084);
#18084 = FILL_AREA_STYLE('',(#18085));
#18085 = FILL_AREA_STYLE_COLOUR('',#17851);
#18086 = CURVE_STYLE('',#18087,POSITIVE_LENGTH_MEASURE(0.1),#17851);
#18087 = DRAUGHTING_PRE_DEFINED_CURVE_FONT('continuous');
#18088 = STYLED_ITEM('color',(#18089),#15245);
#18089 = PRESENTATION_STYLE_ASSIGNMENT((#18090,#18095));
#18090 = SURFACE_STYLE_USAGE(.BOTH.,#18091);
#18091 = SURFACE_SIDE_STYLE('',(#18092));
#18092 = SURFACE_STYLE_FILL_AREA(#18093);
#18093 = FILL_AREA_STYLE('',(#18094));
#18094 = FILL_AREA_STYLE_COLOUR('',#17851);
#18095 = CURVE_STYLE('',#18096,POSITIVE_LENGTH_MEASURE(0.1),#17851);
#18096 = DRAUGHTING_PRE_DEFINED_CURVE_FONT('continuous');
#18097 = STYLED_ITEM('color',(#18098),#15313);
#18098 = PRESENTATION_STYLE_ASSIGNMENT((#18099,#18104));
#18099 = SURFACE_STYLE_USAGE(.BOTH.,#18100);
#18100 = SURFACE_SIDE_STYLE('',(#18101));
#18101 = SURFACE_STYLE_FILL_AREA(#18102);
#18102 = FILL_AREA_STYLE('',(#18103));
#18103 = FILL_AREA_STYLE_COLOUR('',#17851);
#18104 = CURVE_STYLE('',#18105,POSITIVE_LENGTH_MEASURE(0.1),#17851);
#18105 = DRAUGHTING_PRE_DEFINED_CURVE_FONT('continuous');
#18106 = STYLED_ITEM('color',(#18107),#15330);
#18107 = PRESENTATION_STYLE_ASSIGNMENT((#18108,#18113));
#18108 = SURFACE_STYLE_USAGE(.BOTH.,#18109);
#18109 = SURFACE_SIDE_STYLE('',(#18110));
#18110 = SURFACE_STYLE_FILL_AREA(#18111);
#18111 = FILL_AREA_STYLE('',(#18112));
#18112 = FILL_AREA_STYLE_COLOUR('',#17851);
#18113 = CURVE_STYLE('',#18114,POSITIVE_LENGTH_MEASURE(0.1),#17851);
#18114 = DRAUGHTING_PRE_DEFINED_CURVE_FONT('continuous');
#18115 = STYLED_ITEM('color',(#18116),#15347);
#18116 = PRESENTATION_STYLE_ASSIGNMENT((#18117,#18122));
#18117 = SURFACE_STYLE_USAGE(.BOTH.,#18118);
#18118 = SURFACE_SIDE_STYLE('',(#18119));
#18119 = SURFACE_STYLE_FILL_AREA(#18120);
#18120 = FILL_AREA_STYLE('',(#18121));
#18121 = FILL_AREA_STYLE_COLOUR('',#17724);
#18122 = CURVE_STYLE('',#18123,POSITIVE_LENGTH_MEASURE(0.1),#17724);
#18123 = DRAUGHTING_PRE_DEFINED_CURVE_FONT('continuous');
#18124 = STYLED_ITEM('color',(#18125),#15393);
#18125 = PRESENTATION_STYLE_ASSIGNMENT((#18126,#18131));
#18126 = SURFACE_STYLE_USAGE(.BOTH.,#18127);
#18127 = SURFACE_SIDE_STYLE('',(#18128));
#18128 = SURFACE_STYLE_FILL_AREA(#18129);
#18129 = FILL_AREA_STYLE('',(#18130));
#18130 = FILL_AREA_STYLE_COLOUR('',#17724);
#18131 = CURVE_STYLE('',#18132,POSITIVE_LENGTH_MEASURE(0.1),#17724);
#18132 = DRAUGHTING_PRE_DEFINED_CURVE_FONT('continuous');
#18133 = STYLED_ITEM('color',(#18134),#15409);
#18134 = PRESENTATION_STYLE_ASSIGNMENT((#18135,#18140));
#18135 = SURFACE_STYLE_USAGE(.BOTH.,#18136);
#18136 = SURFACE_SIDE_STYLE('',(#18137));
#18137 = SURFACE_STYLE_FILL_AREA(#18138);
#18138 = FILL_AREA_STYLE('',(#18139));
#18139 = FILL_AREA_STYLE_COLOUR('',#17724);
#18140 = CURVE_STYLE('',#18141,POSITIVE_LENGTH_MEASURE(0.1),#17724);
#18141 = DRAUGHTING_PRE_DEFINED_CURVE_FONT('continuous');
#18142 = STYLED_ITEM('color',(#18143),#15425);
#18143 = PRESENTATION_STYLE_ASSIGNMENT((#18144,#18149));
#18144 = SURFACE_STYLE_USAGE(.BOTH.,#18145);
#18145 = SURFACE_SIDE_STYLE('',(#18146));
#18146 = SURFACE_STYLE_FILL_AREA(#18147);
#18147 = FILL_AREA_STYLE('',(#18148));
#18148 = FILL_AREA_STYLE_COLOUR('',#17851);
#18149 = CURVE_STYLE('',#18150,POSITIVE_LENGTH_MEASURE(0.1),#17851);
#18150 = DRAUGHTING_PRE_DEFINED_CURVE_FONT('continuous');
#18151 = STYLED_ITEM('color',(#18152),#15442);
#18152 = PRESENTATION_STYLE_ASSIGNMENT((#18153,#18158));
#18153 = SURFACE_STYLE_USAGE(.BOTH.,#18154);
#18154 = SURFACE_SIDE_STYLE('',(#18155));
#18155 = SURFACE_STYLE_FILL_AREA(#18156);
#18156 = FILL_AREA_STYLE('',(#18157));
#18157 = FILL_AREA_STYLE_COLOUR('',#17724);
#18158 = CURVE_STYLE('',#18159,POSITIVE_LENGTH_MEASURE(0.1),#17724);
#18159 = DRAUGHTING_PRE_DEFINED_CURVE_FONT('continuous');
#18160 = STYLED_ITEM('color',(#18161),#15454);
#18161 = PRESENTATION_STYLE_ASSIGNMENT((#18162,#18167));
#18162 = SURFACE_STYLE_USAGE(.BOTH.,#18163);
#18163 = SURFACE_SIDE_STYLE('',(#18164));
#18164 = SURFACE_STYLE_FILL_AREA(#18165);
#18165 = FILL_AREA_STYLE('',(#18166));
#18166 = FILL_AREA_STYLE_COLOUR('',#17851);
#18167 = CURVE_STYLE('',#18168,POSITIVE_LENGTH_MEASURE(0.1),#17851);
#18168 = DRAUGHTING_PRE_DEFINED_CURVE_FONT('continuous');
#18169 = STYLED_ITEM('color',(#18170),#15471);
#18170 = PRESENTATION_STYLE_ASSIGNMENT((#18171,#18176));
#18171 = SURFACE_STYLE_USAGE(.BOTH.,#18172);
#18172 = SURFACE_SIDE_STYLE('',(#18173));
#18173 = SURFACE_STYLE_FILL_AREA(#18174);
#18174 = FILL_AREA_STYLE('',(#18175));
#18175 = FILL_AREA_STYLE_COLOUR('',#17851);
#18176 = CURVE_STYLE('',#18177,POSITIVE_LENGTH_MEASURE(0.1),#17851);
#18177 = DRAUGHTING_PRE_DEFINED_CURVE_FONT('continuous');
#18178 = STYLED_ITEM('color',(#18179),#15488);
#18179 = PRESENTATION_STYLE_ASSIGNMENT((#18180,#18185));
#18180 = SURFACE_STYLE_USAGE(.BOTH.,#18181);
#18181 = SURFACE_SIDE_STYLE('',(#18182));
#18182 = SURFACE_STYLE_FILL_AREA(#18183);
#18183 = FILL_AREA_STYLE('',(#18184));
#18184 = FILL_AREA_STYLE_COLOUR('',#17851);
#18185 = CURVE_STYLE('',#18186,POSITIVE_LENGTH_MEASURE(0.1),#17851);
#18186 = DRAUGHTING_PRE_DEFINED_CURVE_FONT('continuous');
#18187 = STYLED_ITEM('color',(#18188),#15505);
#18188 = PRESENTATION_STYLE_ASSIGNMENT((#18189,#18194));
#18189 = SURFACE_STYLE_USAGE(.BOTH.,#18190);
#18190 = SURFACE_SIDE_STYLE('',(#18191));
#18191 = SURFACE_STYLE_FILL_AREA(#18192);
#18192 = FILL_AREA_STYLE('',(#18193));
#18193 = FILL_AREA_STYLE_COLOUR('',#17851);
#18194 = CURVE_STYLE('',#18195,POSITIVE_LENGTH_MEASURE(0.1),#17851);
#18195 = DRAUGHTING_PRE_DEFINED_CURVE_FONT('continuous');
#18196 = STYLED_ITEM('color',(#18197),#15522);
#18197 = PRESENTATION_STYLE_ASSIGNMENT((#18198,#18203));
#18198 = SURFACE_STYLE_USAGE(.BOTH.,#18199);
#18199 = SURFACE_SIDE_STYLE('',(#18200));
#18200 = SURFACE_STYLE_FILL_AREA(#18201);
#18201 = FILL_AREA_STYLE('',(#18202));
#18202 = FILL_AREA_STYLE_COLOUR('',#17851);
#18203 = CURVE_STYLE('',#18204,POSITIVE_LENGTH_MEASURE(0.1),#17851);
#18204 = DRAUGHTING_PRE_DEFINED_CURVE_FONT('continuous');
#18205 = STYLED_ITEM('color',(#18206),#15539);
#18206 = PRESENTATION_STYLE_ASSIGNMENT((#18207,#18212));
#18207 = SURFACE_STYLE_USAGE(.BOTH.,#18208);
#18208 = SURFACE_SIDE_STYLE('',(#18209));
#18209 = SURFACE_STYLE_FILL_AREA(#18210);
#18210 = FILL_AREA_STYLE('',(#18211));
#18211 = FILL_AREA_STYLE_COLOUR('',#17851);
#18212 = CURVE_STYLE('',#18213,POSITIVE_LENGTH_MEASURE(0.1),#17851);
#18213 = DRAUGHTING_PRE_DEFINED_CURVE_FONT('continuous');
#18214 = STYLED_ITEM('color',(#18215),#15556);
#18215 = PRESENTATION_STYLE_ASSIGNMENT((#18216,#18221));
#18216 = SURFACE_STYLE_USAGE(.BOTH.,#18217);
#18217 = SURFACE_SIDE_STYLE('',(#18218));
#18218 = SURFACE_STYLE_FILL_AREA(#18219);
#18219 = FILL_AREA_STYLE('',(#18220));
#18220 = FILL_AREA_STYLE_COLOUR('',#17851);
#18221 = CURVE_STYLE('',#18222,POSITIVE_LENGTH_MEASURE(0.1),#17851);
#18222 = DRAUGHTING_PRE_DEFINED_CURVE_FONT('continuous');
#18223 = STYLED_ITEM('color',(#18224),#15568);
#18224 = PRESENTATION_STYLE_ASSIGNMENT((#18225,#18230));
#18225 = SURFACE_STYLE_USAGE(.BOTH.,#18226);
#18226 = SURFACE_SIDE_STYLE('',(#18227));
#18227 = SURFACE_STYLE_FILL_AREA(#18228);
#18228 = FILL_AREA_STYLE('',(#18229));
#18229 = FILL_AREA_STYLE_COLOUR('',#17851);
#18230 = CURVE_STYLE('',#18231,POSITIVE_LENGTH_MEASURE(0.1),#17851);
#18231 = DRAUGHTING_PRE_DEFINED_CURVE_FONT('continuous');
#18232 = STYLED_ITEM('color',(#18233),#15585);
#18233 = PRESENTATION_STYLE_ASSIGNMENT((#18234,#18239));
#18234 = SURFACE_STYLE_USAGE(.BOTH.,#18235);
#18235 = SURFACE_SIDE_STYLE('',(#18236));
#18236 = SURFACE_STYLE_FILL_AREA(#18237);
#18237 = FILL_AREA_STYLE('',(#18238));
#18238 = FILL_AREA_STYLE_COLOUR('',#17851);
#18239 = CURVE_STYLE('',#18240,POSITIVE_LENGTH_MEASURE(0.1),#17851);
#18240 = DRAUGHTING_PRE_DEFINED_CURVE_FONT('continuous');
#18241 = STYLED_ITEM('color',(#18242),#15602);
#18242 = PRESENTATION_STYLE_ASSIGNMENT((#18243,#18248));
#18243 = SURFACE_STYLE_USAGE(.BOTH.,#18244);
#18244 = SURFACE_SIDE_STYLE('',(#18245));
#18245 = SURFACE_STYLE_FILL_AREA(#18246);
#18246 = FILL_AREA_STYLE('',(#18247));
#18247 = FILL_AREA_STYLE_COLOUR('',#17851);
#18248 = CURVE_STYLE('',#18249,POSITIVE_LENGTH_MEASURE(0.1),#17851);
#18249 = DRAUGHTING_PRE_DEFINED_CURVE_FONT('continuous');
#18250 = STYLED_ITEM('color',(#18251),#15619);
#18251 = PRESENTATION_STYLE_ASSIGNMENT((#18252,#18257));
#18252 = SURFACE_STYLE_USAGE(.BOTH.,#18253);
#18253 = SURFACE_SIDE_STYLE('',(#18254));
#18254 = SURFACE_STYLE_FILL_AREA(#18255);
#18255 = FILL_AREA_STYLE('',(#18256));
#18256 = FILL_AREA_STYLE_COLOUR('',#17851);
#18257 = CURVE_STYLE('',#18258,POSITIVE_LENGTH_MEASURE(0.1),#17851);
#18258 = DRAUGHTING_PRE_DEFINED_CURVE_FONT('continuous');
#18259 = STYLED_ITEM('color',(#18260),#15636);
#18260 = PRESENTATION_STYLE_ASSIGNMENT((#18261,#18266));
#18261 = SURFACE_STYLE_USAGE(.BOTH.,#18262);
#18262 = SURFACE_SIDE_STYLE('',(#18263));
#18263 = SURFACE_STYLE_FILL_AREA(#18264);
#18264 = FILL_AREA_STYLE('',(#18265));
#18265 = FILL_AREA_STYLE_COLOUR('',#17851);
#18266 = CURVE_STYLE('',#18267,POSITIVE_LENGTH_MEASURE(0.1),#17851);
#18267 = DRAUGHTING_PRE_DEFINED_CURVE_FONT('continuous');
#18268 = STYLED_ITEM('color',(#18269),#15653);
#18269 = PRESENTATION_STYLE_ASSIGNMENT((#18270,#18275));
#18270 = SURFACE_STYLE_USAGE(.BOTH.,#18271);
#18271 = SURFACE_SIDE_STYLE('',(#18272));
#18272 = SURFACE_STYLE_FILL_AREA(#18273);
#18273 = FILL_AREA_STYLE('',(#18274));
#18274 = FILL_AREA_STYLE_COLOUR('',#17851);
#18275 = CURVE_STYLE('',#18276,POSITIVE_LENGTH_MEASURE(0.1),#17851);
#18276 = DRAUGHTING_PRE_DEFINED_CURVE_FONT('continuous');
#18277 = STYLED_ITEM('color',(#18278),#15665);
#18278 = PRESENTATION_STYLE_ASSIGNMENT((#18279,#18284));
#18279 = SURFACE_STYLE_USAGE(.BOTH.,#18280);
#18280 = SURFACE_SIDE_STYLE('',(#18281));
#18281 = SURFACE_STYLE_FILL_AREA(#18282);
#18282 = FILL_AREA_STYLE('',(#18283));
#18283 = FILL_AREA_STYLE_COLOUR('',#17851);
#18284 = CURVE_STYLE('',#18285,POSITIVE_LENGTH_MEASURE(0.1),#17851);
#18285 = DRAUGHTING_PRE_DEFINED_CURVE_FONT('continuous');
#18286 = STYLED_ITEM('color',(#18287),#15682);
#18287 = PRESENTATION_STYLE_ASSIGNMENT((#18288,#18293));
#18288 = SURFACE_STYLE_USAGE(.BOTH.,#18289);
#18289 = SURFACE_SIDE_STYLE('',(#18290));
#18290 = SURFACE_STYLE_FILL_AREA(#18291);
#18291 = FILL_AREA_STYLE('',(#18292));
#18292 = FILL_AREA_STYLE_COLOUR('',#17851);
#18293 = CURVE_STYLE('',#18294,POSITIVE_LENGTH_MEASURE(0.1),#17851);
#18294 = DRAUGHTING_PRE_DEFINED_CURVE_FONT('continuous');
#18295 = STYLED_ITEM('color',(#18296),#15699);
#18296 = PRESENTATION_STYLE_ASSIGNMENT((#18297,#18302));
#18297 = SURFACE_STYLE_USAGE(.BOTH.,#18298);
#18298 = SURFACE_SIDE_STYLE('',(#18299));
#18299 = SURFACE_STYLE_FILL_AREA(#18300);
#18300 = FILL_AREA_STYLE('',(#18301));
#18301 = FILL_AREA_STYLE_COLOUR('',#17851);
#18302 = CURVE_STYLE('',#18303,POSITIVE_LENGTH_MEASURE(0.1),#17851);
#18303 = DRAUGHTING_PRE_DEFINED_CURVE_FONT('continuous');
#18304 = STYLED_ITEM('color',(#18305),#15716);
#18305 = PRESENTATION_STYLE_ASSIGNMENT((#18306,#18311));
#18306 = SURFACE_STYLE_USAGE(.BOTH.,#18307);
#18307 = SURFACE_SIDE_STYLE('',(#18308));
#18308 = SURFACE_STYLE_FILL_AREA(#18309);
#18309 = FILL_AREA_STYLE('',(#18310));
#18310 = FILL_AREA_STYLE_COLOUR('',#17851);
#18311 = CURVE_STYLE('',#18312,POSITIVE_LENGTH_MEASURE(0.1),#17851);
#18312 = DRAUGHTING_PRE_DEFINED_CURVE_FONT('continuous');
#18313 = STYLED_ITEM('color',(#18314),#15733);
#18314 = PRESENTATION_STYLE_ASSIGNMENT((#18315,#18320));
#18315 = SURFACE_STYLE_USAGE(.BOTH.,#18316);
#18316 = SURFACE_SIDE_STYLE('',(#18317));
#18317 = SURFACE_STYLE_FILL_AREA(#18318);
#18318 = FILL_AREA_STYLE('',(#18319));
#18319 = FILL_AREA_STYLE_COLOUR('',#17851);
#18320 = CURVE_STYLE('',#18321,POSITIVE_LENGTH_MEASURE(0.1),#17851);
#18321 = DRAUGHTING_PRE_DEFINED_CURVE_FONT('continuous');
#18322 = STYLED_ITEM('color',(#18323),#15750);
#18323 = PRESENTATION_STYLE_ASSIGNMENT((#18324,#18329));
#18324 = SURFACE_STYLE_USAGE(.BOTH.,#18325);
#18325 = SURFACE_SIDE_STYLE('',(#18326));
#18326 = SURFACE_STYLE_FILL_AREA(#18327);
#18327 = FILL_AREA_STYLE('',(#18328));
#18328 = FILL_AREA_STYLE_COLOUR('',#17851);
#18329 = CURVE_STYLE('',#18330,POSITIVE_LENGTH_MEASURE(0.1),#17851);
#18330 = DRAUGHTING_PRE_DEFINED_CURVE_FONT('continuous');
#18331 = STYLED_ITEM('color',(#18332),#15762);
#18332 = PRESENTATION_STYLE_ASSIGNMENT((#18333,#18339));
#18333 = SURFACE_STYLE_USAGE(.BOTH.,#18334);
#18334 = SURFACE_SIDE_STYLE('',(#18335));
#18335 = SURFACE_STYLE_FILL_AREA(#18336);
#18336 = FILL_AREA_STYLE('',(#18337));
#18337 = FILL_AREA_STYLE_COLOUR('',#18338);
#18338 = COLOUR_RGB('',0.690999998585,0.664000007176,0.597999987832);
#18339 = CURVE_STYLE('',#18340,POSITIVE_LENGTH_MEASURE(0.1),#18338);
#18340 = DRAUGHTING_PRE_DEFINED_CURVE_FONT('continuous');
#18341 = MECHANICAL_DESIGN_GEOMETRIC_PRESENTATION_REPRESENTATION('',(
    #18342,#18349,#18356,#18364,#18371,#18379,#18386,#18393,#18400,
    #18407,#18414,#18421,#18428,#18435,#18442,#18449,#18456,#18463,
    #18470,#18477,#18485,#18492,#18499,#18506,#18513,#18520,#18527,
    #18534,#18541,#18548,#18555,#18562,#18569,#18576,#18583,#18590,
    #18597,#18604,#18611,#18618,#18625,#18632,#18639,#18646,#18653,
    #18660,#18667,#18674,#18681),#2541);
#18342 = STYLED_ITEM('color',(#18343),#503);
#18343 = PRESENTATION_STYLE_ASSIGNMENT((#18344));
#18344 = SURFACE_STYLE_USAGE(.BOTH.,#18345);
#18345 = SURFACE_SIDE_STYLE('',(#18346));
#18346 = SURFACE_STYLE_FILL_AREA(#18347);
#18347 = FILL_AREA_STYLE('',(#18348));
#18348 = FILL_AREA_STYLE_COLOUR('',#17851);
#18349 = STYLED_ITEM('color',(#18350),#520);
#18350 = PRESENTATION_STYLE_ASSIGNMENT((#18351));
#18351 = SURFACE_STYLE_USAGE(.BOTH.,#18352);
#18352 = SURFACE_SIDE_STYLE('',(#18353));
#18353 = SURFACE_STYLE_FILL_AREA(#18354);
#18354 = FILL_AREA_STYLE('',(#18355));
#18355 = FILL_AREA_STYLE_COLOUR('',#17851);
#18356 = STYLED_ITEM('color',(#18357),#545);
#18357 = PRESENTATION_STYLE_ASSIGNMENT((#18358));
#18358 = SURFACE_STYLE_USAGE(.BOTH.,#18359);
#18359 = SURFACE_SIDE_STYLE('',(#18360));
#18360 = SURFACE_STYLE_FILL_AREA(#18361);
#18361 = FILL_AREA_STYLE('',(#18362));
#18362 = FILL_AREA_STYLE_COLOUR('',#18363);
#18363 = COLOUR_RGB('',0.136999991899,0.40200001271,0.726999997272);
#18364 = STYLED_ITEM('color',(#18365),#594);
#18365 = PRESENTATION_STYLE_ASSIGNMENT((#18366));
#18366 = SURFACE_STYLE_USAGE(.BOTH.,#18367);
#18367 = SURFACE_SIDE_STYLE('',(#18368));
#18368 = SURFACE_STYLE_FILL_AREA(#18369);
#18369 = FILL_AREA_STYLE('',(#18370));
#18370 = FILL_AREA_STYLE_COLOUR('',#18363);
#18371 = STYLED_ITEM('color',(#18372),#627);
#18372 = PRESENTATION_STYLE_ASSIGNMENT((#18373));
#18373 = SURFACE_STYLE_USAGE(.BOTH.,#18374);
#18374 = SURFACE_SIDE_STYLE('',(#18375));
#18375 = SURFACE_STYLE_FILL_AREA(#18376);
#18376 = FILL_AREA_STYLE('',(#18377));
#18377 = FILL_AREA_STYLE_COLOUR('',#18378);
#18378 = COLOUR_RGB('',0.690999977303,0.663999984767,0.597999987832);
#18379 = STYLED_ITEM('color',(#18380),#645);
#18380 = PRESENTATION_STYLE_ASSIGNMENT((#18381));
#18381 = SURFACE_STYLE_USAGE(.BOTH.,#18382);
#18382 = SURFACE_SIDE_STYLE('',(#18383));
#18383 = SURFACE_STYLE_FILL_AREA(#18384);
#18384 = FILL_AREA_STYLE('',(#18385));
#18385 = FILL_AREA_STYLE_COLOUR('',#17851);
#18386 = STYLED_ITEM('color',(#18387),#670);
#18387 = PRESENTATION_STYLE_ASSIGNMENT((#18388));
#18388 = SURFACE_STYLE_USAGE(.BOTH.,#18389);
#18389 = SURFACE_SIDE_STYLE('',(#18390));
#18390 = SURFACE_STYLE_FILL_AREA(#18391);
#18391 = FILL_AREA_STYLE('',(#18392));
#18392 = FILL_AREA_STYLE_COLOUR('',#18363);
#18393 = STYLED_ITEM('color',(#18394),#702);
#18394 = PRESENTATION_STYLE_ASSIGNMENT((#18395));
#18395 = SURFACE_STYLE_USAGE(.BOTH.,#18396);
#18396 = SURFACE_SIDE_STYLE('',(#18397));
#18397 = SURFACE_STYLE_FILL_AREA(#18398);
#18398 = FILL_AREA_STYLE('',(#18399));
#18399 = FILL_AREA_STYLE_COLOUR('',#18378);
#18400 = STYLED_ITEM('color',(#18401),#720);
#18401 = PRESENTATION_STYLE_ASSIGNMENT((#18402));
#18402 = SURFACE_STYLE_USAGE(.BOTH.,#18403);
#18403 = SURFACE_SIDE_STYLE('',(#18404));
#18404 = SURFACE_STYLE_FILL_AREA(#18405);
#18405 = FILL_AREA_STYLE('',(#18406));
#18406 = FILL_AREA_STYLE_COLOUR('',#17851);
#18407 = STYLED_ITEM('color',(#18408),#729);
#18408 = PRESENTATION_STYLE_ASSIGNMENT((#18409));
#18409 = SURFACE_STYLE_USAGE(.BOTH.,#18410);
#18410 = SURFACE_SIDE_STYLE('',(#18411));
#18411 = SURFACE_STYLE_FILL_AREA(#18412);
#18412 = FILL_AREA_STYLE('',(#18413));
#18413 = FILL_AREA_STYLE_COLOUR('',#18363);
#18414 = STYLED_ITEM('color',(#18415),#767);
#18415 = PRESENTATION_STYLE_ASSIGNMENT((#18416));
#18416 = SURFACE_STYLE_USAGE(.BOTH.,#18417);
#18417 = SURFACE_SIDE_STYLE('',(#18418));
#18418 = SURFACE_STYLE_FILL_AREA(#18419);
#18419 = FILL_AREA_STYLE('',(#18420));
#18420 = FILL_AREA_STYLE_COLOUR('',#18378);
#18421 = STYLED_ITEM('color',(#18422),#789);
#18422 = PRESENTATION_STYLE_ASSIGNMENT((#18423));
#18423 = SURFACE_STYLE_USAGE(.BOTH.,#18424);
#18424 = SURFACE_SIDE_STYLE('',(#18425));
#18425 = SURFACE_STYLE_FILL_AREA(#18426);
#18426 = FILL_AREA_STYLE('',(#18427));
#18427 = FILL_AREA_STYLE_COLOUR('',#18363);
#18428 = STYLED_ITEM('color',(#18429),#849);
#18429 = PRESENTATION_STYLE_ASSIGNMENT((#18430));
#18430 = SURFACE_STYLE_USAGE(.BOTH.,#18431);
#18431 = SURFACE_SIDE_STYLE('',(#18432));
#18432 = SURFACE_STYLE_FILL_AREA(#18433);
#18433 = FILL_AREA_STYLE('',(#18434));
#18434 = FILL_AREA_STYLE_COLOUR('',#18378);
#18435 = STYLED_ITEM('color',(#18436),#877);
#18436 = PRESENTATION_STYLE_ASSIGNMENT((#18437));
#18437 = SURFACE_STYLE_USAGE(.BOTH.,#18438);
#18438 = SURFACE_SIDE_STYLE('',(#18439));
#18439 = SURFACE_STYLE_FILL_AREA(#18440);
#18440 = FILL_AREA_STYLE('',(#18441));
#18441 = FILL_AREA_STYLE_COLOUR('',#18363);
#18442 = STYLED_ITEM('color',(#18443),#1043);
#18443 = PRESENTATION_STYLE_ASSIGNMENT((#18444));
#18444 = SURFACE_STYLE_USAGE(.BOTH.,#18445);
#18445 = SURFACE_SIDE_STYLE('',(#18446));
#18446 = SURFACE_STYLE_FILL_AREA(#18447);
#18447 = FILL_AREA_STYLE('',(#18448));
#18448 = FILL_AREA_STYLE_COLOUR('',#18378);
#18449 = STYLED_ITEM('color',(#18450),#1109);
#18450 = PRESENTATION_STYLE_ASSIGNMENT((#18451));
#18451 = SURFACE_STYLE_USAGE(.BOTH.,#18452);
#18452 = SURFACE_SIDE_STYLE('',(#18453));
#18453 = SURFACE_STYLE_FILL_AREA(#18454);
#18454 = FILL_AREA_STYLE('',(#18455));
#18455 = FILL_AREA_STYLE_COLOUR('',#18363);
#18456 = STYLED_ITEM('color',(#18457),#1175);
#18457 = PRESENTATION_STYLE_ASSIGNMENT((#18458));
#18458 = SURFACE_STYLE_USAGE(.BOTH.,#18459);
#18459 = SURFACE_SIDE_STYLE('',(#18460));
#18460 = SURFACE_STYLE_FILL_AREA(#18461);
#18461 = FILL_AREA_STYLE('',(#18462));
#18462 = FILL_AREA_STYLE_COLOUR('',#18378);
#18463 = STYLED_ITEM('color',(#18464),#1293);
#18464 = PRESENTATION_STYLE_ASSIGNMENT((#18465));
#18465 = SURFACE_STYLE_USAGE(.BOTH.,#18466);
#18466 = SURFACE_SIDE_STYLE('',(#18467));
#18467 = SURFACE_STYLE_FILL_AREA(#18468);
#18468 = FILL_AREA_STYLE('',(#18469));
#18469 = FILL_AREA_STYLE_COLOUR('',#18363);
#18470 = STYLED_ITEM('color',(#18471),#1459);
#18471 = PRESENTATION_STYLE_ASSIGNMENT((#18472));
#18472 = SURFACE_STYLE_USAGE(.BOTH.,#18473);
#18473 = SURFACE_SIDE_STYLE('',(#18474));
#18474 = SURFACE_STYLE_FILL_AREA(#18475);
#18475 = FILL_AREA_STYLE('',(#18476));
#18476 = FILL_AREA_STYLE_COLOUR('',#18378);
#18477 = STYLED_ITEM('color',(#18478),#1539);
#18478 = PRESENTATION_STYLE_ASSIGNMENT((#18479));
#18479 = SURFACE_STYLE_USAGE(.BOTH.,#18480);
#18480 = SURFACE_SIDE_STYLE('',(#18481));
#18481 = SURFACE_STYLE_FILL_AREA(#18482);
#18482 = FILL_AREA_STYLE('',(#18483));
#18483 = FILL_AREA_STYLE_COLOUR('',#18484);
#18484 = COLOUR_RGB('',0.147999998088,0.144999993226,0.144999993226);
#18485 = STYLED_ITEM('color',(#18486),#1573);
#18486 = PRESENTATION_STYLE_ASSIGNMENT((#18487));
#18487 = SURFACE_STYLE_USAGE(.BOTH.,#18488);
#18488 = SURFACE_SIDE_STYLE('',(#18489));
#18489 = SURFACE_STYLE_FILL_AREA(#18490);
#18490 = FILL_AREA_STYLE('',(#18491));
#18491 = FILL_AREA_STYLE_COLOUR('',#18378);
#18492 = STYLED_ITEM('color',(#18493),#1653);
#18493 = PRESENTATION_STYLE_ASSIGNMENT((#18494));
#18494 = SURFACE_STYLE_USAGE(.BOTH.,#18495);
#18495 = SURFACE_SIDE_STYLE('',(#18496));
#18496 = SURFACE_STYLE_FILL_AREA(#18497);
#18497 = FILL_AREA_STYLE('',(#18498));
#18498 = FILL_AREA_STYLE_COLOUR('',#18363);
#18499 = STYLED_ITEM('color',(#18500),#1685);
#18500 = PRESENTATION_STYLE_ASSIGNMENT((#18501));
#18501 = SURFACE_STYLE_USAGE(.BOTH.,#18502);
#18502 = SURFACE_SIDE_STYLE('',(#18503));
#18503 = SURFACE_STYLE_FILL_AREA(#18504);
#18504 = FILL_AREA_STYLE('',(#18505));
#18505 = FILL_AREA_STYLE_COLOUR('',#18484);
#18506 = STYLED_ITEM('color',(#18507),#1751);
#18507 = PRESENTATION_STYLE_ASSIGNMENT((#18508));
#18508 = SURFACE_STYLE_USAGE(.BOTH.,#18509);
#18509 = SURFACE_SIDE_STYLE('',(#18510));
#18510 = SURFACE_STYLE_FILL_AREA(#18511);
#18511 = FILL_AREA_STYLE('',(#18512));
#18512 = FILL_AREA_STYLE_COLOUR('',#18378);
#18513 = STYLED_ITEM('color',(#18514),#1828);
#18514 = PRESENTATION_STYLE_ASSIGNMENT((#18515));
#18515 = SURFACE_STYLE_USAGE(.BOTH.,#18516);
#18516 = SURFACE_SIDE_STYLE('',(#18517));
#18517 = SURFACE_STYLE_FILL_AREA(#18518);
#18518 = FILL_AREA_STYLE('',(#18519));
#18519 = FILL_AREA_STYLE_COLOUR('',#18363);
#18520 = STYLED_ITEM('color',(#18521),#1862);
#18521 = PRESENTATION_STYLE_ASSIGNMENT((#18522));
#18522 = SURFACE_STYLE_USAGE(.BOTH.,#18523);
#18523 = SURFACE_SIDE_STYLE('',(#18524));
#18524 = SURFACE_STYLE_FILL_AREA(#18525);
#18525 = FILL_AREA_STYLE('',(#18526));
#18526 = FILL_AREA_STYLE_COLOUR('',#18484);
#18527 = STYLED_ITEM('color',(#18528),#1877);
#18528 = PRESENTATION_STYLE_ASSIGNMENT((#18529));
#18529 = SURFACE_STYLE_USAGE(.BOTH.,#18530);
#18530 = SURFACE_SIDE_STYLE('',(#18531));
#18531 = SURFACE_STYLE_FILL_AREA(#18532);
#18532 = FILL_AREA_STYLE('',(#18533));
#18533 = FILL_AREA_STYLE_COLOUR('',#18378);
#18534 = STYLED_ITEM('color',(#18535),#1895);
#18535 = PRESENTATION_STYLE_ASSIGNMENT((#18536));
#18536 = SURFACE_STYLE_USAGE(.BOTH.,#18537);
#18537 = SURFACE_SIDE_STYLE('',(#18538));
#18538 = SURFACE_STYLE_FILL_AREA(#18539);
#18539 = FILL_AREA_STYLE('',(#18540));
#18540 = FILL_AREA_STYLE_COLOUR('',#18363);
#18541 = STYLED_ITEM('color',(#18542),#1927);
#18542 = PRESENTATION_STYLE_ASSIGNMENT((#18543));
#18543 = SURFACE_STYLE_USAGE(.BOTH.,#18544);
#18544 = SURFACE_SIDE_STYLE('',(#18545));
#18545 = SURFACE_STYLE_FILL_AREA(#18546);
#18546 = FILL_AREA_STYLE('',(#18547));
#18547 = FILL_AREA_STYLE_COLOUR('',#18378);
#18548 = STYLED_ITEM('color',(#18549),#1945);
#18549 = PRESENTATION_STYLE_ASSIGNMENT((#18550));
#18550 = SURFACE_STYLE_USAGE(.BOTH.,#18551);
#18551 = SURFACE_SIDE_STYLE('',(#18552));
#18552 = SURFACE_STYLE_FILL_AREA(#18553);
#18553 = FILL_AREA_STYLE('',(#18554));
#18554 = FILL_AREA_STYLE_COLOUR('',#18363);
#18555 = STYLED_ITEM('color',(#18556),#2088);
#18556 = PRESENTATION_STYLE_ASSIGNMENT((#18557));
#18557 = SURFACE_STYLE_USAGE(.BOTH.,#18558);
#18558 = SURFACE_SIDE_STYLE('',(#18559));
#18559 = SURFACE_STYLE_FILL_AREA(#18560);
#18560 = FILL_AREA_STYLE('',(#18561));
#18561 = FILL_AREA_STYLE_COLOUR('',#18378);
#18562 = STYLED_ITEM('color',(#18563),#2140);
#18563 = PRESENTATION_STYLE_ASSIGNMENT((#18564));
#18564 = SURFACE_STYLE_USAGE(.BOTH.,#18565);
#18565 = SURFACE_SIDE_STYLE('',(#18566));
#18566 = SURFACE_STYLE_FILL_AREA(#18567);
#18567 = FILL_AREA_STYLE('',(#18568));
#18568 = FILL_AREA_STYLE_COLOUR('',#17851);
#18569 = STYLED_ITEM('color',(#18570),#2164);
#18570 = PRESENTATION_STYLE_ASSIGNMENT((#18571));
#18571 = SURFACE_STYLE_USAGE(.BOTH.,#18572);
#18572 = SURFACE_SIDE_STYLE('',(#18573));
#18573 = SURFACE_STYLE_FILL_AREA(#18574);
#18574 = FILL_AREA_STYLE('',(#18575));
#18575 = FILL_AREA_STYLE_COLOUR('',#17851);
#18576 = STYLED_ITEM('color',(#18577),#2188);
#18577 = PRESENTATION_STYLE_ASSIGNMENT((#18578));
#18578 = SURFACE_STYLE_USAGE(.BOTH.,#18579);
#18579 = SURFACE_SIDE_STYLE('',(#18580));
#18580 = SURFACE_STYLE_FILL_AREA(#18581);
#18581 = FILL_AREA_STYLE('',(#18582));
#18582 = FILL_AREA_STYLE_COLOUR('',#17851);
#18583 = STYLED_ITEM('color',(#18584),#2212);
#18584 = PRESENTATION_STYLE_ASSIGNMENT((#18585));
#18585 = SURFACE_STYLE_USAGE(.BOTH.,#18586);
#18586 = SURFACE_SIDE_STYLE('',(#18587));
#18587 = SURFACE_STYLE_FILL_AREA(#18588);
#18588 = FILL_AREA_STYLE('',(#18589));
#18589 = FILL_AREA_STYLE_COLOUR('',#17851);
#18590 = STYLED_ITEM('color',(#18591),#2274);
#18591 = PRESENTATION_STYLE_ASSIGNMENT((#18592));
#18592 = SURFACE_STYLE_USAGE(.BOTH.,#18593);
#18593 = SURFACE_SIDE_STYLE('',(#18594));
#18594 = SURFACE_STYLE_FILL_AREA(#18595);
#18595 = FILL_AREA_STYLE('',(#18596));
#18596 = FILL_AREA_STYLE_COLOUR('',#17851);
#18597 = STYLED_ITEM('color',(#18598),#2291);
#18598 = PRESENTATION_STYLE_ASSIGNMENT((#18599));
#18599 = SURFACE_STYLE_USAGE(.BOTH.,#18600);
#18600 = SURFACE_SIDE_STYLE('',(#18601));
#18601 = SURFACE_STYLE_FILL_AREA(#18602);
#18602 = FILL_AREA_STYLE('',(#18603));
#18603 = FILL_AREA_STYLE_COLOUR('',#17851);
#18604 = STYLED_ITEM('color',(#18605),#2315);
#18605 = PRESENTATION_STYLE_ASSIGNMENT((#18606));
#18606 = SURFACE_STYLE_USAGE(.BOTH.,#18607);
#18607 = SURFACE_SIDE_STYLE('',(#18608));
#18608 = SURFACE_STYLE_FILL_AREA(#18609);
#18609 = FILL_AREA_STYLE('',(#18610));
#18610 = FILL_AREA_STYLE_COLOUR('',#17851);
#18611 = STYLED_ITEM('color',(#18612),#2331);
#18612 = PRESENTATION_STYLE_ASSIGNMENT((#18613));
#18613 = SURFACE_STYLE_USAGE(.BOTH.,#18614);
#18614 = SURFACE_SIDE_STYLE('',(#18615));
#18615 = SURFACE_STYLE_FILL_AREA(#18616);
#18616 = FILL_AREA_STYLE('',(#18617));
#18617 = FILL_AREA_STYLE_COLOUR('',#17851);
#18618 = STYLED_ITEM('color',(#18619),#2355);
#18619 = PRESENTATION_STYLE_ASSIGNMENT((#18620));
#18620 = SURFACE_STYLE_USAGE(.BOTH.,#18621);
#18621 = SURFACE_SIDE_STYLE('',(#18622));
#18622 = SURFACE_STYLE_FILL_AREA(#18623);
#18623 = FILL_AREA_STYLE('',(#18624));
#18624 = FILL_AREA_STYLE_COLOUR('',#17851);
#18625 = STYLED_ITEM('color',(#18626),#2367);
#18626 = PRESENTATION_STYLE_ASSIGNMENT((#18627));
#18627 = SURFACE_STYLE_USAGE(.BOTH.,#18628);
#18628 = SURFACE_SIDE_STYLE('',(#18629));
#18629 = SURFACE_STYLE_FILL_AREA(#18630);
#18630 = FILL_AREA_STYLE('',(#18631));
#18631 = FILL_AREA_STYLE_COLOUR('',#17851);
#18632 = STYLED_ITEM('color',(#18633),#2383);
#18633 = PRESENTATION_STYLE_ASSIGNMENT((#18634));
#18634 = SURFACE_STYLE_USAGE(.BOTH.,#18635);
#18635 = SURFACE_SIDE_STYLE('',(#18636));
#18636 = SURFACE_STYLE_FILL_AREA(#18637);
#18637 = FILL_AREA_STYLE('',(#18638));
#18638 = FILL_AREA_STYLE_COLOUR('',#17851);
#18639 = STYLED_ITEM('color',(#18640),#2395);
#18640 = PRESENTATION_STYLE_ASSIGNMENT((#18641));
#18641 = SURFACE_STYLE_USAGE(.BOTH.,#18642);
#18642 = SURFACE_SIDE_STYLE('',(#18643));
#18643 = SURFACE_STYLE_FILL_AREA(#18644);
#18644 = FILL_AREA_STYLE('',(#18645));
#18645 = FILL_AREA_STYLE_COLOUR('',#17851);
#18646 = STYLED_ITEM('color',(#18647),#2407);
#18647 = PRESENTATION_STYLE_ASSIGNMENT((#18648));
#18648 = SURFACE_STYLE_USAGE(.BOTH.,#18649);
#18649 = SURFACE_SIDE_STYLE('',(#18650));
#18650 = SURFACE_STYLE_FILL_AREA(#18651);
#18651 = FILL_AREA_STYLE('',(#18652));
#18652 = FILL_AREA_STYLE_COLOUR('',#17851);
#18653 = STYLED_ITEM('color',(#18654),#2421);
#18654 = PRESENTATION_STYLE_ASSIGNMENT((#18655));
#18655 = SURFACE_STYLE_USAGE(.BOTH.,#18656);
#18656 = SURFACE_SIDE_STYLE('',(#18657));
#18657 = SURFACE_STYLE_FILL_AREA(#18658);
#18658 = FILL_AREA_STYLE('',(#18659));
#18659 = FILL_AREA_STYLE_COLOUR('',#18378);
#18660 = STYLED_ITEM('color',(#18661),#2454);
#18661 = PRESENTATION_STYLE_ASSIGNMENT((#18662));
#18662 = SURFACE_STYLE_USAGE(.BOTH.,#18663);
#18663 = SURFACE_SIDE_STYLE('',(#18664));
#18664 = SURFACE_STYLE_FILL_AREA(#18665);
#18665 = FILL_AREA_STYLE('',(#18666));
#18666 = FILL_AREA_STYLE_COLOUR('',#18378);
#18667 = STYLED_ITEM('color',(#18668),#2486);
#18668 = PRESENTATION_STYLE_ASSIGNMENT((#18669));
#18669 = SURFACE_STYLE_USAGE(.BOTH.,#18670);
#18670 = SURFACE_SIDE_STYLE('',(#18671));
#18671 = SURFACE_STYLE_FILL_AREA(#18672);
#18672 = FILL_AREA_STYLE('',(#18673));
#18673 = FILL_AREA_STYLE_COLOUR('',#18363);
#18674 = STYLED_ITEM('color',(#18675),#2503);
#18675 = PRESENTATION_STYLE_ASSIGNMENT((#18676));
#18676 = SURFACE_STYLE_USAGE(.BOTH.,#18677);
#18677 = SURFACE_SIDE_STYLE('',(#18678));
#18678 = SURFACE_STYLE_FILL_AREA(#18679);
#18679 = FILL_AREA_STYLE('',(#18680));
#18680 = FILL_AREA_STYLE_COLOUR('',#18363);
#18681 = STYLED_ITEM('color',(#18682),#2530);
#18682 = PRESENTATION_STYLE_ASSIGNMENT((#18683));
#18683 = SURFACE_STYLE_USAGE(.BOTH.,#18684);
#18684 = SURFACE_SIDE_STYLE('',(#18685));
#18685 = SURFACE_STYLE_FILL_AREA(#18686);
#18686 = FILL_AREA_STYLE('',(#18687));
#18687 = FILL_AREA_STYLE_COLOUR('',#17851);
#18688 = MECHANICAL_DESIGN_GEOMETRIC_PRESENTATION_REPRESENTATION('',(
    #18689),#17705);
#18689 = STYLED_ITEM('color',(#18690),#15795);
#18690 = PRESENTATION_STYLE_ASSIGNMENT((#18691));
#18691 = SURFACE_STYLE_USAGE(.BOTH.,#18692);
#18692 = SURFACE_SIDE_STYLE('',(#18693));
#18693 = SURFACE_STYLE_FILL_AREA(#18694);
#18694 = FILL_AREA_STYLE('',(#18695));
#18695 = FILL_AREA_STYLE_COLOUR('',#18696);
#18696 = COLOUR_RGB('',0.313304153717,0.484529207832,0.410020903123);
#18697 = MECHANICAL_DESIGN_GEOMETRIC_PRESENTATION_REPRESENTATION('',(
    #18698,#18706,#18713,#18720,#18727,#18734,#18741,#18748,#18755,
    #18762,#18769,#18776,#18783,#18790,#18797,#18804,#18811),#472);
#18698 = STYLED_ITEM('color',(#18699),#87);
#18699 = PRESENTATION_STYLE_ASSIGNMENT((#18700));
#18700 = SURFACE_STYLE_USAGE(.BOTH.,#18701);
#18701 = SURFACE_SIDE_STYLE('',(#18702));
#18702 = SURFACE_STYLE_FILL_AREA(#18703);
#18703 = FILL_AREA_STYLE('',(#18704));
#18704 = FILL_AREA_STYLE_COLOUR('',#18705);
#18705 = COLOUR_RGB('',0.883000012551,0.711000022565,0.492000011028);
#18706 = STYLED_ITEM('color',(#18707),#120);
#18707 = PRESENTATION_STYLE_ASSIGNMENT((#18708));
#18708 = SURFACE_STYLE_USAGE(.BOTH.,#18709);
#18709 = SURFACE_SIDE_STYLE('',(#18710));
#18710 = SURFACE_STYLE_FILL_AREA(#18711);
#18711 = FILL_AREA_STYLE('',(#18712));
#18712 = FILL_AREA_STYLE_COLOUR('',#18705);
#18713 = STYLED_ITEM('color',(#18714),#146);
#18714 = PRESENTATION_STYLE_ASSIGNMENT((#18715));
#18715 = SURFACE_STYLE_USAGE(.BOTH.,#18716);
#18716 = SURFACE_SIDE_STYLE('',(#18717));
#18717 = SURFACE_STYLE_FILL_AREA(#18718);
#18718 = FILL_AREA_STYLE('',(#18719));
#18719 = FILL_AREA_STYLE_COLOUR('',#18705);
#18720 = STYLED_ITEM('color',(#18721),#166);
#18721 = PRESENTATION_STYLE_ASSIGNMENT((#18722));
#18722 = SURFACE_STYLE_USAGE(.BOTH.,#18723);
#18723 = SURFACE_SIDE_STYLE('',(#18724));
#18724 = SURFACE_STYLE_FILL_AREA(#18725);
#18725 = FILL_AREA_STYLE('',(#18726));
#18726 = FILL_AREA_STYLE_COLOUR('',#18705);
#18727 = STYLED_ITEM('color',(#18728),#186);
#18728 = PRESENTATION_STYLE_ASSIGNMENT((#18729));
#18729 = SURFACE_STYLE_USAGE(.BOTH.,#18730);
#18730 = SURFACE_SIDE_STYLE('',(#18731));
#18731 = SURFACE_STYLE_FILL_AREA(#18732);
#18732 = FILL_AREA_STYLE('',(#18733));
#18733 = FILL_AREA_STYLE_COLOUR('',#18705);
#18734 = STYLED_ITEM('color',(#18735),#211);
#18735 = PRESENTATION_STYLE_ASSIGNMENT((#18736));
#18736 = SURFACE_STYLE_USAGE(.BOTH.,#18737);
#18737 = SURFACE_SIDE_STYLE('',(#18738));
#18738 = SURFACE_STYLE_FILL_AREA(#18739);
#18739 = FILL_AREA_STYLE('',(#18740));
#18740 = FILL_AREA_STYLE_COLOUR('',#17851);
#18741 = STYLED_ITEM('color',(#18742),#236);
#18742 = PRESENTATION_STYLE_ASSIGNMENT((#18743));
#18743 = SURFACE_STYLE_USAGE(.BOTH.,#18744);
#18744 = SURFACE_SIDE_STYLE('',(#18745));
#18745 = SURFACE_STYLE_FILL_AREA(#18746);
#18746 = FILL_AREA_STYLE('',(#18747));
#18747 = FILL_AREA_STYLE_COLOUR('',#18705);
#18748 = STYLED_ITEM('color',(#18749),#256);
#18749 = PRESENTATION_STYLE_ASSIGNMENT((#18750));
#18750 = SURFACE_STYLE_USAGE(.BOTH.,#18751);
#18751 = SURFACE_SIDE_STYLE('',(#18752));
#18752 = SURFACE_STYLE_FILL_AREA(#18753);
#18753 = FILL_AREA_STYLE('',(#18754));
#18754 = FILL_AREA_STYLE_COLOUR('',#17851);
#18755 = STYLED_ITEM('color',(#18756),#282);
#18756 = PRESENTATION_STYLE_ASSIGNMENT((#18757));
#18757 = SURFACE_STYLE_USAGE(.BOTH.,#18758);
#18758 = SURFACE_SIDE_STYLE('',(#18759));
#18759 = SURFACE_STYLE_FILL_AREA(#18760);
#18760 = FILL_AREA_STYLE('',(#18761));
#18761 = FILL_AREA_STYLE_COLOUR('',#18705);
#18762 = STYLED_ITEM('color',(#18763),#307);
#18763 = PRESENTATION_STYLE_ASSIGNMENT((#18764));
#18764 = SURFACE_STYLE_USAGE(.BOTH.,#18765);
#18765 = SURFACE_SIDE_STYLE('',(#18766));
#18766 = SURFACE_STYLE_FILL_AREA(#18767);
#18767 = FILL_AREA_STYLE('',(#18768));
#18768 = FILL_AREA_STYLE_COLOUR('',#17851);
#18769 = STYLED_ITEM('color',(#18770),#332);
#18770 = PRESENTATION_STYLE_ASSIGNMENT((#18771));
#18771 = SURFACE_STYLE_USAGE(.BOTH.,#18772);
#18772 = SURFACE_SIDE_STYLE('',(#18773));
#18773 = SURFACE_STYLE_FILL_AREA(#18774);
#18774 = FILL_AREA_STYLE('',(#18775));
#18775 = FILL_AREA_STYLE_COLOUR('',#18705);
#18776 = STYLED_ITEM('color',(#18777),#358);
#18777 = PRESENTATION_STYLE_ASSIGNMENT((#18778));
#18778 = SURFACE_STYLE_USAGE(.BOTH.,#18779);
#18779 = SURFACE_SIDE_STYLE('',(#18780));
#18780 = SURFACE_STYLE_FILL_AREA(#18781);
#18781 = FILL_AREA_STYLE('',(#18782));
#18782 = FILL_AREA_STYLE_COLOUR('',#17851);
#18783 = STYLED_ITEM('color',(#18784),#367);
#18784 = PRESENTATION_STYLE_ASSIGNMENT((#18785));
#18785 = SURFACE_STYLE_USAGE(.BOTH.,#18786);
#18786 = SURFACE_SIDE_STYLE('',(#18787));
#18787 = SURFACE_STYLE_FILL_AREA(#18788);
#18788 = FILL_AREA_STYLE('',(#18789));
#18789 = FILL_AREA_STYLE_COLOUR('',#18705);
#18790 = STYLED_ITEM('color',(#18791),#387);
#18791 = PRESENTATION_STYLE_ASSIGNMENT((#18792));
#18792 = SURFACE_STYLE_USAGE(.BOTH.,#18793);
#18793 = SURFACE_SIDE_STYLE('',(#18794));
#18794 = SURFACE_STYLE_FILL_AREA(#18795);
#18795 = FILL_AREA_STYLE('',(#18796));
#18796 = FILL_AREA_STYLE_COLOUR('',#17851);
#18797 = STYLED_ITEM('color',(#18798),#412);
#18798 = PRESENTATION_STYLE_ASSIGNMENT((#18799));
#18799 = SURFACE_STYLE_USAGE(.BOTH.,#18800);
#18800 = SURFACE_SIDE_STYLE('',(#18801));
#18801 = SURFACE_STYLE_FILL_AREA(#18802);
#18802 = FILL_AREA_STYLE('',(#18803));
#18803 = FILL_AREA_STYLE_COLOUR('',#17851);
#18804 = STYLED_ITEM('color',(#18805),#438);
#18805 = PRESENTATION_STYLE_ASSIGNMENT((#18806));
#18806 = SURFACE_STYLE_USAGE(.BOTH.,#18807);
#18807 = SURFACE_SIDE_STYLE('',(#18808));
#18808 = SURFACE_STYLE_FILL_AREA(#18809);
#18809 = FILL_AREA_STYLE('',(#18810));
#18810 = FILL_AREA_STYLE_COLOUR('',#17851);
#18811 = STYLED_ITEM('color',(#18812),#463);
#18812 = PRESENTATION_STYLE_ASSIGNMENT((#18813));
#18813 = SURFACE_STYLE_USAGE(.BOTH.,#18814);
#18814 = SURFACE_SIDE_STYLE('',(#18815));
#18815 = SURFACE_STYLE_FILL_AREA(#18816);
#18816 = FILL_AREA_STYLE('',(#18817));
#18817 = FILL_AREA_STYLE_COLOUR('',#17851);
#18818 = MECHANICAL_DESIGN_GEOMETRIC_PRESENTATION_REPRESENTATION('',(
    #18819,#18828,#18837,#18846,#18855,#18864,#18873,#18882,#18891,
    #18901,#18910,#18919,#18928,#18937,#18946,#18955,#18964,#18973,
    #18982,#18991,#19000,#19009,#19018,#19027,#19036,#19045,#19054,
    #19063,#19072,#19081,#19090,#19099,#19108,#19117,#19126,#19135,
    #19144,#19153,#19162,#19171,#19180,#19189,#19198,#19207,#19216,
    #19225,#19234,#19243,#19252,#19261,#19270,#19279,#19288,#19297,
    #19306,#19315,#19324,#19333,#19342,#19351,#19360,#19369,#19378,
    #19387,#19396,#19405,#19414,#19423,#19432,#19441,#19450,#19459,
    #19468,#19477,#19486,#19495,#19504,#19513,#19522,#19531,#19540,
    #19549,#19558,#19567,#19576,#19585,#19594,#19603,#19612,#19621,
    #19630,#19639,#19648,#19657,#19666,#19675,#19684,#19693,#19702,
    #19711,#19720,#19729,#19738,#19747,#19756,#19765,#19774,#19783,
    #19792,#19801,#19810,#19819,#19828,#19837,#19846,#19855,#19864,
    #19873,#19882,#19891,#19900,#19909,#19918,#19927,#19936,#19945,
    #19954,#19963,#19972,#19981,#19990,#19999,#20008,#20017,#20026,
    #20035,#20044,#20053,#20062,#20071,#20080,#20089,#20098,#20107,
    #20116,#20125,#20134,#20143,#20152,#20161,#20170,#20179,#20188,
    #20197,#20206,#20215,#20224,#20233,#20242,#20251,#20260,#20269,
    #20278,#20287,#20296,#20305,#20314,#20323,#20332,#20341,#20350,
    #20359,#20368,#20377,#20386,#20395,#20404,#20413,#20422,#20431,
    #20440,#20449,#20458,#20467,#20476,#20485,#20494,#20503,#20512,
    #20521,#20530,#20539,#20548,#20557,#20566,#20575,#20584,#20593,
    #20602,#20611,#20620,#20629,#20638,#20647,#20656,#20665,#20674,
    #20683,#20692,#20701,#20710,#20719,#20728,#20737,#20746,#20755,
    #20764,#20773,#20782,#20791,#20800,#20809,#20818,#20827,#20836,
    #20845,#20854,#20863,#20872,#20881,#20890,#20899,#20908,#20917,
    #20926,#20935,#20944,#20953,#20962,#20971,#20980,#20989,#20998,
    #21007,#21016,#21025,#21034,#21043),#8294);
#18819 = STYLED_ITEM('color',(#18820),#2582);
#18820 = PRESENTATION_STYLE_ASSIGNMENT((#18821,#18826));
#18821 = SURFACE_STYLE_USAGE(.BOTH.,#18822);
#18822 = SURFACE_SIDE_STYLE('',(#18823));
#18823 = SURFACE_STYLE_FILL_AREA(#18824);
#18824 = FILL_AREA_STYLE('',(#18825));
#18825 = FILL_AREA_STYLE_COLOUR('',#17724);
#18826 = CURVE_STYLE('',#18827,POSITIVE_LENGTH_MEASURE(0.1),#17724);
#18827 = DRAUGHTING_PRE_DEFINED_CURVE_FONT('continuous');
#18828 = STYLED_ITEM('color',(#18829),#2622);
#18829 = PRESENTATION_STYLE_ASSIGNMENT((#18830,#18835));
#18830 = SURFACE_STYLE_USAGE(.BOTH.,#18831);
#18831 = SURFACE_SIDE_STYLE('',(#18832));
#18832 = SURFACE_STYLE_FILL_AREA(#18833);
#18833 = FILL_AREA_STYLE('',(#18834));
#18834 = FILL_AREA_STYLE_COLOUR('',#17724);
#18835 = CURVE_STYLE('',#18836,POSITIVE_LENGTH_MEASURE(0.1),#17724);
#18836 = DRAUGHTING_PRE_DEFINED_CURVE_FONT('continuous');
#18837 = STYLED_ITEM('color',(#18838),#2685);
#18838 = PRESENTATION_STYLE_ASSIGNMENT((#18839,#18844));
#18839 = SURFACE_STYLE_USAGE(.BOTH.,#18840);
#18840 = SURFACE_SIDE_STYLE('',(#18841));
#18841 = SURFACE_STYLE_FILL_AREA(#18842);
#18842 = FILL_AREA_STYLE('',(#18843));
#18843 = FILL_AREA_STYLE_COLOUR('',#17724);
#18844 = CURVE_STYLE('',#18845,POSITIVE_LENGTH_MEASURE(0.1),#17724);
#18845 = DRAUGHTING_PRE_DEFINED_CURVE_FONT('continuous');
#18846 = STYLED_ITEM('color',(#18847),#2748);
#18847 = PRESENTATION_STYLE_ASSIGNMENT((#18848,#18853));
#18848 = SURFACE_STYLE_USAGE(.BOTH.,#18849);
#18849 = SURFACE_SIDE_STYLE('',(#18850));
#18850 = SURFACE_STYLE_FILL_AREA(#18851);
#18851 = FILL_AREA_STYLE('',(#18852));
#18852 = FILL_AREA_STYLE_COLOUR('',#17724);
#18853 = CURVE_STYLE('',#18854,POSITIVE_LENGTH_MEASURE(0.1),#17724);
#18854 = DRAUGHTING_PRE_DEFINED_CURVE_FONT('continuous');
#18855 = STYLED_ITEM('color',(#18856),#2765);
#18856 = PRESENTATION_STYLE_ASSIGNMENT((#18857,#18862));
#18857 = SURFACE_STYLE_USAGE(.BOTH.,#18858);
#18858 = SURFACE_SIDE_STYLE('',(#18859));
#18859 = SURFACE_STYLE_FILL_AREA(#18860);
#18860 = FILL_AREA_STYLE('',(#18861));
#18861 = FILL_AREA_STYLE_COLOUR('',#17724);
#18862 = CURVE_STYLE('',#18863,POSITIVE_LENGTH_MEASURE(0.1),#17724);
#18863 = DRAUGHTING_PRE_DEFINED_CURVE_FONT('continuous');
#18864 = STYLED_ITEM('color',(#18865),#3020);
#18865 = PRESENTATION_STYLE_ASSIGNMENT((#18866,#18871));
#18866 = SURFACE_STYLE_USAGE(.BOTH.,#18867);
#18867 = SURFACE_SIDE_STYLE('',(#18868));
#18868 = SURFACE_STYLE_FILL_AREA(#18869);
#18869 = FILL_AREA_STYLE('',(#18870));
#18870 = FILL_AREA_STYLE_COLOUR('',#17724);
#18871 = CURVE_STYLE('',#18872,POSITIVE_LENGTH_MEASURE(0.1),#17724);
#18872 = DRAUGHTING_PRE_DEFINED_CURVE_FONT('continuous');
#18873 = STYLED_ITEM('color',(#18874),#3042);
#18874 = PRESENTATION_STYLE_ASSIGNMENT((#18875,#18880));
#18875 = SURFACE_STYLE_USAGE(.BOTH.,#18876);
#18876 = SURFACE_SIDE_STYLE('',(#18877));
#18877 = SURFACE_STYLE_FILL_AREA(#18878);
#18878 = FILL_AREA_STYLE('',(#18879));
#18879 = FILL_AREA_STYLE_COLOUR('',#17724);
#18880 = CURVE_STYLE('',#18881,POSITIVE_LENGTH_MEASURE(0.1),#17724);
#18881 = DRAUGHTING_PRE_DEFINED_CURVE_FONT('continuous');
#18882 = STYLED_ITEM('color',(#18883),#3059);
#18883 = PRESENTATION_STYLE_ASSIGNMENT((#18884,#18889));
#18884 = SURFACE_STYLE_USAGE(.BOTH.,#18885);
#18885 = SURFACE_SIDE_STYLE('',(#18886));
#18886 = SURFACE_STYLE_FILL_AREA(#18887);
#18887 = FILL_AREA_STYLE('',(#18888));
#18888 = FILL_AREA_STYLE_COLOUR('',#17724);
#18889 = CURVE_STYLE('',#18890,POSITIVE_LENGTH_MEASURE(0.1),#17724);
#18890 = DRAUGHTING_PRE_DEFINED_CURVE_FONT('continuous');
#18891 = OVER_RIDING_STYLED_ITEM('overriding color',(#18892),#3092,
  #18882);
#18892 = PRESENTATION_STYLE_ASSIGNMENT((#18893,#18899));
#18893 = SURFACE_STYLE_USAGE(.BOTH.,#18894);
#18894 = SURFACE_SIDE_STYLE('',(#18895));
#18895 = SURFACE_STYLE_FILL_AREA(#18896);
#18896 = FILL_AREA_STYLE('',(#18897));
#18897 = FILL_AREA_STYLE_COLOUR('',#18898);
#18898 = COLOUR_RGB('',0.858999988747,0.738000004258,0.496000005009);
#18899 = CURVE_STYLE('',#18900,POSITIVE_LENGTH_MEASURE(0.1),#18898);
#18900 = DRAUGHTING_PRE_DEFINED_CURVE_FONT('continuous');
#18901 = OVER_RIDING_STYLED_ITEM('overriding color',(#18902),#3124,
  #18882);
#18902 = PRESENTATION_STYLE_ASSIGNMENT((#18903,#18908));
#18903 = SURFACE_STYLE_USAGE(.BOTH.,#18904);
#18904 = SURFACE_SIDE_STYLE('',(#18905));
#18905 = SURFACE_STYLE_FILL_AREA(#18906);
#18906 = FILL_AREA_STYLE('',(#18907));
#18907 = FILL_AREA_STYLE_COLOUR('',#18898);
#18908 = CURVE_STYLE('',#18909,POSITIVE_LENGTH_MEASURE(0.1),#18898);
#18909 = DRAUGHTING_PRE_DEFINED_CURVE_FONT('continuous');
#18910 = OVER_RIDING_STYLED_ITEM('overriding color',(#18911),#3158,
  #18882);
#18911 = PRESENTATION_STYLE_ASSIGNMENT((#18912,#18917));
#18912 = SURFACE_STYLE_USAGE(.BOTH.,#18913);
#18913 = SURFACE_SIDE_STYLE('',(#18914));
#18914 = SURFACE_STYLE_FILL_AREA(#18915);
#18915 = FILL_AREA_STYLE('',(#18916));
#18916 = FILL_AREA_STYLE_COLOUR('',#18898);
#18917 = CURVE_STYLE('',#18918,POSITIVE_LENGTH_MEASURE(0.1),#18898);
#18918 = DRAUGHTING_PRE_DEFINED_CURVE_FONT('continuous');
#18919 = OVER_RIDING_STYLED_ITEM('overriding color',(#18920),#3190,
  #18882);
#18920 = PRESENTATION_STYLE_ASSIGNMENT((#18921,#18926));
#18921 = SURFACE_STYLE_USAGE(.BOTH.,#18922);
#18922 = SURFACE_SIDE_STYLE('',(#18923));
#18923 = SURFACE_STYLE_FILL_AREA(#18924);
#18924 = FILL_AREA_STYLE('',(#18925));
#18925 = FILL_AREA_STYLE_COLOUR('',#18898);
#18926 = CURVE_STYLE('',#18927,POSITIVE_LENGTH_MEASURE(0.1),#18898);
#18927 = DRAUGHTING_PRE_DEFINED_CURVE_FONT('continuous');
#18928 = OVER_RIDING_STYLED_ITEM('overriding color',(#18929),#3224,
  #18882);
#18929 = PRESENTATION_STYLE_ASSIGNMENT((#18930,#18935));
#18930 = SURFACE_STYLE_USAGE(.BOTH.,#18931);
#18931 = SURFACE_SIDE_STYLE('',(#18932));
#18932 = SURFACE_STYLE_FILL_AREA(#18933);
#18933 = FILL_AREA_STYLE('',(#18934));
#18934 = FILL_AREA_STYLE_COLOUR('',#18898);
#18935 = CURVE_STYLE('',#18936,POSITIVE_LENGTH_MEASURE(0.1),#18898);
#18936 = DRAUGHTING_PRE_DEFINED_CURVE_FONT('continuous');
#18937 = OVER_RIDING_STYLED_ITEM('overriding color',(#18938),#3256,
  #18882);
#18938 = PRESENTATION_STYLE_ASSIGNMENT((#18939,#18944));
#18939 = SURFACE_STYLE_USAGE(.BOTH.,#18940);
#18940 = SURFACE_SIDE_STYLE('',(#18941));
#18941 = SURFACE_STYLE_FILL_AREA(#18942);
#18942 = FILL_AREA_STYLE('',(#18943));
#18943 = FILL_AREA_STYLE_COLOUR('',#18898);
#18944 = CURVE_STYLE('',#18945,POSITIVE_LENGTH_MEASURE(0.1),#18898);
#18945 = DRAUGHTING_PRE_DEFINED_CURVE_FONT('continuous');
#18946 = OVER_RIDING_STYLED_ITEM('overriding color',(#18947),#3290,
  #18882);
#18947 = PRESENTATION_STYLE_ASSIGNMENT((#18948,#18953));
#18948 = SURFACE_STYLE_USAGE(.BOTH.,#18949);
#18949 = SURFACE_SIDE_STYLE('',(#18950));
#18950 = SURFACE_STYLE_FILL_AREA(#18951);
#18951 = FILL_AREA_STYLE('',(#18952));
#18952 = FILL_AREA_STYLE_COLOUR('',#18898);
#18953 = CURVE_STYLE('',#18954,POSITIVE_LENGTH_MEASURE(0.1),#18898);
#18954 = DRAUGHTING_PRE_DEFINED_CURVE_FONT('continuous');
#18955 = OVER_RIDING_STYLED_ITEM('overriding color',(#18956),#3322,
  #18882);
#18956 = PRESENTATION_STYLE_ASSIGNMENT((#18957,#18962));
#18957 = SURFACE_STYLE_USAGE(.BOTH.,#18958);
#18958 = SURFACE_SIDE_STYLE('',(#18959));
#18959 = SURFACE_STYLE_FILL_AREA(#18960);
#18960 = FILL_AREA_STYLE('',(#18961));
#18961 = FILL_AREA_STYLE_COLOUR('',#18898);
#18962 = CURVE_STYLE('',#18963,POSITIVE_LENGTH_MEASURE(0.1),#18898);
#18963 = DRAUGHTING_PRE_DEFINED_CURVE_FONT('continuous');
#18964 = OVER_RIDING_STYLED_ITEM('overriding color',(#18965),#3356,
  #18882);
#18965 = PRESENTATION_STYLE_ASSIGNMENT((#18966,#18971));
#18966 = SURFACE_STYLE_USAGE(.BOTH.,#18967);
#18967 = SURFACE_SIDE_STYLE('',(#18968));
#18968 = SURFACE_STYLE_FILL_AREA(#18969);
#18969 = FILL_AREA_STYLE('',(#18970));
#18970 = FILL_AREA_STYLE_COLOUR('',#18898);
#18971 = CURVE_STYLE('',#18972,POSITIVE_LENGTH_MEASURE(0.1),#18898);
#18972 = DRAUGHTING_PRE_DEFINED_CURVE_FONT('continuous');
#18973 = OVER_RIDING_STYLED_ITEM('overriding color',(#18974),#3388,
  #18882);
#18974 = PRESENTATION_STYLE_ASSIGNMENT((#18975,#18980));
#18975 = SURFACE_STYLE_USAGE(.BOTH.,#18976);
#18976 = SURFACE_SIDE_STYLE('',(#18977));
#18977 = SURFACE_STYLE_FILL_AREA(#18978);
#18978 = FILL_AREA_STYLE('',(#18979));
#18979 = FILL_AREA_STYLE_COLOUR('',#18898);
#18980 = CURVE_STYLE('',#18981,POSITIVE_LENGTH_MEASURE(0.1),#18898);
#18981 = DRAUGHTING_PRE_DEFINED_CURVE_FONT('continuous');
#18982 = OVER_RIDING_STYLED_ITEM('overriding color',(#18983),#3422,
  #18882);
#18983 = PRESENTATION_STYLE_ASSIGNMENT((#18984,#18989));
#18984 = SURFACE_STYLE_USAGE(.BOTH.,#18985);
#18985 = SURFACE_SIDE_STYLE('',(#18986));
#18986 = SURFACE_STYLE_FILL_AREA(#18987);
#18987 = FILL_AREA_STYLE('',(#18988));
#18988 = FILL_AREA_STYLE_COLOUR('',#18898);
#18989 = CURVE_STYLE('',#18990,POSITIVE_LENGTH_MEASURE(0.1),#18898);
#18990 = DRAUGHTING_PRE_DEFINED_CURVE_FONT('continuous');
#18991 = OVER_RIDING_STYLED_ITEM('overriding color',(#18992),#3454,
  #18882);
#18992 = PRESENTATION_STYLE_ASSIGNMENT((#18993,#18998));
#18993 = SURFACE_STYLE_USAGE(.BOTH.,#18994);
#18994 = SURFACE_SIDE_STYLE('',(#18995));
#18995 = SURFACE_STYLE_FILL_AREA(#18996);
#18996 = FILL_AREA_STYLE('',(#18997));
#18997 = FILL_AREA_STYLE_COLOUR('',#18898);
#18998 = CURVE_STYLE('',#18999,POSITIVE_LENGTH_MEASURE(0.1),#18898);
#18999 = DRAUGHTING_PRE_DEFINED_CURVE_FONT('continuous');
#19000 = OVER_RIDING_STYLED_ITEM('overriding color',(#19001),#3488,
  #18882);
#19001 = PRESENTATION_STYLE_ASSIGNMENT((#19002,#19007));
#19002 = SURFACE_STYLE_USAGE(.BOTH.,#19003);
#19003 = SURFACE_SIDE_STYLE('',(#19004));
#19004 = SURFACE_STYLE_FILL_AREA(#19005);
#19005 = FILL_AREA_STYLE('',(#19006));
#19006 = FILL_AREA_STYLE_COLOUR('',#18898);
#19007 = CURVE_STYLE('',#19008,POSITIVE_LENGTH_MEASURE(0.1),#18898);
#19008 = DRAUGHTING_PRE_DEFINED_CURVE_FONT('continuous');
#19009 = OVER_RIDING_STYLED_ITEM('overriding color',(#19010),#3520,
  #18882);
#19010 = PRESENTATION_STYLE_ASSIGNMENT((#19011,#19016));
#19011 = SURFACE_STYLE_USAGE(.BOTH.,#19012);
#19012 = SURFACE_SIDE_STYLE('',(#19013));
#19013 = SURFACE_STYLE_FILL_AREA(#19014);
#19014 = FILL_AREA_STYLE('',(#19015));
#19015 = FILL_AREA_STYLE_COLOUR('',#18898);
#19016 = CURVE_STYLE('',#19017,POSITIVE_LENGTH_MEASURE(0.1),#18898);
#19017 = DRAUGHTING_PRE_DEFINED_CURVE_FONT('continuous');
#19018 = STYLED_ITEM('color',(#19019),#3538);
#19019 = PRESENTATION_STYLE_ASSIGNMENT((#19020,#19025));
#19020 = SURFACE_STYLE_USAGE(.BOTH.,#19021);
#19021 = SURFACE_SIDE_STYLE('',(#19022));
#19022 = SURFACE_STYLE_FILL_AREA(#19023);
#19023 = FILL_AREA_STYLE('',(#19024));
#19024 = FILL_AREA_STYLE_COLOUR('',#17724);
#19025 = CURVE_STYLE('',#19026,POSITIVE_LENGTH_MEASURE(0.1),#17724);
#19026 = DRAUGHTING_PRE_DEFINED_CURVE_FONT('continuous');
#19027 = STYLED_ITEM('color',(#19028),#3550);
#19028 = PRESENTATION_STYLE_ASSIGNMENT((#19029,#19034));
#19029 = SURFACE_STYLE_USAGE(.BOTH.,#19030);
#19030 = SURFACE_SIDE_STYLE('',(#19031));
#19031 = SURFACE_STYLE_FILL_AREA(#19032);
#19032 = FILL_AREA_STYLE('',(#19033));
#19033 = FILL_AREA_STYLE_COLOUR('',#17724);
#19034 = CURVE_STYLE('',#19035,POSITIVE_LENGTH_MEASURE(0.1),#17724);
#19035 = DRAUGHTING_PRE_DEFINED_CURVE_FONT('continuous');
#19036 = STYLED_ITEM('color',(#19037),#3562);
#19037 = PRESENTATION_STYLE_ASSIGNMENT((#19038,#19043));
#19038 = SURFACE_STYLE_USAGE(.BOTH.,#19039);
#19039 = SURFACE_SIDE_STYLE('',(#19040));
#19040 = SURFACE_STYLE_FILL_AREA(#19041);
#19041 = FILL_AREA_STYLE('',(#19042));
#19042 = FILL_AREA_STYLE_COLOUR('',#17724);
#19043 = CURVE_STYLE('',#19044,POSITIVE_LENGTH_MEASURE(0.1),#17724);
#19044 = DRAUGHTING_PRE_DEFINED_CURVE_FONT('continuous');
#19045 = STYLED_ITEM('color',(#19046),#3593);
#19046 = PRESENTATION_STYLE_ASSIGNMENT((#19047,#19052));
#19047 = SURFACE_STYLE_USAGE(.BOTH.,#19048);
#19048 = SURFACE_SIDE_STYLE('',(#19049));
#19049 = SURFACE_STYLE_FILL_AREA(#19050);
#19050 = FILL_AREA_STYLE('',(#19051));
#19051 = FILL_AREA_STYLE_COLOUR('',#17724);
#19052 = CURVE_STYLE('',#19053,POSITIVE_LENGTH_MEASURE(0.1),#17724);
#19053 = DRAUGHTING_PRE_DEFINED_CURVE_FONT('continuous');
#19054 = STYLED_ITEM('color',(#19055),#3617);
#19055 = PRESENTATION_STYLE_ASSIGNMENT((#19056,#19061));
#19056 = SURFACE_STYLE_USAGE(.BOTH.,#19057);
#19057 = SURFACE_SIDE_STYLE('',(#19058));
#19058 = SURFACE_STYLE_FILL_AREA(#19059);
#19059 = FILL_AREA_STYLE('',(#19060));
#19060 = FILL_AREA_STYLE_COLOUR('',#17724);
#19061 = CURVE_STYLE('',#19062,POSITIVE_LENGTH_MEASURE(0.1),#17724);
#19062 = DRAUGHTING_PRE_DEFINED_CURVE_FONT('continuous');
#19063 = STYLED_ITEM('color',(#19064),#3641);
#19064 = PRESENTATION_STYLE_ASSIGNMENT((#19065,#19070));
#19065 = SURFACE_STYLE_USAGE(.BOTH.,#19066);
#19066 = SURFACE_SIDE_STYLE('',(#19067));
#19067 = SURFACE_STYLE_FILL_AREA(#19068);
#19068 = FILL_AREA_STYLE('',(#19069));
#19069 = FILL_AREA_STYLE_COLOUR('',#17724);
#19070 = CURVE_STYLE('',#19071,POSITIVE_LENGTH_MEASURE(0.1),#17724);
#19071 = DRAUGHTING_PRE_DEFINED_CURVE_FONT('continuous');
#19072 = STYLED_ITEM('color',(#19073),#3658);
#19073 = PRESENTATION_STYLE_ASSIGNMENT((#19074,#19079));
#19074 = SURFACE_STYLE_USAGE(.BOTH.,#19075);
#19075 = SURFACE_SIDE_STYLE('',(#19076));
#19076 = SURFACE_STYLE_FILL_AREA(#19077);
#19077 = FILL_AREA_STYLE('',(#19078));
#19078 = FILL_AREA_STYLE_COLOUR('',#17724);
#19079 = CURVE_STYLE('',#19080,POSITIVE_LENGTH_MEASURE(0.1),#17724);
#19080 = DRAUGHTING_PRE_DEFINED_CURVE_FONT('continuous');
#19081 = STYLED_ITEM('color',(#19082),#3689);
#19082 = PRESENTATION_STYLE_ASSIGNMENT((#19083,#19088));
#19083 = SURFACE_STYLE_USAGE(.BOTH.,#19084);
#19084 = SURFACE_SIDE_STYLE('',(#19085));
#19085 = SURFACE_STYLE_FILL_AREA(#19086);
#19086 = FILL_AREA_STYLE('',(#19087));
#19087 = FILL_AREA_STYLE_COLOUR('',#17724);
#19088 = CURVE_STYLE('',#19089,POSITIVE_LENGTH_MEASURE(0.1),#17724);
#19089 = DRAUGHTING_PRE_DEFINED_CURVE_FONT('continuous');
#19090 = STYLED_ITEM('color',(#19091),#3713);
#19091 = PRESENTATION_STYLE_ASSIGNMENT((#19092,#19097));
#19092 = SURFACE_STYLE_USAGE(.BOTH.,#19093);
#19093 = SURFACE_SIDE_STYLE('',(#19094));
#19094 = SURFACE_STYLE_FILL_AREA(#19095);
#19095 = FILL_AREA_STYLE('',(#19096));
#19096 = FILL_AREA_STYLE_COLOUR('',#17724);
#19097 = CURVE_STYLE('',#19098,POSITIVE_LENGTH_MEASURE(0.1),#17724);
#19098 = DRAUGHTING_PRE_DEFINED_CURVE_FONT('continuous');
#19099 = STYLED_ITEM('color',(#19100),#3737);
#19100 = PRESENTATION_STYLE_ASSIGNMENT((#19101,#19106));
#19101 = SURFACE_STYLE_USAGE(.BOTH.,#19102);
#19102 = SURFACE_SIDE_STYLE('',(#19103));
#19103 = SURFACE_STYLE_FILL_AREA(#19104);
#19104 = FILL_AREA_STYLE('',(#19105));
#19105 = FILL_AREA_STYLE_COLOUR('',#17724);
#19106 = CURVE_STYLE('',#19107,POSITIVE_LENGTH_MEASURE(0.1),#17724);
#19107 = DRAUGHTING_PRE_DEFINED_CURVE_FONT('continuous');
#19108 = STYLED_ITEM('color',(#19109),#3754);
#19109 = PRESENTATION_STYLE_ASSIGNMENT((#19110,#19115));
#19110 = SURFACE_STYLE_USAGE(.BOTH.,#19111);
#19111 = SURFACE_SIDE_STYLE('',(#19112));
#19112 = SURFACE_STYLE_FILL_AREA(#19113);
#19113 = FILL_AREA_STYLE('',(#19114));
#19114 = FILL_AREA_STYLE_COLOUR('',#17724);
#19115 = CURVE_STYLE('',#19116,POSITIVE_LENGTH_MEASURE(0.1),#17724);
#19116 = DRAUGHTING_PRE_DEFINED_CURVE_FONT('continuous');
#19117 = STYLED_ITEM('color',(#19118),#3785);
#19118 = PRESENTATION_STYLE_ASSIGNMENT((#19119,#19124));
#19119 = SURFACE_STYLE_USAGE(.BOTH.,#19120);
#19120 = SURFACE_SIDE_STYLE('',(#19121));
#19121 = SURFACE_STYLE_FILL_AREA(#19122);
#19122 = FILL_AREA_STYLE('',(#19123));
#19123 = FILL_AREA_STYLE_COLOUR('',#17724);
#19124 = CURVE_STYLE('',#19125,POSITIVE_LENGTH_MEASURE(0.1),#17724);
#19125 = DRAUGHTING_PRE_DEFINED_CURVE_FONT('continuous');
#19126 = STYLED_ITEM('color',(#19127),#3809);
#19127 = PRESENTATION_STYLE_ASSIGNMENT((#19128,#19133));
#19128 = SURFACE_STYLE_USAGE(.BOTH.,#19129);
#19129 = SURFACE_SIDE_STYLE('',(#19130));
#19130 = SURFACE_STYLE_FILL_AREA(#19131);
#19131 = FILL_AREA_STYLE('',(#19132));
#19132 = FILL_AREA_STYLE_COLOUR('',#17724);
#19133 = CURVE_STYLE('',#19134,POSITIVE_LENGTH_MEASURE(0.1),#17724);
#19134 = DRAUGHTING_PRE_DEFINED_CURVE_FONT('continuous');
#19135 = STYLED_ITEM('color',(#19136),#3833);
#19136 = PRESENTATION_STYLE_ASSIGNMENT((#19137,#19142));
#19137 = SURFACE_STYLE_USAGE(.BOTH.,#19138);
#19138 = SURFACE_SIDE_STYLE('',(#19139));
#19139 = SURFACE_STYLE_FILL_AREA(#19140);
#19140 = FILL_AREA_STYLE('',(#19141));
#19141 = FILL_AREA_STYLE_COLOUR('',#17724);
#19142 = CURVE_STYLE('',#19143,POSITIVE_LENGTH_MEASURE(0.1),#17724);
#19143 = DRAUGHTING_PRE_DEFINED_CURVE_FONT('continuous');
#19144 = STYLED_ITEM('color',(#19145),#3850);
#19145 = PRESENTATION_STYLE_ASSIGNMENT((#19146,#19151));
#19146 = SURFACE_STYLE_USAGE(.BOTH.,#19147);
#19147 = SURFACE_SIDE_STYLE('',(#19148));
#19148 = SURFACE_STYLE_FILL_AREA(#19149);
#19149 = FILL_AREA_STYLE('',(#19150));
#19150 = FILL_AREA_STYLE_COLOUR('',#17724);
#19151 = CURVE_STYLE('',#19152,POSITIVE_LENGTH_MEASURE(0.1),#17724);
#19152 = DRAUGHTING_PRE_DEFINED_CURVE_FONT('continuous');
#19153 = STYLED_ITEM('color',(#19154),#3881);
#19154 = PRESENTATION_STYLE_ASSIGNMENT((#19155,#19160));
#19155 = SURFACE_STYLE_USAGE(.BOTH.,#19156);
#19156 = SURFACE_SIDE_STYLE('',(#19157));
#19157 = SURFACE_STYLE_FILL_AREA(#19158);
#19158 = FILL_AREA_STYLE('',(#19159));
#19159 = FILL_AREA_STYLE_COLOUR('',#17724);
#19160 = CURVE_STYLE('',#19161,POSITIVE_LENGTH_MEASURE(0.1),#17724);
#19161 = DRAUGHTING_PRE_DEFINED_CURVE_FONT('continuous');
#19162 = STYLED_ITEM('color',(#19163),#3905);
#19163 = PRESENTATION_STYLE_ASSIGNMENT((#19164,#19169));
#19164 = SURFACE_STYLE_USAGE(.BOTH.,#19165);
#19165 = SURFACE_SIDE_STYLE('',(#19166));
#19166 = SURFACE_STYLE_FILL_AREA(#19167);
#19167 = FILL_AREA_STYLE('',(#19168));
#19168 = FILL_AREA_STYLE_COLOUR('',#17724);
#19169 = CURVE_STYLE('',#19170,POSITIVE_LENGTH_MEASURE(0.1),#17724);
#19170 = DRAUGHTING_PRE_DEFINED_CURVE_FONT('continuous');
#19171 = STYLED_ITEM('color',(#19172),#3929);
#19172 = PRESENTATION_STYLE_ASSIGNMENT((#19173,#19178));
#19173 = SURFACE_STYLE_USAGE(.BOTH.,#19174);
#19174 = SURFACE_SIDE_STYLE('',(#19175));
#19175 = SURFACE_STYLE_FILL_AREA(#19176);
#19176 = FILL_AREA_STYLE('',(#19177));
#19177 = FILL_AREA_STYLE_COLOUR('',#17724);
#19178 = CURVE_STYLE('',#19179,POSITIVE_LENGTH_MEASURE(0.1),#17724);
#19179 = DRAUGHTING_PRE_DEFINED_CURVE_FONT('continuous');
#19180 = STYLED_ITEM('color',(#19181),#3946);
#19181 = PRESENTATION_STYLE_ASSIGNMENT((#19182,#19187));
#19182 = SURFACE_STYLE_USAGE(.BOTH.,#19183);
#19183 = SURFACE_SIDE_STYLE('',(#19184));
#19184 = SURFACE_STYLE_FILL_AREA(#19185);
#19185 = FILL_AREA_STYLE('',(#19186));
#19186 = FILL_AREA_STYLE_COLOUR('',#17724);
#19187 = CURVE_STYLE('',#19188,POSITIVE_LENGTH_MEASURE(0.1),#17724);
#19188 = DRAUGHTING_PRE_DEFINED_CURVE_FONT('continuous');
#19189 = STYLED_ITEM('color',(#19190),#3977);
#19190 = PRESENTATION_STYLE_ASSIGNMENT((#19191,#19196));
#19191 = SURFACE_STYLE_USAGE(.BOTH.,#19192);
#19192 = SURFACE_SIDE_STYLE('',(#19193));
#19193 = SURFACE_STYLE_FILL_AREA(#19194);
#19194 = FILL_AREA_STYLE('',(#19195));
#19195 = FILL_AREA_STYLE_COLOUR('',#17724);
#19196 = CURVE_STYLE('',#19197,POSITIVE_LENGTH_MEASURE(0.1),#17724);
#19197 = DRAUGHTING_PRE_DEFINED_CURVE_FONT('continuous');
#19198 = STYLED_ITEM('color',(#19199),#4001);
#19199 = PRESENTATION_STYLE_ASSIGNMENT((#19200,#19205));
#19200 = SURFACE_STYLE_USAGE(.BOTH.,#19201);
#19201 = SURFACE_SIDE_STYLE('',(#19202));
#19202 = SURFACE_STYLE_FILL_AREA(#19203);
#19203 = FILL_AREA_STYLE('',(#19204));
#19204 = FILL_AREA_STYLE_COLOUR('',#17724);
#19205 = CURVE_STYLE('',#19206,POSITIVE_LENGTH_MEASURE(0.1),#17724);
#19206 = DRAUGHTING_PRE_DEFINED_CURVE_FONT('continuous');
#19207 = STYLED_ITEM('color',(#19208),#4025);
#19208 = PRESENTATION_STYLE_ASSIGNMENT((#19209,#19214));
#19209 = SURFACE_STYLE_USAGE(.BOTH.,#19210);
#19210 = SURFACE_SIDE_STYLE('',(#19211));
#19211 = SURFACE_STYLE_FILL_AREA(#19212);
#19212 = FILL_AREA_STYLE('',(#19213));
#19213 = FILL_AREA_STYLE_COLOUR('',#17724);
#19214 = CURVE_STYLE('',#19215,POSITIVE_LENGTH_MEASURE(0.1),#17724);
#19215 = DRAUGHTING_PRE_DEFINED_CURVE_FONT('continuous');
#19216 = STYLED_ITEM('color',(#19217),#4042);
#19217 = PRESENTATION_STYLE_ASSIGNMENT((#19218,#19223));
#19218 = SURFACE_STYLE_USAGE(.BOTH.,#19219);
#19219 = SURFACE_SIDE_STYLE('',(#19220));
#19220 = SURFACE_STYLE_FILL_AREA(#19221);
#19221 = FILL_AREA_STYLE('',(#19222));
#19222 = FILL_AREA_STYLE_COLOUR('',#17724);
#19223 = CURVE_STYLE('',#19224,POSITIVE_LENGTH_MEASURE(0.1),#17724);
#19224 = DRAUGHTING_PRE_DEFINED_CURVE_FONT('continuous');
#19225 = STYLED_ITEM('color',(#19226),#4073);
#19226 = PRESENTATION_STYLE_ASSIGNMENT((#19227,#19232));
#19227 = SURFACE_STYLE_USAGE(.BOTH.,#19228);
#19228 = SURFACE_SIDE_STYLE('',(#19229));
#19229 = SURFACE_STYLE_FILL_AREA(#19230);
#19230 = FILL_AREA_STYLE('',(#19231));
#19231 = FILL_AREA_STYLE_COLOUR('',#17724);
#19232 = CURVE_STYLE('',#19233,POSITIVE_LENGTH_MEASURE(0.1),#17724);
#19233 = DRAUGHTING_PRE_DEFINED_CURVE_FONT('continuous');
#19234 = STYLED_ITEM('color',(#19235),#4097);
#19235 = PRESENTATION_STYLE_ASSIGNMENT((#19236,#19241));
#19236 = SURFACE_STYLE_USAGE(.BOTH.,#19237);
#19237 = SURFACE_SIDE_STYLE('',(#19238));
#19238 = SURFACE_STYLE_FILL_AREA(#19239);
#19239 = FILL_AREA_STYLE('',(#19240));
#19240 = FILL_AREA_STYLE_COLOUR('',#17724);
#19241 = CURVE_STYLE('',#19242,POSITIVE_LENGTH_MEASURE(0.1),#17724);
#19242 = DRAUGHTING_PRE_DEFINED_CURVE_FONT('continuous');
#19243 = STYLED_ITEM('color',(#19244),#4121);
#19244 = PRESENTATION_STYLE_ASSIGNMENT((#19245,#19250));
#19245 = SURFACE_STYLE_USAGE(.BOTH.,#19246);
#19246 = SURFACE_SIDE_STYLE('',(#19247));
#19247 = SURFACE_STYLE_FILL_AREA(#19248);
#19248 = FILL_AREA_STYLE('',(#19249));
#19249 = FILL_AREA_STYLE_COLOUR('',#17724);
#19250 = CURVE_STYLE('',#19251,POSITIVE_LENGTH_MEASURE(0.1),#17724);
#19251 = DRAUGHTING_PRE_DEFINED_CURVE_FONT('continuous');
#19252 = STYLED_ITEM('color',(#19253),#4138);
#19253 = PRESENTATION_STYLE_ASSIGNMENT((#19254,#19259));
#19254 = SURFACE_STYLE_USAGE(.BOTH.,#19255);
#19255 = SURFACE_SIDE_STYLE('',(#19256));
#19256 = SURFACE_STYLE_FILL_AREA(#19257);
#19257 = FILL_AREA_STYLE('',(#19258));
#19258 = FILL_AREA_STYLE_COLOUR('',#17724);
#19259 = CURVE_STYLE('',#19260,POSITIVE_LENGTH_MEASURE(0.1),#17724);
#19260 = DRAUGHTING_PRE_DEFINED_CURVE_FONT('continuous');
#19261 = STYLED_ITEM('color',(#19262),#4169);
#19262 = PRESENTATION_STYLE_ASSIGNMENT((#19263,#19268));
#19263 = SURFACE_STYLE_USAGE(.BOTH.,#19264);
#19264 = SURFACE_SIDE_STYLE('',(#19265));
#19265 = SURFACE_STYLE_FILL_AREA(#19266);
#19266 = FILL_AREA_STYLE('',(#19267));
#19267 = FILL_AREA_STYLE_COLOUR('',#17724);
#19268 = CURVE_STYLE('',#19269,POSITIVE_LENGTH_MEASURE(0.1),#17724);
#19269 = DRAUGHTING_PRE_DEFINED_CURVE_FONT('continuous');
#19270 = STYLED_ITEM('color',(#19271),#4193);
#19271 = PRESENTATION_STYLE_ASSIGNMENT((#19272,#19277));
#19272 = SURFACE_STYLE_USAGE(.BOTH.,#19273);
#19273 = SURFACE_SIDE_STYLE('',(#19274));
#19274 = SURFACE_STYLE_FILL_AREA(#19275);
#19275 = FILL_AREA_STYLE('',(#19276));
#19276 = FILL_AREA_STYLE_COLOUR('',#17724);
#19277 = CURVE_STYLE('',#19278,POSITIVE_LENGTH_MEASURE(0.1),#17724);
#19278 = DRAUGHTING_PRE_DEFINED_CURVE_FONT('continuous');
#19279 = STYLED_ITEM('color',(#19280),#4217);
#19280 = PRESENTATION_STYLE_ASSIGNMENT((#19281,#19286));
#19281 = SURFACE_STYLE_USAGE(.BOTH.,#19282);
#19282 = SURFACE_SIDE_STYLE('',(#19283));
#19283 = SURFACE_STYLE_FILL_AREA(#19284);
#19284 = FILL_AREA_STYLE('',(#19285));
#19285 = FILL_AREA_STYLE_COLOUR('',#17724);
#19286 = CURVE_STYLE('',#19287,POSITIVE_LENGTH_MEASURE(0.1),#17724);
#19287 = DRAUGHTING_PRE_DEFINED_CURVE_FONT('continuous');
#19288 = STYLED_ITEM('color',(#19289),#4234);
#19289 = PRESENTATION_STYLE_ASSIGNMENT((#19290,#19295));
#19290 = SURFACE_STYLE_USAGE(.BOTH.,#19291);
#19291 = SURFACE_SIDE_STYLE('',(#19292));
#19292 = SURFACE_STYLE_FILL_AREA(#19293);
#19293 = FILL_AREA_STYLE('',(#19294));
#19294 = FILL_AREA_STYLE_COLOUR('',#18898);
#19295 = CURVE_STYLE('',#19296,POSITIVE_LENGTH_MEASURE(0.1),#18898);
#19296 = DRAUGHTING_PRE_DEFINED_CURVE_FONT('continuous');
#19297 = STYLED_ITEM('color',(#19298),#4251);
#19298 = PRESENTATION_STYLE_ASSIGNMENT((#19299,#19304));
#19299 = SURFACE_STYLE_USAGE(.BOTH.,#19300);
#19300 = SURFACE_SIDE_STYLE('',(#19301));
#19301 = SURFACE_STYLE_FILL_AREA(#19302);
#19302 = FILL_AREA_STYLE('',(#19303));
#19303 = FILL_AREA_STYLE_COLOUR('',#18898);
#19304 = CURVE_STYLE('',#19305,POSITIVE_LENGTH_MEASURE(0.1),#18898);
#19305 = DRAUGHTING_PRE_DEFINED_CURVE_FONT('continuous');
#19306 = STYLED_ITEM('color',(#19307),#4298);
#19307 = PRESENTATION_STYLE_ASSIGNMENT((#19308,#19313));
#19308 = SURFACE_STYLE_USAGE(.BOTH.,#19309);
#19309 = SURFACE_SIDE_STYLE('',(#19310));
#19310 = SURFACE_STYLE_FILL_AREA(#19311);
#19311 = FILL_AREA_STYLE('',(#19312));
#19312 = FILL_AREA_STYLE_COLOUR('',#18898);
#19313 = CURVE_STYLE('',#19314,POSITIVE_LENGTH_MEASURE(0.1),#18898);
#19314 = DRAUGHTING_PRE_DEFINED_CURVE_FONT('continuous');
#19315 = STYLED_ITEM('color',(#19316),#4315);
#19316 = PRESENTATION_STYLE_ASSIGNMENT((#19317,#19322));
#19317 = SURFACE_STYLE_USAGE(.BOTH.,#19318);
#19318 = SURFACE_SIDE_STYLE('',(#19319));
#19319 = SURFACE_STYLE_FILL_AREA(#19320);
#19320 = FILL_AREA_STYLE('',(#19321));
#19321 = FILL_AREA_STYLE_COLOUR('',#18898);
#19322 = CURVE_STYLE('',#19323,POSITIVE_LENGTH_MEASURE(0.1),#18898);
#19323 = DRAUGHTING_PRE_DEFINED_CURVE_FONT('continuous');
#19324 = STYLED_ITEM('color',(#19325),#4362);
#19325 = PRESENTATION_STYLE_ASSIGNMENT((#19326,#19331));
#19326 = SURFACE_STYLE_USAGE(.BOTH.,#19327);
#19327 = SURFACE_SIDE_STYLE('',(#19328));
#19328 = SURFACE_STYLE_FILL_AREA(#19329);
#19329 = FILL_AREA_STYLE('',(#19330));
#19330 = FILL_AREA_STYLE_COLOUR('',#18898);
#19331 = CURVE_STYLE('',#19332,POSITIVE_LENGTH_MEASURE(0.1),#18898);
#19332 = DRAUGHTING_PRE_DEFINED_CURVE_FONT('continuous');
#19333 = STYLED_ITEM('color',(#19334),#4379);
#19334 = PRESENTATION_STYLE_ASSIGNMENT((#19335,#19340));
#19335 = SURFACE_STYLE_USAGE(.BOTH.,#19336);
#19336 = SURFACE_SIDE_STYLE('',(#19337));
#19337 = SURFACE_STYLE_FILL_AREA(#19338);
#19338 = FILL_AREA_STYLE('',(#19339));
#19339 = FILL_AREA_STYLE_COLOUR('',#18898);
#19340 = CURVE_STYLE('',#19341,POSITIVE_LENGTH_MEASURE(0.1),#18898);
#19341 = DRAUGHTING_PRE_DEFINED_CURVE_FONT('continuous');
#19342 = STYLED_ITEM('color',(#19343),#4426);
#19343 = PRESENTATION_STYLE_ASSIGNMENT((#19344,#19349));
#19344 = SURFACE_STYLE_USAGE(.BOTH.,#19345);
#19345 = SURFACE_SIDE_STYLE('',(#19346));
#19346 = SURFACE_STYLE_FILL_AREA(#19347);
#19347 = FILL_AREA_STYLE('',(#19348));
#19348 = FILL_AREA_STYLE_COLOUR('',#18898);
#19349 = CURVE_STYLE('',#19350,POSITIVE_LENGTH_MEASURE(0.1),#18898);
#19350 = DRAUGHTING_PRE_DEFINED_CURVE_FONT('continuous');
#19351 = STYLED_ITEM('color',(#19352),#4443);
#19352 = PRESENTATION_STYLE_ASSIGNMENT((#19353,#19358));
#19353 = SURFACE_STYLE_USAGE(.BOTH.,#19354);
#19354 = SURFACE_SIDE_STYLE('',(#19355));
#19355 = SURFACE_STYLE_FILL_AREA(#19356);
#19356 = FILL_AREA_STYLE('',(#19357));
#19357 = FILL_AREA_STYLE_COLOUR('',#18898);
#19358 = CURVE_STYLE('',#19359,POSITIVE_LENGTH_MEASURE(0.1),#18898);
#19359 = DRAUGHTING_PRE_DEFINED_CURVE_FONT('continuous');
#19360 = STYLED_ITEM('color',(#19361),#4490);
#19361 = PRESENTATION_STYLE_ASSIGNMENT((#19362,#19367));
#19362 = SURFACE_STYLE_USAGE(.BOTH.,#19363);
#19363 = SURFACE_SIDE_STYLE('',(#19364));
#19364 = SURFACE_STYLE_FILL_AREA(#19365);
#19365 = FILL_AREA_STYLE('',(#19366));
#19366 = FILL_AREA_STYLE_COLOUR('',#18898);
#19367 = CURVE_STYLE('',#19368,POSITIVE_LENGTH_MEASURE(0.1),#18898);
#19368 = DRAUGHTING_PRE_DEFINED_CURVE_FONT('continuous');
#19369 = STYLED_ITEM('color',(#19370),#4507);
#19370 = PRESENTATION_STYLE_ASSIGNMENT((#19371,#19376));
#19371 = SURFACE_STYLE_USAGE(.BOTH.,#19372);
#19372 = SURFACE_SIDE_STYLE('',(#19373));
#19373 = SURFACE_STYLE_FILL_AREA(#19374);
#19374 = FILL_AREA_STYLE('',(#19375));
#19375 = FILL_AREA_STYLE_COLOUR('',#18898);
#19376 = CURVE_STYLE('',#19377,POSITIVE_LENGTH_MEASURE(0.1),#18898);
#19377 = DRAUGHTING_PRE_DEFINED_CURVE_FONT('continuous');
#19378 = STYLED_ITEM('color',(#19379),#4554);
#19379 = PRESENTATION_STYLE_ASSIGNMENT((#19380,#19385));
#19380 = SURFACE_STYLE_USAGE(.BOTH.,#19381);
#19381 = SURFACE_SIDE_STYLE('',(#19382));
#19382 = SURFACE_STYLE_FILL_AREA(#19383);
#19383 = FILL_AREA_STYLE('',(#19384));
#19384 = FILL_AREA_STYLE_COLOUR('',#18898);
#19385 = CURVE_STYLE('',#19386,POSITIVE_LENGTH_MEASURE(0.1),#18898);
#19386 = DRAUGHTING_PRE_DEFINED_CURVE_FONT('continuous');
#19387 = STYLED_ITEM('color',(#19388),#4571);
#19388 = PRESENTATION_STYLE_ASSIGNMENT((#19389,#19394));
#19389 = SURFACE_STYLE_USAGE(.BOTH.,#19390);
#19390 = SURFACE_SIDE_STYLE('',(#19391));
#19391 = SURFACE_STYLE_FILL_AREA(#19392);
#19392 = FILL_AREA_STYLE('',(#19393));
#19393 = FILL_AREA_STYLE_COLOUR('',#18898);
#19394 = CURVE_STYLE('',#19395,POSITIVE_LENGTH_MEASURE(0.1),#18898);
#19395 = DRAUGHTING_PRE_DEFINED_CURVE_FONT('continuous');
#19396 = STYLED_ITEM('color',(#19397),#4618);
#19397 = PRESENTATION_STYLE_ASSIGNMENT((#19398,#19403));
#19398 = SURFACE_STYLE_USAGE(.BOTH.,#19399);
#19399 = SURFACE_SIDE_STYLE('',(#19400));
#19400 = SURFACE_STYLE_FILL_AREA(#19401);
#19401 = FILL_AREA_STYLE('',(#19402));
#19402 = FILL_AREA_STYLE_COLOUR('',#18898);
#19403 = CURVE_STYLE('',#19404,POSITIVE_LENGTH_MEASURE(0.1),#18898);
#19404 = DRAUGHTING_PRE_DEFINED_CURVE_FONT('continuous');
#19405 = STYLED_ITEM('color',(#19406),#4635);
#19406 = PRESENTATION_STYLE_ASSIGNMENT((#19407,#19412));
#19407 = SURFACE_STYLE_USAGE(.BOTH.,#19408);
#19408 = SURFACE_SIDE_STYLE('',(#19409));
#19409 = SURFACE_STYLE_FILL_AREA(#19410);
#19410 = FILL_AREA_STYLE('',(#19411));
#19411 = FILL_AREA_STYLE_COLOUR('',#18898);
#19412 = CURVE_STYLE('',#19413,POSITIVE_LENGTH_MEASURE(0.1),#18898);
#19413 = DRAUGHTING_PRE_DEFINED_CURVE_FONT('continuous');
#19414 = STYLED_ITEM('color',(#19415),#4682);
#19415 = PRESENTATION_STYLE_ASSIGNMENT((#19416,#19421));
#19416 = SURFACE_STYLE_USAGE(.BOTH.,#19417);
#19417 = SURFACE_SIDE_STYLE('',(#19418));
#19418 = SURFACE_STYLE_FILL_AREA(#19419);
#19419 = FILL_AREA_STYLE('',(#19420));
#19420 = FILL_AREA_STYLE_COLOUR('',#18898);
#19421 = CURVE_STYLE('',#19422,POSITIVE_LENGTH_MEASURE(0.1),#18898);
#19422 = DRAUGHTING_PRE_DEFINED_CURVE_FONT('continuous');
#19423 = STYLED_ITEM('color',(#19424),#4699);
#19424 = PRESENTATION_STYLE_ASSIGNMENT((#19425,#19430));
#19425 = SURFACE_STYLE_USAGE(.BOTH.,#19426);
#19426 = SURFACE_SIDE_STYLE('',(#19427));
#19427 = SURFACE_STYLE_FILL_AREA(#19428);
#19428 = FILL_AREA_STYLE('',(#19429));
#19429 = FILL_AREA_STYLE_COLOUR('',#18898);
#19430 = CURVE_STYLE('',#19431,POSITIVE_LENGTH_MEASURE(0.1),#18898);
#19431 = DRAUGHTING_PRE_DEFINED_CURVE_FONT('continuous');
#19432 = STYLED_ITEM('color',(#19433),#4746);
#19433 = PRESENTATION_STYLE_ASSIGNMENT((#19434,#19439));
#19434 = SURFACE_STYLE_USAGE(.BOTH.,#19435);
#19435 = SURFACE_SIDE_STYLE('',(#19436));
#19436 = SURFACE_STYLE_FILL_AREA(#19437);
#19437 = FILL_AREA_STYLE('',(#19438));
#19438 = FILL_AREA_STYLE_COLOUR('',#18898);
#19439 = CURVE_STYLE('',#19440,POSITIVE_LENGTH_MEASURE(0.1),#18898);
#19440 = DRAUGHTING_PRE_DEFINED_CURVE_FONT('continuous');
#19441 = STYLED_ITEM('color',(#19442),#4763);
#19442 = PRESENTATION_STYLE_ASSIGNMENT((#19443,#19448));
#19443 = SURFACE_STYLE_USAGE(.BOTH.,#19444);
#19444 = SURFACE_SIDE_STYLE('',(#19445));
#19445 = SURFACE_STYLE_FILL_AREA(#19446);
#19446 = FILL_AREA_STYLE('',(#19447));
#19447 = FILL_AREA_STYLE_COLOUR('',#18898);
#19448 = CURVE_STYLE('',#19449,POSITIVE_LENGTH_MEASURE(0.1),#18898);
#19449 = DRAUGHTING_PRE_DEFINED_CURVE_FONT('continuous');
#19450 = STYLED_ITEM('color',(#19451),#4810);
#19451 = PRESENTATION_STYLE_ASSIGNMENT((#19452,#19457));
#19452 = SURFACE_STYLE_USAGE(.BOTH.,#19453);
#19453 = SURFACE_SIDE_STYLE('',(#19454));
#19454 = SURFACE_STYLE_FILL_AREA(#19455);
#19455 = FILL_AREA_STYLE('',(#19456));
#19456 = FILL_AREA_STYLE_COLOUR('',#18898);
#19457 = CURVE_STYLE('',#19458,POSITIVE_LENGTH_MEASURE(0.1),#18898);
#19458 = DRAUGHTING_PRE_DEFINED_CURVE_FONT('continuous');
#19459 = STYLED_ITEM('color',(#19460),#4827);
#19460 = PRESENTATION_STYLE_ASSIGNMENT((#19461,#19466));
#19461 = SURFACE_STYLE_USAGE(.BOTH.,#19462);
#19462 = SURFACE_SIDE_STYLE('',(#19463));
#19463 = SURFACE_STYLE_FILL_AREA(#19464);
#19464 = FILL_AREA_STYLE('',(#19465));
#19465 = FILL_AREA_STYLE_COLOUR('',#18898);
#19466 = CURVE_STYLE('',#19467,POSITIVE_LENGTH_MEASURE(0.1),#18898);
#19467 = DRAUGHTING_PRE_DEFINED_CURVE_FONT('continuous');
#19468 = STYLED_ITEM('color',(#19469),#4874);
#19469 = PRESENTATION_STYLE_ASSIGNMENT((#19470,#19475));
#19470 = SURFACE_STYLE_USAGE(.BOTH.,#19471);
#19471 = SURFACE_SIDE_STYLE('',(#19472));
#19472 = SURFACE_STYLE_FILL_AREA(#19473);
#19473 = FILL_AREA_STYLE('',(#19474));
#19474 = FILL_AREA_STYLE_COLOUR('',#18898);
#19475 = CURVE_STYLE('',#19476,POSITIVE_LENGTH_MEASURE(0.1),#18898);
#19476 = DRAUGHTING_PRE_DEFINED_CURVE_FONT('continuous');
#19477 = STYLED_ITEM('color',(#19478),#4891);
#19478 = PRESENTATION_STYLE_ASSIGNMENT((#19479,#19484));
#19479 = SURFACE_STYLE_USAGE(.BOTH.,#19480);
#19480 = SURFACE_SIDE_STYLE('',(#19481));
#19481 = SURFACE_STYLE_FILL_AREA(#19482);
#19482 = FILL_AREA_STYLE('',(#19483));
#19483 = FILL_AREA_STYLE_COLOUR('',#18898);
#19484 = CURVE_STYLE('',#19485,POSITIVE_LENGTH_MEASURE(0.1),#18898);
#19485 = DRAUGHTING_PRE_DEFINED_CURVE_FONT('continuous');
#19486 = STYLED_ITEM('color',(#19487),#4938);
#19487 = PRESENTATION_STYLE_ASSIGNMENT((#19488,#19493));
#19488 = SURFACE_STYLE_USAGE(.BOTH.,#19489);
#19489 = SURFACE_SIDE_STYLE('',(#19490));
#19490 = SURFACE_STYLE_FILL_AREA(#19491);
#19491 = FILL_AREA_STYLE('',(#19492));
#19492 = FILL_AREA_STYLE_COLOUR('',#18898);
#19493 = CURVE_STYLE('',#19494,POSITIVE_LENGTH_MEASURE(0.1),#18898);
#19494 = DRAUGHTING_PRE_DEFINED_CURVE_FONT('continuous');
#19495 = STYLED_ITEM('color',(#19496),#4955);
#19496 = PRESENTATION_STYLE_ASSIGNMENT((#19497,#19502));
#19497 = SURFACE_STYLE_USAGE(.BOTH.,#19498);
#19498 = SURFACE_SIDE_STYLE('',(#19499));
#19499 = SURFACE_STYLE_FILL_AREA(#19500);
#19500 = FILL_AREA_STYLE('',(#19501));
#19501 = FILL_AREA_STYLE_COLOUR('',#18898);
#19502 = CURVE_STYLE('',#19503,POSITIVE_LENGTH_MEASURE(0.1),#18898);
#19503 = DRAUGHTING_PRE_DEFINED_CURVE_FONT('continuous');
#19504 = STYLED_ITEM('color',(#19505),#5002);
#19505 = PRESENTATION_STYLE_ASSIGNMENT((#19506,#19511));
#19506 = SURFACE_STYLE_USAGE(.BOTH.,#19507);
#19507 = SURFACE_SIDE_STYLE('',(#19508));
#19508 = SURFACE_STYLE_FILL_AREA(#19509);
#19509 = FILL_AREA_STYLE('',(#19510));
#19510 = FILL_AREA_STYLE_COLOUR('',#18898);
#19511 = CURVE_STYLE('',#19512,POSITIVE_LENGTH_MEASURE(0.1),#18898);
#19512 = DRAUGHTING_PRE_DEFINED_CURVE_FONT('continuous');
#19513 = STYLED_ITEM('color',(#19514),#5019);
#19514 = PRESENTATION_STYLE_ASSIGNMENT((#19515,#19520));
#19515 = SURFACE_STYLE_USAGE(.BOTH.,#19516);
#19516 = SURFACE_SIDE_STYLE('',(#19517));
#19517 = SURFACE_STYLE_FILL_AREA(#19518);
#19518 = FILL_AREA_STYLE('',(#19519));
#19519 = FILL_AREA_STYLE_COLOUR('',#18898);
#19520 = CURVE_STYLE('',#19521,POSITIVE_LENGTH_MEASURE(0.1),#18898);
#19521 = DRAUGHTING_PRE_DEFINED_CURVE_FONT('continuous');
#19522 = STYLED_ITEM('color',(#19523),#5066);
#19523 = PRESENTATION_STYLE_ASSIGNMENT((#19524,#19529));
#19524 = SURFACE_STYLE_USAGE(.BOTH.,#19525);
#19525 = SURFACE_SIDE_STYLE('',(#19526));
#19526 = SURFACE_STYLE_FILL_AREA(#19527);
#19527 = FILL_AREA_STYLE('',(#19528));
#19528 = FILL_AREA_STYLE_COLOUR('',#18898);
#19529 = CURVE_STYLE('',#19530,POSITIVE_LENGTH_MEASURE(0.1),#18898);
#19530 = DRAUGHTING_PRE_DEFINED_CURVE_FONT('continuous');
#19531 = STYLED_ITEM('color',(#19532),#5083);
#19532 = PRESENTATION_STYLE_ASSIGNMENT((#19533,#19538));
#19533 = SURFACE_STYLE_USAGE(.BOTH.,#19534);
#19534 = SURFACE_SIDE_STYLE('',(#19535));
#19535 = SURFACE_STYLE_FILL_AREA(#19536);
#19536 = FILL_AREA_STYLE('',(#19537));
#19537 = FILL_AREA_STYLE_COLOUR('',#18898);
#19538 = CURVE_STYLE('',#19539,POSITIVE_LENGTH_MEASURE(0.1),#18898);
#19539 = DRAUGHTING_PRE_DEFINED_CURVE_FONT('continuous');
#19540 = STYLED_ITEM('color',(#19541),#5130);
#19541 = PRESENTATION_STYLE_ASSIGNMENT((#19542,#19547));
#19542 = SURFACE_STYLE_USAGE(.BOTH.,#19543);
#19543 = SURFACE_SIDE_STYLE('',(#19544));
#19544 = SURFACE_STYLE_FILL_AREA(#19545);
#19545 = FILL_AREA_STYLE('',(#19546));
#19546 = FILL_AREA_STYLE_COLOUR('',#17724);
#19547 = CURVE_STYLE('',#19548,POSITIVE_LENGTH_MEASURE(0.1),#17724);
#19548 = DRAUGHTING_PRE_DEFINED_CURVE_FONT('continuous');
#19549 = STYLED_ITEM('color',(#19550),#5161);
#19550 = PRESENTATION_STYLE_ASSIGNMENT((#19551,#19556));
#19551 = SURFACE_STYLE_USAGE(.BOTH.,#19552);
#19552 = SURFACE_SIDE_STYLE('',(#19553));
#19553 = SURFACE_STYLE_FILL_AREA(#19554);
#19554 = FILL_AREA_STYLE('',(#19555));
#19555 = FILL_AREA_STYLE_COLOUR('',#17724);
#19556 = CURVE_STYLE('',#19557,POSITIVE_LENGTH_MEASURE(0.1),#17724);
#19557 = DRAUGHTING_PRE_DEFINED_CURVE_FONT('continuous');
#19558 = OVER_RIDING_STYLED_ITEM('overriding color',(#19559),#5175,
  #19549);
#19559 = PRESENTATION_STYLE_ASSIGNMENT((#19560,#19565));
#19560 = SURFACE_STYLE_USAGE(.BOTH.,#19561);
#19561 = SURFACE_SIDE_STYLE('',(#19562));
#19562 = SURFACE_STYLE_FILL_AREA(#19563);
#19563 = FILL_AREA_STYLE('',(#19564));
#19564 = FILL_AREA_STYLE_COLOUR('',#18898);
#19565 = CURVE_STYLE('',#19566,POSITIVE_LENGTH_MEASURE(0.1),#18898);
#19566 = DRAUGHTING_PRE_DEFINED_CURVE_FONT('continuous');
#19567 = OVER_RIDING_STYLED_ITEM('overriding color',(#19568),#5191,
  #19549);
#19568 = PRESENTATION_STYLE_ASSIGNMENT((#19569,#19574));
#19569 = SURFACE_STYLE_USAGE(.BOTH.,#19570);
#19570 = SURFACE_SIDE_STYLE('',(#19571));
#19571 = SURFACE_STYLE_FILL_AREA(#19572);
#19572 = FILL_AREA_STYLE('',(#19573));
#19573 = FILL_AREA_STYLE_COLOUR('',#18898);
#19574 = CURVE_STYLE('',#19575,POSITIVE_LENGTH_MEASURE(0.1),#18898);
#19575 = DRAUGHTING_PRE_DEFINED_CURVE_FONT('continuous');
#19576 = STYLED_ITEM('color',(#19577),#5217);
#19577 = PRESENTATION_STYLE_ASSIGNMENT((#19578,#19583));
#19578 = SURFACE_STYLE_USAGE(.BOTH.,#19579);
#19579 = SURFACE_SIDE_STYLE('',(#19580));
#19580 = SURFACE_STYLE_FILL_AREA(#19581);
#19581 = FILL_AREA_STYLE('',(#19582));
#19582 = FILL_AREA_STYLE_COLOUR('',#17724);
#19583 = CURVE_STYLE('',#19584,POSITIVE_LENGTH_MEASURE(0.1),#17724);
#19584 = DRAUGHTING_PRE_DEFINED_CURVE_FONT('continuous');
#19585 = STYLED_ITEM('color',(#19586),#5241);
#19586 = PRESENTATION_STYLE_ASSIGNMENT((#19587,#19592));
#19587 = SURFACE_STYLE_USAGE(.BOTH.,#19588);
#19588 = SURFACE_SIDE_STYLE('',(#19589));
#19589 = SURFACE_STYLE_FILL_AREA(#19590);
#19590 = FILL_AREA_STYLE('',(#19591));
#19591 = FILL_AREA_STYLE_COLOUR('',#17724);
#19592 = CURVE_STYLE('',#19593,POSITIVE_LENGTH_MEASURE(0.1),#17724);
#19593 = DRAUGHTING_PRE_DEFINED_CURVE_FONT('continuous');
#19594 = OVER_RIDING_STYLED_ITEM('overriding color',(#19595),#5255,
  #19585);
#19595 = PRESENTATION_STYLE_ASSIGNMENT((#19596,#19601));
#19596 = SURFACE_STYLE_USAGE(.BOTH.,#19597);
#19597 = SURFACE_SIDE_STYLE('',(#19598));
#19598 = SURFACE_STYLE_FILL_AREA(#19599);
#19599 = FILL_AREA_STYLE('',(#19600));
#19600 = FILL_AREA_STYLE_COLOUR('',#18898);
#19601 = CURVE_STYLE('',#19602,POSITIVE_LENGTH_MEASURE(0.1),#18898);
#19602 = DRAUGHTING_PRE_DEFINED_CURVE_FONT('continuous');
#19603 = OVER_RIDING_STYLED_ITEM('overriding color',(#19604),#5271,
  #19585);
#19604 = PRESENTATION_STYLE_ASSIGNMENT((#19605,#19610));
#19605 = SURFACE_STYLE_USAGE(.BOTH.,#19606);
#19606 = SURFACE_SIDE_STYLE('',(#19607));
#19607 = SURFACE_STYLE_FILL_AREA(#19608);
#19608 = FILL_AREA_STYLE('',(#19609));
#19609 = FILL_AREA_STYLE_COLOUR('',#18898);
#19610 = CURVE_STYLE('',#19611,POSITIVE_LENGTH_MEASURE(0.1),#18898);
#19611 = DRAUGHTING_PRE_DEFINED_CURVE_FONT('continuous');
#19612 = STYLED_ITEM('color',(#19613),#5290);
#19613 = PRESENTATION_STYLE_ASSIGNMENT((#19614,#19619));
#19614 = SURFACE_STYLE_USAGE(.BOTH.,#19615);
#19615 = SURFACE_SIDE_STYLE('',(#19616));
#19616 = SURFACE_STYLE_FILL_AREA(#19617);
#19617 = FILL_AREA_STYLE('',(#19618));
#19618 = FILL_AREA_STYLE_COLOUR('',#17724);
#19619 = CURVE_STYLE('',#19620,POSITIVE_LENGTH_MEASURE(0.1),#17724);
#19620 = DRAUGHTING_PRE_DEFINED_CURVE_FONT('continuous');
#19621 = STYLED_ITEM('color',(#19622),#5321);
#19622 = PRESENTATION_STYLE_ASSIGNMENT((#19623,#19628));
#19623 = SURFACE_STYLE_USAGE(.BOTH.,#19624);
#19624 = SURFACE_SIDE_STYLE('',(#19625));
#19625 = SURFACE_STYLE_FILL_AREA(#19626);
#19626 = FILL_AREA_STYLE('',(#19627));
#19627 = FILL_AREA_STYLE_COLOUR('',#17724);
#19628 = CURVE_STYLE('',#19629,POSITIVE_LENGTH_MEASURE(0.1),#17724);
#19629 = DRAUGHTING_PRE_DEFINED_CURVE_FONT('continuous');
#19630 = OVER_RIDING_STYLED_ITEM('overriding color',(#19631),#5335,
  #19621);
#19631 = PRESENTATION_STYLE_ASSIGNMENT((#19632,#19637));
#19632 = SURFACE_STYLE_USAGE(.BOTH.,#19633);
#19633 = SURFACE_SIDE_STYLE('',(#19634));
#19634 = SURFACE_STYLE_FILL_AREA(#19635);
#19635 = FILL_AREA_STYLE('',(#19636));
#19636 = FILL_AREA_STYLE_COLOUR('',#18898);
#19637 = CURVE_STYLE('',#19638,POSITIVE_LENGTH_MEASURE(0.1),#18898);
#19638 = DRAUGHTING_PRE_DEFINED_CURVE_FONT('continuous');
#19639 = OVER_RIDING_STYLED_ITEM('overriding color',(#19640),#5351,
  #19621);
#19640 = PRESENTATION_STYLE_ASSIGNMENT((#19641,#19646));
#19641 = SURFACE_STYLE_USAGE(.BOTH.,#19642);
#19642 = SURFACE_SIDE_STYLE('',(#19643));
#19643 = SURFACE_STYLE_FILL_AREA(#19644);
#19644 = FILL_AREA_STYLE('',(#19645));
#19645 = FILL_AREA_STYLE_COLOUR('',#18898);
#19646 = CURVE_STYLE('',#19647,POSITIVE_LENGTH_MEASURE(0.1),#18898);
#19647 = DRAUGHTING_PRE_DEFINED_CURVE_FONT('continuous');
#19648 = STYLED_ITEM('color',(#19649),#5377);
#19649 = PRESENTATION_STYLE_ASSIGNMENT((#19650,#19655));
#19650 = SURFACE_STYLE_USAGE(.BOTH.,#19651);
#19651 = SURFACE_SIDE_STYLE('',(#19652));
#19652 = SURFACE_STYLE_FILL_AREA(#19653);
#19653 = FILL_AREA_STYLE('',(#19654));
#19654 = FILL_AREA_STYLE_COLOUR('',#17724);
#19655 = CURVE_STYLE('',#19656,POSITIVE_LENGTH_MEASURE(0.1),#17724);
#19656 = DRAUGHTING_PRE_DEFINED_CURVE_FONT('continuous');
#19657 = STYLED_ITEM('color',(#19658),#5401);
#19658 = PRESENTATION_STYLE_ASSIGNMENT((#19659,#19664));
#19659 = SURFACE_STYLE_USAGE(.BOTH.,#19660);
#19660 = SURFACE_SIDE_STYLE('',(#19661));
#19661 = SURFACE_STYLE_FILL_AREA(#19662);
#19662 = FILL_AREA_STYLE('',(#19663));
#19663 = FILL_AREA_STYLE_COLOUR('',#17724);
#19664 = CURVE_STYLE('',#19665,POSITIVE_LENGTH_MEASURE(0.1),#17724);
#19665 = DRAUGHTING_PRE_DEFINED_CURVE_FONT('continuous');
#19666 = OVER_RIDING_STYLED_ITEM('overriding color',(#19667),#5415,
  #19657);
#19667 = PRESENTATION_STYLE_ASSIGNMENT((#19668,#19673));
#19668 = SURFACE_STYLE_USAGE(.BOTH.,#19669);
#19669 = SURFACE_SIDE_STYLE('',(#19670));
#19670 = SURFACE_STYLE_FILL_AREA(#19671);
#19671 = FILL_AREA_STYLE('',(#19672));
#19672 = FILL_AREA_STYLE_COLOUR('',#18898);
#19673 = CURVE_STYLE('',#19674,POSITIVE_LENGTH_MEASURE(0.1),#18898);
#19674 = DRAUGHTING_PRE_DEFINED_CURVE_FONT('continuous');
#19675 = OVER_RIDING_STYLED_ITEM('overriding color',(#19676),#5431,
  #19657);
#19676 = PRESENTATION_STYLE_ASSIGNMENT((#19677,#19682));
#19677 = SURFACE_STYLE_USAGE(.BOTH.,#19678);
#19678 = SURFACE_SIDE_STYLE('',(#19679));
#19679 = SURFACE_STYLE_FILL_AREA(#19680);
#19680 = FILL_AREA_STYLE('',(#19681));
#19681 = FILL_AREA_STYLE_COLOUR('',#18898);
#19682 = CURVE_STYLE('',#19683,POSITIVE_LENGTH_MEASURE(0.1),#18898);
#19683 = DRAUGHTING_PRE_DEFINED_CURVE_FONT('continuous');
#19684 = STYLED_ITEM('color',(#19685),#5450);
#19685 = PRESENTATION_STYLE_ASSIGNMENT((#19686,#19691));
#19686 = SURFACE_STYLE_USAGE(.BOTH.,#19687);
#19687 = SURFACE_SIDE_STYLE('',(#19688));
#19688 = SURFACE_STYLE_FILL_AREA(#19689);
#19689 = FILL_AREA_STYLE('',(#19690));
#19690 = FILL_AREA_STYLE_COLOUR('',#17724);
#19691 = CURVE_STYLE('',#19692,POSITIVE_LENGTH_MEASURE(0.1),#17724);
#19692 = DRAUGHTING_PRE_DEFINED_CURVE_FONT('continuous');
#19693 = STYLED_ITEM('color',(#19694),#5481);
#19694 = PRESENTATION_STYLE_ASSIGNMENT((#19695,#19700));
#19695 = SURFACE_STYLE_USAGE(.BOTH.,#19696);
#19696 = SURFACE_SIDE_STYLE('',(#19697));
#19697 = SURFACE_STYLE_FILL_AREA(#19698);
#19698 = FILL_AREA_STYLE('',(#19699));
#19699 = FILL_AREA_STYLE_COLOUR('',#17724);
#19700 = CURVE_STYLE('',#19701,POSITIVE_LENGTH_MEASURE(0.1),#17724);
#19701 = DRAUGHTING_PRE_DEFINED_CURVE_FONT('continuous');
#19702 = OVER_RIDING_STYLED_ITEM('overriding color',(#19703),#5495,
  #19693);
#19703 = PRESENTATION_STYLE_ASSIGNMENT((#19704,#19709));
#19704 = SURFACE_STYLE_USAGE(.BOTH.,#19705);
#19705 = SURFACE_SIDE_STYLE('',(#19706));
#19706 = SURFACE_STYLE_FILL_AREA(#19707);
#19707 = FILL_AREA_STYLE('',(#19708));
#19708 = FILL_AREA_STYLE_COLOUR('',#18898);
#19709 = CURVE_STYLE('',#19710,POSITIVE_LENGTH_MEASURE(0.1),#18898);
#19710 = DRAUGHTING_PRE_DEFINED_CURVE_FONT('continuous');
#19711 = OVER_RIDING_STYLED_ITEM('overriding color',(#19712),#5511,
  #19693);
#19712 = PRESENTATION_STYLE_ASSIGNMENT((#19713,#19718));
#19713 = SURFACE_STYLE_USAGE(.BOTH.,#19714);
#19714 = SURFACE_SIDE_STYLE('',(#19715));
#19715 = SURFACE_STYLE_FILL_AREA(#19716);
#19716 = FILL_AREA_STYLE('',(#19717));
#19717 = FILL_AREA_STYLE_COLOUR('',#18898);
#19718 = CURVE_STYLE('',#19719,POSITIVE_LENGTH_MEASURE(0.1),#18898);
#19719 = DRAUGHTING_PRE_DEFINED_CURVE_FONT('continuous');
#19720 = STYLED_ITEM('color',(#19721),#5537);
#19721 = PRESENTATION_STYLE_ASSIGNMENT((#19722,#19727));
#19722 = SURFACE_STYLE_USAGE(.BOTH.,#19723);
#19723 = SURFACE_SIDE_STYLE('',(#19724));
#19724 = SURFACE_STYLE_FILL_AREA(#19725);
#19725 = FILL_AREA_STYLE('',(#19726));
#19726 = FILL_AREA_STYLE_COLOUR('',#17724);
#19727 = CURVE_STYLE('',#19728,POSITIVE_LENGTH_MEASURE(0.1),#17724);
#19728 = DRAUGHTING_PRE_DEFINED_CURVE_FONT('continuous');
#19729 = STYLED_ITEM('color',(#19730),#5561);
#19730 = PRESENTATION_STYLE_ASSIGNMENT((#19731,#19736));
#19731 = SURFACE_STYLE_USAGE(.BOTH.,#19732);
#19732 = SURFACE_SIDE_STYLE('',(#19733));
#19733 = SURFACE_STYLE_FILL_AREA(#19734);
#19734 = FILL_AREA_STYLE('',(#19735));
#19735 = FILL_AREA_STYLE_COLOUR('',#17724);
#19736 = CURVE_STYLE('',#19737,POSITIVE_LENGTH_MEASURE(0.1),#17724);
#19737 = DRAUGHTING_PRE_DEFINED_CURVE_FONT('continuous');
#19738 = OVER_RIDING_STYLED_ITEM('overriding color',(#19739),#5575,
  #19729);
#19739 = PRESENTATION_STYLE_ASSIGNMENT((#19740,#19745));
#19740 = SURFACE_STYLE_USAGE(.BOTH.,#19741);
#19741 = SURFACE_SIDE_STYLE('',(#19742));
#19742 = SURFACE_STYLE_FILL_AREA(#19743);
#19743 = FILL_AREA_STYLE('',(#19744));
#19744 = FILL_AREA_STYLE_COLOUR('',#18898);
#19745 = CURVE_STYLE('',#19746,POSITIVE_LENGTH_MEASURE(0.1),#18898);
#19746 = DRAUGHTING_PRE_DEFINED_CURVE_FONT('continuous');
#19747 = OVER_RIDING_STYLED_ITEM('overriding color',(#19748),#5591,
  #19729);
#19748 = PRESENTATION_STYLE_ASSIGNMENT((#19749,#19754));
#19749 = SURFACE_STYLE_USAGE(.BOTH.,#19750);
#19750 = SURFACE_SIDE_STYLE('',(#19751));
#19751 = SURFACE_STYLE_FILL_AREA(#19752);
#19752 = FILL_AREA_STYLE('',(#19753));
#19753 = FILL_AREA_STYLE_COLOUR('',#18898);
#19754 = CURVE_STYLE('',#19755,POSITIVE_LENGTH_MEASURE(0.1),#18898);
#19755 = DRAUGHTING_PRE_DEFINED_CURVE_FONT('continuous');
#19756 = STYLED_ITEM('color',(#19757),#5610);
#19757 = PRESENTATION_STYLE_ASSIGNMENT((#19758,#19763));
#19758 = SURFACE_STYLE_USAGE(.BOTH.,#19759);
#19759 = SURFACE_SIDE_STYLE('',(#19760));
#19760 = SURFACE_STYLE_FILL_AREA(#19761);
#19761 = FILL_AREA_STYLE('',(#19762));
#19762 = FILL_AREA_STYLE_COLOUR('',#17724);
#19763 = CURVE_STYLE('',#19764,POSITIVE_LENGTH_MEASURE(0.1),#17724);
#19764 = DRAUGHTING_PRE_DEFINED_CURVE_FONT('continuous');
#19765 = STYLED_ITEM('color',(#19766),#5641);
#19766 = PRESENTATION_STYLE_ASSIGNMENT((#19767,#19772));
#19767 = SURFACE_STYLE_USAGE(.BOTH.,#19768);
#19768 = SURFACE_SIDE_STYLE('',(#19769));
#19769 = SURFACE_STYLE_FILL_AREA(#19770);
#19770 = FILL_AREA_STYLE('',(#19771));
#19771 = FILL_AREA_STYLE_COLOUR('',#17724);
#19772 = CURVE_STYLE('',#19773,POSITIVE_LENGTH_MEASURE(0.1),#17724);
#19773 = DRAUGHTING_PRE_DEFINED_CURVE_FONT('continuous');
#19774 = OVER_RIDING_STYLED_ITEM('overriding color',(#19775),#5655,
  #19765);
#19775 = PRESENTATION_STYLE_ASSIGNMENT((#19776,#19781));
#19776 = SURFACE_STYLE_USAGE(.BOTH.,#19777);
#19777 = SURFACE_SIDE_STYLE('',(#19778));
#19778 = SURFACE_STYLE_FILL_AREA(#19779);
#19779 = FILL_AREA_STYLE('',(#19780));
#19780 = FILL_AREA_STYLE_COLOUR('',#18898);
#19781 = CURVE_STYLE('',#19782,POSITIVE_LENGTH_MEASURE(0.1),#18898);
#19782 = DRAUGHTING_PRE_DEFINED_CURVE_FONT('continuous');
#19783 = OVER_RIDING_STYLED_ITEM('overriding color',(#19784),#5671,
  #19765);
#19784 = PRESENTATION_STYLE_ASSIGNMENT((#19785,#19790));
#19785 = SURFACE_STYLE_USAGE(.BOTH.,#19786);
#19786 = SURFACE_SIDE_STYLE('',(#19787));
#19787 = SURFACE_STYLE_FILL_AREA(#19788);
#19788 = FILL_AREA_STYLE('',(#19789));
#19789 = FILL_AREA_STYLE_COLOUR('',#18898);
#19790 = CURVE_STYLE('',#19791,POSITIVE_LENGTH_MEASURE(0.1),#18898);
#19791 = DRAUGHTING_PRE_DEFINED_CURVE_FONT('continuous');
#19792 = STYLED_ITEM('color',(#19793),#5697);
#19793 = PRESENTATION_STYLE_ASSIGNMENT((#19794,#19799));
#19794 = SURFACE_STYLE_USAGE(.BOTH.,#19795);
#19795 = SURFACE_SIDE_STYLE('',(#19796));
#19796 = SURFACE_STYLE_FILL_AREA(#19797);
#19797 = FILL_AREA_STYLE('',(#19798));
#19798 = FILL_AREA_STYLE_COLOUR('',#17724);
#19799 = CURVE_STYLE('',#19800,POSITIVE_LENGTH_MEASURE(0.1),#17724);
#19800 = DRAUGHTING_PRE_DEFINED_CURVE_FONT('continuous');
#19801 = STYLED_ITEM('color',(#19802),#5721);
#19802 = PRESENTATION_STYLE_ASSIGNMENT((#19803,#19808));
#19803 = SURFACE_STYLE_USAGE(.BOTH.,#19804);
#19804 = SURFACE_SIDE_STYLE('',(#19805));
#19805 = SURFACE_STYLE_FILL_AREA(#19806);
#19806 = FILL_AREA_STYLE('',(#19807));
#19807 = FILL_AREA_STYLE_COLOUR('',#17724);
#19808 = CURVE_STYLE('',#19809,POSITIVE_LENGTH_MEASURE(0.1),#17724);
#19809 = DRAUGHTING_PRE_DEFINED_CURVE_FONT('continuous');
#19810 = OVER_RIDING_STYLED_ITEM('overriding color',(#19811),#5735,
  #19801);
#19811 = PRESENTATION_STYLE_ASSIGNMENT((#19812,#19817));
#19812 = SURFACE_STYLE_USAGE(.BOTH.,#19813);
#19813 = SURFACE_SIDE_STYLE('',(#19814));
#19814 = SURFACE_STYLE_FILL_AREA(#19815);
#19815 = FILL_AREA_STYLE('',(#19816));
#19816 = FILL_AREA_STYLE_COLOUR('',#18898);
#19817 = CURVE_STYLE('',#19818,POSITIVE_LENGTH_MEASURE(0.1),#18898);
#19818 = DRAUGHTING_PRE_DEFINED_CURVE_FONT('continuous');
#19819 = OVER_RIDING_STYLED_ITEM('overriding color',(#19820),#5751,
  #19801);
#19820 = PRESENTATION_STYLE_ASSIGNMENT((#19821,#19826));
#19821 = SURFACE_STYLE_USAGE(.BOTH.,#19822);
#19822 = SURFACE_SIDE_STYLE('',(#19823));
#19823 = SURFACE_STYLE_FILL_AREA(#19824);
#19824 = FILL_AREA_STYLE('',(#19825));
#19825 = FILL_AREA_STYLE_COLOUR('',#18898);
#19826 = CURVE_STYLE('',#19827,POSITIVE_LENGTH_MEASURE(0.1),#18898);
#19827 = DRAUGHTING_PRE_DEFINED_CURVE_FONT('continuous');
#19828 = STYLED_ITEM('color',(#19829),#5770);
#19829 = PRESENTATION_STYLE_ASSIGNMENT((#19830,#19835));
#19830 = SURFACE_STYLE_USAGE(.BOTH.,#19831);
#19831 = SURFACE_SIDE_STYLE('',(#19832));
#19832 = SURFACE_STYLE_FILL_AREA(#19833);
#19833 = FILL_AREA_STYLE('',(#19834));
#19834 = FILL_AREA_STYLE_COLOUR('',#17724);
#19835 = CURVE_STYLE('',#19836,POSITIVE_LENGTH_MEASURE(0.1),#17724);
#19836 = DRAUGHTING_PRE_DEFINED_CURVE_FONT('continuous');
#19837 = STYLED_ITEM('color',(#19838),#5801);
#19838 = PRESENTATION_STYLE_ASSIGNMENT((#19839,#19844));
#19839 = SURFACE_STYLE_USAGE(.BOTH.,#19840);
#19840 = SURFACE_SIDE_STYLE('',(#19841));
#19841 = SURFACE_STYLE_FILL_AREA(#19842);
#19842 = FILL_AREA_STYLE('',(#19843));
#19843 = FILL_AREA_STYLE_COLOUR('',#17724);
#19844 = CURVE_STYLE('',#19845,POSITIVE_LENGTH_MEASURE(0.1),#17724);
#19845 = DRAUGHTING_PRE_DEFINED_CURVE_FONT('continuous');
#19846 = OVER_RIDING_STYLED_ITEM('overriding color',(#19847),#5815,
  #19837);
#19847 = PRESENTATION_STYLE_ASSIGNMENT((#19848,#19853));
#19848 = SURFACE_STYLE_USAGE(.BOTH.,#19849);
#19849 = SURFACE_SIDE_STYLE('',(#19850));
#19850 = SURFACE_STYLE_FILL_AREA(#19851);
#19851 = FILL_AREA_STYLE('',(#19852));
#19852 = FILL_AREA_STYLE_COLOUR('',#18898);
#19853 = CURVE_STYLE('',#19854,POSITIVE_LENGTH_MEASURE(0.1),#18898);
#19854 = DRAUGHTING_PRE_DEFINED_CURVE_FONT('continuous');
#19855 = OVER_RIDING_STYLED_ITEM('overriding color',(#19856),#5831,
  #19837);
#19856 = PRESENTATION_STYLE_ASSIGNMENT((#19857,#19862));
#19857 = SURFACE_STYLE_USAGE(.BOTH.,#19858);
#19858 = SURFACE_SIDE_STYLE('',(#19859));
#19859 = SURFACE_STYLE_FILL_AREA(#19860);
#19860 = FILL_AREA_STYLE('',(#19861));
#19861 = FILL_AREA_STYLE_COLOUR('',#18898);
#19862 = CURVE_STYLE('',#19863,POSITIVE_LENGTH_MEASURE(0.1),#18898);
#19863 = DRAUGHTING_PRE_DEFINED_CURVE_FONT('continuous');
#19864 = STYLED_ITEM('color',(#19865),#5857);
#19865 = PRESENTATION_STYLE_ASSIGNMENT((#19866,#19871));
#19866 = SURFACE_STYLE_USAGE(.BOTH.,#19867);
#19867 = SURFACE_SIDE_STYLE('',(#19868));
#19868 = SURFACE_STYLE_FILL_AREA(#19869);
#19869 = FILL_AREA_STYLE('',(#19870));
#19870 = FILL_AREA_STYLE_COLOUR('',#17724);
#19871 = CURVE_STYLE('',#19872,POSITIVE_LENGTH_MEASURE(0.1),#17724);
#19872 = DRAUGHTING_PRE_DEFINED_CURVE_FONT('continuous');
#19873 = STYLED_ITEM('color',(#19874),#5881);
#19874 = PRESENTATION_STYLE_ASSIGNMENT((#19875,#19880));
#19875 = SURFACE_STYLE_USAGE(.BOTH.,#19876);
#19876 = SURFACE_SIDE_STYLE('',(#19877));
#19877 = SURFACE_STYLE_FILL_AREA(#19878);
#19878 = FILL_AREA_STYLE('',(#19879));
#19879 = FILL_AREA_STYLE_COLOUR('',#17724);
#19880 = CURVE_STYLE('',#19881,POSITIVE_LENGTH_MEASURE(0.1),#17724);
#19881 = DRAUGHTING_PRE_DEFINED_CURVE_FONT('continuous');
#19882 = OVER_RIDING_STYLED_ITEM('overriding color',(#19883),#5895,
  #19873);
#19883 = PRESENTATION_STYLE_ASSIGNMENT((#19884,#19889));
#19884 = SURFACE_STYLE_USAGE(.BOTH.,#19885);
#19885 = SURFACE_SIDE_STYLE('',(#19886));
#19886 = SURFACE_STYLE_FILL_AREA(#19887);
#19887 = FILL_AREA_STYLE('',(#19888));
#19888 = FILL_AREA_STYLE_COLOUR('',#18898);
#19889 = CURVE_STYLE('',#19890,POSITIVE_LENGTH_MEASURE(0.1),#18898);
#19890 = DRAUGHTING_PRE_DEFINED_CURVE_FONT('continuous');
#19891 = OVER_RIDING_STYLED_ITEM('overriding color',(#19892),#5911,
  #19873);
#19892 = PRESENTATION_STYLE_ASSIGNMENT((#19893,#19898));
#19893 = SURFACE_STYLE_USAGE(.BOTH.,#19894);
#19894 = SURFACE_SIDE_STYLE('',(#19895));
#19895 = SURFACE_STYLE_FILL_AREA(#19896);
#19896 = FILL_AREA_STYLE('',(#19897));
#19897 = FILL_AREA_STYLE_COLOUR('',#18898);
#19898 = CURVE_STYLE('',#19899,POSITIVE_LENGTH_MEASURE(0.1),#18898);
#19899 = DRAUGHTING_PRE_DEFINED_CURVE_FONT('continuous');
#19900 = STYLED_ITEM('color',(#19901),#5930);
#19901 = PRESENTATION_STYLE_ASSIGNMENT((#19902,#19907));
#19902 = SURFACE_STYLE_USAGE(.BOTH.,#19903);
#19903 = SURFACE_SIDE_STYLE('',(#19904));
#19904 = SURFACE_STYLE_FILL_AREA(#19905);
#19905 = FILL_AREA_STYLE('',(#19906));
#19906 = FILL_AREA_STYLE_COLOUR('',#17724);
#19907 = CURVE_STYLE('',#19908,POSITIVE_LENGTH_MEASURE(0.1),#17724);
#19908 = DRAUGHTING_PRE_DEFINED_CURVE_FONT('continuous');
#19909 = STYLED_ITEM('color',(#19910),#5961);
#19910 = PRESENTATION_STYLE_ASSIGNMENT((#19911,#19916));
#19911 = SURFACE_STYLE_USAGE(.BOTH.,#19912);
#19912 = SURFACE_SIDE_STYLE('',(#19913));
#19913 = SURFACE_STYLE_FILL_AREA(#19914);
#19914 = FILL_AREA_STYLE('',(#19915));
#19915 = FILL_AREA_STYLE_COLOUR('',#17724);
#19916 = CURVE_STYLE('',#19917,POSITIVE_LENGTH_MEASURE(0.1),#17724);
#19917 = DRAUGHTING_PRE_DEFINED_CURVE_FONT('continuous');
#19918 = OVER_RIDING_STYLED_ITEM('overriding color',(#19919),#5975,
  #19909);
#19919 = PRESENTATION_STYLE_ASSIGNMENT((#19920,#19925));
#19920 = SURFACE_STYLE_USAGE(.BOTH.,#19921);
#19921 = SURFACE_SIDE_STYLE('',(#19922));
#19922 = SURFACE_STYLE_FILL_AREA(#19923);
#19923 = FILL_AREA_STYLE('',(#19924));
#19924 = FILL_AREA_STYLE_COLOUR('',#18898);
#19925 = CURVE_STYLE('',#19926,POSITIVE_LENGTH_MEASURE(0.1),#18898);
#19926 = DRAUGHTING_PRE_DEFINED_CURVE_FONT('continuous');
#19927 = OVER_RIDING_STYLED_ITEM('overriding color',(#19928),#5991,
  #19909);
#19928 = PRESENTATION_STYLE_ASSIGNMENT((#19929,#19934));
#19929 = SURFACE_STYLE_USAGE(.BOTH.,#19930);
#19930 = SURFACE_SIDE_STYLE('',(#19931));
#19931 = SURFACE_STYLE_FILL_AREA(#19932);
#19932 = FILL_AREA_STYLE('',(#19933));
#19933 = FILL_AREA_STYLE_COLOUR('',#18898);
#19934 = CURVE_STYLE('',#19935,POSITIVE_LENGTH_MEASURE(0.1),#18898);
#19935 = DRAUGHTING_PRE_DEFINED_CURVE_FONT('continuous');
#19936 = STYLED_ITEM('color',(#19937),#6017);
#19937 = PRESENTATION_STYLE_ASSIGNMENT((#19938,#19943));
#19938 = SURFACE_STYLE_USAGE(.BOTH.,#19939);
#19939 = SURFACE_SIDE_STYLE('',(#19940));
#19940 = SURFACE_STYLE_FILL_AREA(#19941);
#19941 = FILL_AREA_STYLE('',(#19942));
#19942 = FILL_AREA_STYLE_COLOUR('',#17724);
#19943 = CURVE_STYLE('',#19944,POSITIVE_LENGTH_MEASURE(0.1),#17724);
#19944 = DRAUGHTING_PRE_DEFINED_CURVE_FONT('continuous');
#19945 = STYLED_ITEM('color',(#19946),#6041);
#19946 = PRESENTATION_STYLE_ASSIGNMENT((#19947,#19952));
#19947 = SURFACE_STYLE_USAGE(.BOTH.,#19948);
#19948 = SURFACE_SIDE_STYLE('',(#19949));
#19949 = SURFACE_STYLE_FILL_AREA(#19950);
#19950 = FILL_AREA_STYLE('',(#19951));
#19951 = FILL_AREA_STYLE_COLOUR('',#17724);
#19952 = CURVE_STYLE('',#19953,POSITIVE_LENGTH_MEASURE(0.1),#17724);
#19953 = DRAUGHTING_PRE_DEFINED_CURVE_FONT('continuous');
#19954 = OVER_RIDING_STYLED_ITEM('overriding color',(#19955),#6055,
  #19945);
#19955 = PRESENTATION_STYLE_ASSIGNMENT((#19956,#19961));
#19956 = SURFACE_STYLE_USAGE(.BOTH.,#19957);
#19957 = SURFACE_SIDE_STYLE('',(#19958));
#19958 = SURFACE_STYLE_FILL_AREA(#19959);
#19959 = FILL_AREA_STYLE('',(#19960));
#19960 = FILL_AREA_STYLE_COLOUR('',#18898);
#19961 = CURVE_STYLE('',#19962,POSITIVE_LENGTH_MEASURE(0.1),#18898);
#19962 = DRAUGHTING_PRE_DEFINED_CURVE_FONT('continuous');
#19963 = OVER_RIDING_STYLED_ITEM('overriding color',(#19964),#6071,
  #19945);
#19964 = PRESENTATION_STYLE_ASSIGNMENT((#19965,#19970));
#19965 = SURFACE_STYLE_USAGE(.BOTH.,#19966);
#19966 = SURFACE_SIDE_STYLE('',(#19967));
#19967 = SURFACE_STYLE_FILL_AREA(#19968);
#19968 = FILL_AREA_STYLE('',(#19969));
#19969 = FILL_AREA_STYLE_COLOUR('',#18898);
#19970 = CURVE_STYLE('',#19971,POSITIVE_LENGTH_MEASURE(0.1),#18898);
#19971 = DRAUGHTING_PRE_DEFINED_CURVE_FONT('continuous');
#19972 = STYLED_ITEM('color',(#19973),#6090);
#19973 = PRESENTATION_STYLE_ASSIGNMENT((#19974,#19979));
#19974 = SURFACE_STYLE_USAGE(.BOTH.,#19975);
#19975 = SURFACE_SIDE_STYLE('',(#19976));
#19976 = SURFACE_STYLE_FILL_AREA(#19977);
#19977 = FILL_AREA_STYLE('',(#19978));
#19978 = FILL_AREA_STYLE_COLOUR('',#17724);
#19979 = CURVE_STYLE('',#19980,POSITIVE_LENGTH_MEASURE(0.1),#17724);
#19980 = DRAUGHTING_PRE_DEFINED_CURVE_FONT('continuous');
#19981 = STYLED_ITEM('color',(#19982),#6121);
#19982 = PRESENTATION_STYLE_ASSIGNMENT((#19983,#19988));
#19983 = SURFACE_STYLE_USAGE(.BOTH.,#19984);
#19984 = SURFACE_SIDE_STYLE('',(#19985));
#19985 = SURFACE_STYLE_FILL_AREA(#19986);
#19986 = FILL_AREA_STYLE('',(#19987));
#19987 = FILL_AREA_STYLE_COLOUR('',#17724);
#19988 = CURVE_STYLE('',#19989,POSITIVE_LENGTH_MEASURE(0.1),#17724);
#19989 = DRAUGHTING_PRE_DEFINED_CURVE_FONT('continuous');
#19990 = OVER_RIDING_STYLED_ITEM('overriding color',(#19991),#6135,
  #19981);
#19991 = PRESENTATION_STYLE_ASSIGNMENT((#19992,#19997));
#19992 = SURFACE_STYLE_USAGE(.BOTH.,#19993);
#19993 = SURFACE_SIDE_STYLE('',(#19994));
#19994 = SURFACE_STYLE_FILL_AREA(#19995);
#19995 = FILL_AREA_STYLE('',(#19996));
#19996 = FILL_AREA_STYLE_COLOUR('',#18898);
#19997 = CURVE_STYLE('',#19998,POSITIVE_LENGTH_MEASURE(0.1),#18898);
#19998 = DRAUGHTING_PRE_DEFINED_CURVE_FONT('continuous');
#19999 = OVER_RIDING_STYLED_ITEM('overriding color',(#20000),#6151,
  #19981);
#20000 = PRESENTATION_STYLE_ASSIGNMENT((#20001,#20006));
#20001 = SURFACE_STYLE_USAGE(.BOTH.,#20002);
#20002 = SURFACE_SIDE_STYLE('',(#20003));
#20003 = SURFACE_STYLE_FILL_AREA(#20004);
#20004 = FILL_AREA_STYLE('',(#20005));
#20005 = FILL_AREA_STYLE_COLOUR('',#18898);
#20006 = CURVE_STYLE('',#20007,POSITIVE_LENGTH_MEASURE(0.1),#18898);
#20007 = DRAUGHTING_PRE_DEFINED_CURVE_FONT('continuous');
#20008 = STYLED_ITEM('color',(#20009),#6177);
#20009 = PRESENTATION_STYLE_ASSIGNMENT((#20010,#20015));
#20010 = SURFACE_STYLE_USAGE(.BOTH.,#20011);
#20011 = SURFACE_SIDE_STYLE('',(#20012));
#20012 = SURFACE_STYLE_FILL_AREA(#20013);
#20013 = FILL_AREA_STYLE('',(#20014));
#20014 = FILL_AREA_STYLE_COLOUR('',#17724);
#20015 = CURVE_STYLE('',#20016,POSITIVE_LENGTH_MEASURE(0.1),#17724);
#20016 = DRAUGHTING_PRE_DEFINED_CURVE_FONT('continuous');
#20017 = STYLED_ITEM('color',(#20018),#6201);
#20018 = PRESENTATION_STYLE_ASSIGNMENT((#20019,#20024));
#20019 = SURFACE_STYLE_USAGE(.BOTH.,#20020);
#20020 = SURFACE_SIDE_STYLE('',(#20021));
#20021 = SURFACE_STYLE_FILL_AREA(#20022);
#20022 = FILL_AREA_STYLE('',(#20023));
#20023 = FILL_AREA_STYLE_COLOUR('',#17724);
#20024 = CURVE_STYLE('',#20025,POSITIVE_LENGTH_MEASURE(0.1),#17724);
#20025 = DRAUGHTING_PRE_DEFINED_CURVE_FONT('continuous');
#20026 = OVER_RIDING_STYLED_ITEM('overriding color',(#20027),#6215,
  #20017);
#20027 = PRESENTATION_STYLE_ASSIGNMENT((#20028,#20033));
#20028 = SURFACE_STYLE_USAGE(.BOTH.,#20029);
#20029 = SURFACE_SIDE_STYLE('',(#20030));
#20030 = SURFACE_STYLE_FILL_AREA(#20031);
#20031 = FILL_AREA_STYLE('',(#20032));
#20032 = FILL_AREA_STYLE_COLOUR('',#18898);
#20033 = CURVE_STYLE('',#20034,POSITIVE_LENGTH_MEASURE(0.1),#18898);
#20034 = DRAUGHTING_PRE_DEFINED_CURVE_FONT('continuous');
#20035 = OVER_RIDING_STYLED_ITEM('overriding color',(#20036),#6231,
  #20017);
#20036 = PRESENTATION_STYLE_ASSIGNMENT((#20037,#20042));
#20037 = SURFACE_STYLE_USAGE(.BOTH.,#20038);
#20038 = SURFACE_SIDE_STYLE('',(#20039));
#20039 = SURFACE_STYLE_FILL_AREA(#20040);
#20040 = FILL_AREA_STYLE('',(#20041));
#20041 = FILL_AREA_STYLE_COLOUR('',#18898);
#20042 = CURVE_STYLE('',#20043,POSITIVE_LENGTH_MEASURE(0.1),#18898);
#20043 = DRAUGHTING_PRE_DEFINED_CURVE_FONT('continuous');
#20044 = STYLED_ITEM('color',(#20045),#6250);
#20045 = PRESENTATION_STYLE_ASSIGNMENT((#20046,#20051));
#20046 = SURFACE_STYLE_USAGE(.BOTH.,#20047);
#20047 = SURFACE_SIDE_STYLE('',(#20048));
#20048 = SURFACE_STYLE_FILL_AREA(#20049);
#20049 = FILL_AREA_STYLE('',(#20050));
#20050 = FILL_AREA_STYLE_COLOUR('',#18898);
#20051 = CURVE_STYLE('',#20052,POSITIVE_LENGTH_MEASURE(0.1),#18898);
#20052 = DRAUGHTING_PRE_DEFINED_CURVE_FONT('continuous');
#20053 = STYLED_ITEM('color',(#20054),#6267);
#20054 = PRESENTATION_STYLE_ASSIGNMENT((#20055,#20060));
#20055 = SURFACE_STYLE_USAGE(.BOTH.,#20056);
#20056 = SURFACE_SIDE_STYLE('',(#20057));
#20057 = SURFACE_STYLE_FILL_AREA(#20058);
#20058 = FILL_AREA_STYLE('',(#20059));
#20059 = FILL_AREA_STYLE_COLOUR('',#18898);
#20060 = CURVE_STYLE('',#20061,POSITIVE_LENGTH_MEASURE(0.1),#18898);
#20061 = DRAUGHTING_PRE_DEFINED_CURVE_FONT('continuous');
#20062 = STYLED_ITEM('color',(#20063),#6284);
#20063 = PRESENTATION_STYLE_ASSIGNMENT((#20064,#20069));
#20064 = SURFACE_STYLE_USAGE(.BOTH.,#20065);
#20065 = SURFACE_SIDE_STYLE('',(#20066));
#20066 = SURFACE_STYLE_FILL_AREA(#20067);
#20067 = FILL_AREA_STYLE('',(#20068));
#20068 = FILL_AREA_STYLE_COLOUR('',#18898);
#20069 = CURVE_STYLE('',#20070,POSITIVE_LENGTH_MEASURE(0.1),#18898);
#20070 = DRAUGHTING_PRE_DEFINED_CURVE_FONT('continuous');
#20071 = STYLED_ITEM('color',(#20072),#6301);
#20072 = PRESENTATION_STYLE_ASSIGNMENT((#20073,#20078));
#20073 = SURFACE_STYLE_USAGE(.BOTH.,#20074);
#20074 = SURFACE_SIDE_STYLE('',(#20075));
#20075 = SURFACE_STYLE_FILL_AREA(#20076);
#20076 = FILL_AREA_STYLE('',(#20077));
#20077 = FILL_AREA_STYLE_COLOUR('',#18898);
#20078 = CURVE_STYLE('',#20079,POSITIVE_LENGTH_MEASURE(0.1),#18898);
#20079 = DRAUGHTING_PRE_DEFINED_CURVE_FONT('continuous');
#20080 = STYLED_ITEM('color',(#20081),#6318);
#20081 = PRESENTATION_STYLE_ASSIGNMENT((#20082,#20087));
#20082 = SURFACE_STYLE_USAGE(.BOTH.,#20083);
#20083 = SURFACE_SIDE_STYLE('',(#20084));
#20084 = SURFACE_STYLE_FILL_AREA(#20085);
#20085 = FILL_AREA_STYLE('',(#20086));
#20086 = FILL_AREA_STYLE_COLOUR('',#18898);
#20087 = CURVE_STYLE('',#20088,POSITIVE_LENGTH_MEASURE(0.1),#18898);
#20088 = DRAUGHTING_PRE_DEFINED_CURVE_FONT('continuous');
#20089 = STYLED_ITEM('color',(#20090),#6330);
#20090 = PRESENTATION_STYLE_ASSIGNMENT((#20091,#20096));
#20091 = SURFACE_STYLE_USAGE(.BOTH.,#20092);
#20092 = SURFACE_SIDE_STYLE('',(#20093));
#20093 = SURFACE_STYLE_FILL_AREA(#20094);
#20094 = FILL_AREA_STYLE('',(#20095));
#20095 = FILL_AREA_STYLE_COLOUR('',#18898);
#20096 = CURVE_STYLE('',#20097,POSITIVE_LENGTH_MEASURE(0.1),#18898);
#20097 = DRAUGHTING_PRE_DEFINED_CURVE_FONT('continuous');
#20098 = STYLED_ITEM('color',(#20099),#6347);
#20099 = PRESENTATION_STYLE_ASSIGNMENT((#20100,#20105));
#20100 = SURFACE_STYLE_USAGE(.BOTH.,#20101);
#20101 = SURFACE_SIDE_STYLE('',(#20102));
#20102 = SURFACE_STYLE_FILL_AREA(#20103);
#20103 = FILL_AREA_STYLE('',(#20104));
#20104 = FILL_AREA_STYLE_COLOUR('',#18898);
#20105 = CURVE_STYLE('',#20106,POSITIVE_LENGTH_MEASURE(0.1),#18898);
#20106 = DRAUGHTING_PRE_DEFINED_CURVE_FONT('continuous');
#20107 = STYLED_ITEM('color',(#20108),#6364);
#20108 = PRESENTATION_STYLE_ASSIGNMENT((#20109,#20114));
#20109 = SURFACE_STYLE_USAGE(.BOTH.,#20110);
#20110 = SURFACE_SIDE_STYLE('',(#20111));
#20111 = SURFACE_STYLE_FILL_AREA(#20112);
#20112 = FILL_AREA_STYLE('',(#20113));
#20113 = FILL_AREA_STYLE_COLOUR('',#18898);
#20114 = CURVE_STYLE('',#20115,POSITIVE_LENGTH_MEASURE(0.1),#18898);
#20115 = DRAUGHTING_PRE_DEFINED_CURVE_FONT('continuous');
#20116 = STYLED_ITEM('color',(#20117),#6381);
#20117 = PRESENTATION_STYLE_ASSIGNMENT((#20118,#20123));
#20118 = SURFACE_STYLE_USAGE(.BOTH.,#20119);
#20119 = SURFACE_SIDE_STYLE('',(#20120));
#20120 = SURFACE_STYLE_FILL_AREA(#20121);
#20121 = FILL_AREA_STYLE('',(#20122));
#20122 = FILL_AREA_STYLE_COLOUR('',#18898);
#20123 = CURVE_STYLE('',#20124,POSITIVE_LENGTH_MEASURE(0.1),#18898);
#20124 = DRAUGHTING_PRE_DEFINED_CURVE_FONT('continuous');
#20125 = STYLED_ITEM('color',(#20126),#6398);
#20126 = PRESENTATION_STYLE_ASSIGNMENT((#20127,#20132));
#20127 = SURFACE_STYLE_USAGE(.BOTH.,#20128);
#20128 = SURFACE_SIDE_STYLE('',(#20129));
#20129 = SURFACE_STYLE_FILL_AREA(#20130);
#20130 = FILL_AREA_STYLE('',(#20131));
#20131 = FILL_AREA_STYLE_COLOUR('',#18898);
#20132 = CURVE_STYLE('',#20133,POSITIVE_LENGTH_MEASURE(0.1),#18898);
#20133 = DRAUGHTING_PRE_DEFINED_CURVE_FONT('continuous');
#20134 = STYLED_ITEM('color',(#20135),#6410);
#20135 = PRESENTATION_STYLE_ASSIGNMENT((#20136,#20141));
#20136 = SURFACE_STYLE_USAGE(.BOTH.,#20137);
#20137 = SURFACE_SIDE_STYLE('',(#20138));
#20138 = SURFACE_STYLE_FILL_AREA(#20139);
#20139 = FILL_AREA_STYLE('',(#20140));
#20140 = FILL_AREA_STYLE_COLOUR('',#18898);
#20141 = CURVE_STYLE('',#20142,POSITIVE_LENGTH_MEASURE(0.1),#18898);
#20142 = DRAUGHTING_PRE_DEFINED_CURVE_FONT('continuous');
#20143 = STYLED_ITEM('color',(#20144),#6427);
#20144 = PRESENTATION_STYLE_ASSIGNMENT((#20145,#20150));
#20145 = SURFACE_STYLE_USAGE(.BOTH.,#20146);
#20146 = SURFACE_SIDE_STYLE('',(#20147));
#20147 = SURFACE_STYLE_FILL_AREA(#20148);
#20148 = FILL_AREA_STYLE('',(#20149));
#20149 = FILL_AREA_STYLE_COLOUR('',#18898);
#20150 = CURVE_STYLE('',#20151,POSITIVE_LENGTH_MEASURE(0.1),#18898);
#20151 = DRAUGHTING_PRE_DEFINED_CURVE_FONT('continuous');
#20152 = STYLED_ITEM('color',(#20153),#6444);
#20153 = PRESENTATION_STYLE_ASSIGNMENT((#20154,#20159));
#20154 = SURFACE_STYLE_USAGE(.BOTH.,#20155);
#20155 = SURFACE_SIDE_STYLE('',(#20156));
#20156 = SURFACE_STYLE_FILL_AREA(#20157);
#20157 = FILL_AREA_STYLE('',(#20158));
#20158 = FILL_AREA_STYLE_COLOUR('',#18898);
#20159 = CURVE_STYLE('',#20160,POSITIVE_LENGTH_MEASURE(0.1),#18898);
#20160 = DRAUGHTING_PRE_DEFINED_CURVE_FONT('continuous');
#20161 = STYLED_ITEM('color',(#20162),#6461);
#20162 = PRESENTATION_STYLE_ASSIGNMENT((#20163,#20168));
#20163 = SURFACE_STYLE_USAGE(.BOTH.,#20164);
#20164 = SURFACE_SIDE_STYLE('',(#20165));
#20165 = SURFACE_STYLE_FILL_AREA(#20166);
#20166 = FILL_AREA_STYLE('',(#20167));
#20167 = FILL_AREA_STYLE_COLOUR('',#18898);
#20168 = CURVE_STYLE('',#20169,POSITIVE_LENGTH_MEASURE(0.1),#18898);
#20169 = DRAUGHTING_PRE_DEFINED_CURVE_FONT('continuous');
#20170 = STYLED_ITEM('color',(#20171),#6478);
#20171 = PRESENTATION_STYLE_ASSIGNMENT((#20172,#20177));
#20172 = SURFACE_STYLE_USAGE(.BOTH.,#20173);
#20173 = SURFACE_SIDE_STYLE('',(#20174));
#20174 = SURFACE_STYLE_FILL_AREA(#20175);
#20175 = FILL_AREA_STYLE('',(#20176));
#20176 = FILL_AREA_STYLE_COLOUR('',#18898);
#20177 = CURVE_STYLE('',#20178,POSITIVE_LENGTH_MEASURE(0.1),#18898);
#20178 = DRAUGHTING_PRE_DEFINED_CURVE_FONT('continuous');
#20179 = STYLED_ITEM('color',(#20180),#6490);
#20180 = PRESENTATION_STYLE_ASSIGNMENT((#20181,#20186));
#20181 = SURFACE_STYLE_USAGE(.BOTH.,#20182);
#20182 = SURFACE_SIDE_STYLE('',(#20183));
#20183 = SURFACE_STYLE_FILL_AREA(#20184);
#20184 = FILL_AREA_STYLE('',(#20185));
#20185 = FILL_AREA_STYLE_COLOUR('',#18898);
#20186 = CURVE_STYLE('',#20187,POSITIVE_LENGTH_MEASURE(0.1),#18898);
#20187 = DRAUGHTING_PRE_DEFINED_CURVE_FONT('continuous');
#20188 = STYLED_ITEM('color',(#20189),#6507);
#20189 = PRESENTATION_STYLE_ASSIGNMENT((#20190,#20195));
#20190 = SURFACE_STYLE_USAGE(.BOTH.,#20191);
#20191 = SURFACE_SIDE_STYLE('',(#20192));
#20192 = SURFACE_STYLE_FILL_AREA(#20193);
#20193 = FILL_AREA_STYLE('',(#20194));
#20194 = FILL_AREA_STYLE_COLOUR('',#18898);
#20195 = CURVE_STYLE('',#20196,POSITIVE_LENGTH_MEASURE(0.1),#18898);
#20196 = DRAUGHTING_PRE_DEFINED_CURVE_FONT('continuous');
#20197 = STYLED_ITEM('color',(#20198),#6524);
#20198 = PRESENTATION_STYLE_ASSIGNMENT((#20199,#20204));
#20199 = SURFACE_STYLE_USAGE(.BOTH.,#20200);
#20200 = SURFACE_SIDE_STYLE('',(#20201));
#20201 = SURFACE_STYLE_FILL_AREA(#20202);
#20202 = FILL_AREA_STYLE('',(#20203));
#20203 = FILL_AREA_STYLE_COLOUR('',#18898);
#20204 = CURVE_STYLE('',#20205,POSITIVE_LENGTH_MEASURE(0.1),#18898);
#20205 = DRAUGHTING_PRE_DEFINED_CURVE_FONT('continuous');
#20206 = STYLED_ITEM('color',(#20207),#6541);
#20207 = PRESENTATION_STYLE_ASSIGNMENT((#20208,#20213));
#20208 = SURFACE_STYLE_USAGE(.BOTH.,#20209);
#20209 = SURFACE_SIDE_STYLE('',(#20210));
#20210 = SURFACE_STYLE_FILL_AREA(#20211);
#20211 = FILL_AREA_STYLE('',(#20212));
#20212 = FILL_AREA_STYLE_COLOUR('',#18898);
#20213 = CURVE_STYLE('',#20214,POSITIVE_LENGTH_MEASURE(0.1),#18898);
#20214 = DRAUGHTING_PRE_DEFINED_CURVE_FONT('continuous');
#20215 = STYLED_ITEM('color',(#20216),#6558);
#20216 = PRESENTATION_STYLE_ASSIGNMENT((#20217,#20222));
#20217 = SURFACE_STYLE_USAGE(.BOTH.,#20218);
#20218 = SURFACE_SIDE_STYLE('',(#20219));
#20219 = SURFACE_STYLE_FILL_AREA(#20220);
#20220 = FILL_AREA_STYLE('',(#20221));
#20221 = FILL_AREA_STYLE_COLOUR('',#18898);
#20222 = CURVE_STYLE('',#20223,POSITIVE_LENGTH_MEASURE(0.1),#18898);
#20223 = DRAUGHTING_PRE_DEFINED_CURVE_FONT('continuous');
#20224 = STYLED_ITEM('color',(#20225),#6570);
#20225 = PRESENTATION_STYLE_ASSIGNMENT((#20226,#20231));
#20226 = SURFACE_STYLE_USAGE(.BOTH.,#20227);
#20227 = SURFACE_SIDE_STYLE('',(#20228));
#20228 = SURFACE_STYLE_FILL_AREA(#20229);
#20229 = FILL_AREA_STYLE('',(#20230));
#20230 = FILL_AREA_STYLE_COLOUR('',#18898);
#20231 = CURVE_STYLE('',#20232,POSITIVE_LENGTH_MEASURE(0.1),#18898);
#20232 = DRAUGHTING_PRE_DEFINED_CURVE_FONT('continuous');
#20233 = STYLED_ITEM('color',(#20234),#6587);
#20234 = PRESENTATION_STYLE_ASSIGNMENT((#20235,#20240));
#20235 = SURFACE_STYLE_USAGE(.BOTH.,#20236);
#20236 = SURFACE_SIDE_STYLE('',(#20237));
#20237 = SURFACE_STYLE_FILL_AREA(#20238);
#20238 = FILL_AREA_STYLE('',(#20239));
#20239 = FILL_AREA_STYLE_COLOUR('',#18898);
#20240 = CURVE_STYLE('',#20241,POSITIVE_LENGTH_MEASURE(0.1),#18898);
#20241 = DRAUGHTING_PRE_DEFINED_CURVE_FONT('continuous');
#20242 = STYLED_ITEM('color',(#20243),#6604);
#20243 = PRESENTATION_STYLE_ASSIGNMENT((#20244,#20249));
#20244 = SURFACE_STYLE_USAGE(.BOTH.,#20245);
#20245 = SURFACE_SIDE_STYLE('',(#20246));
#20246 = SURFACE_STYLE_FILL_AREA(#20247);
#20247 = FILL_AREA_STYLE('',(#20248));
#20248 = FILL_AREA_STYLE_COLOUR('',#18898);
#20249 = CURVE_STYLE('',#20250,POSITIVE_LENGTH_MEASURE(0.1),#18898);
#20250 = DRAUGHTING_PRE_DEFINED_CURVE_FONT('continuous');
#20251 = STYLED_ITEM('color',(#20252),#6621);
#20252 = PRESENTATION_STYLE_ASSIGNMENT((#20253,#20258));
#20253 = SURFACE_STYLE_USAGE(.BOTH.,#20254);
#20254 = SURFACE_SIDE_STYLE('',(#20255));
#20255 = SURFACE_STYLE_FILL_AREA(#20256);
#20256 = FILL_AREA_STYLE('',(#20257));
#20257 = FILL_AREA_STYLE_COLOUR('',#18898);
#20258 = CURVE_STYLE('',#20259,POSITIVE_LENGTH_MEASURE(0.1),#18898);
#20259 = DRAUGHTING_PRE_DEFINED_CURVE_FONT('continuous');
#20260 = STYLED_ITEM('color',(#20261),#6638);
#20261 = PRESENTATION_STYLE_ASSIGNMENT((#20262,#20267));
#20262 = SURFACE_STYLE_USAGE(.BOTH.,#20263);
#20263 = SURFACE_SIDE_STYLE('',(#20264));
#20264 = SURFACE_STYLE_FILL_AREA(#20265);
#20265 = FILL_AREA_STYLE('',(#20266));
#20266 = FILL_AREA_STYLE_COLOUR('',#18898);
#20267 = CURVE_STYLE('',#20268,POSITIVE_LENGTH_MEASURE(0.1),#18898);
#20268 = DRAUGHTING_PRE_DEFINED_CURVE_FONT('continuous');
#20269 = STYLED_ITEM('color',(#20270),#6650);
#20270 = PRESENTATION_STYLE_ASSIGNMENT((#20271,#20276));
#20271 = SURFACE_STYLE_USAGE(.BOTH.,#20272);
#20272 = SURFACE_SIDE_STYLE('',(#20273));
#20273 = SURFACE_STYLE_FILL_AREA(#20274);
#20274 = FILL_AREA_STYLE('',(#20275));
#20275 = FILL_AREA_STYLE_COLOUR('',#18898);
#20276 = CURVE_STYLE('',#20277,POSITIVE_LENGTH_MEASURE(0.1),#18898);
#20277 = DRAUGHTING_PRE_DEFINED_CURVE_FONT('continuous');
#20278 = STYLED_ITEM('color',(#20279),#6667);
#20279 = PRESENTATION_STYLE_ASSIGNMENT((#20280,#20285));
#20280 = SURFACE_STYLE_USAGE(.BOTH.,#20281);
#20281 = SURFACE_SIDE_STYLE('',(#20282));
#20282 = SURFACE_STYLE_FILL_AREA(#20283);
#20283 = FILL_AREA_STYLE('',(#20284));
#20284 = FILL_AREA_STYLE_COLOUR('',#18898);
#20285 = CURVE_STYLE('',#20286,POSITIVE_LENGTH_MEASURE(0.1),#18898);
#20286 = DRAUGHTING_PRE_DEFINED_CURVE_FONT('continuous');
#20287 = STYLED_ITEM('color',(#20288),#6684);
#20288 = PRESENTATION_STYLE_ASSIGNMENT((#20289,#20294));
#20289 = SURFACE_STYLE_USAGE(.BOTH.,#20290);
#20290 = SURFACE_SIDE_STYLE('',(#20291));
#20291 = SURFACE_STYLE_FILL_AREA(#20292);
#20292 = FILL_AREA_STYLE('',(#20293));
#20293 = FILL_AREA_STYLE_COLOUR('',#18898);
#20294 = CURVE_STYLE('',#20295,POSITIVE_LENGTH_MEASURE(0.1),#18898);
#20295 = DRAUGHTING_PRE_DEFINED_CURVE_FONT('continuous');
#20296 = STYLED_ITEM('color',(#20297),#6701);
#20297 = PRESENTATION_STYLE_ASSIGNMENT((#20298,#20303));
#20298 = SURFACE_STYLE_USAGE(.BOTH.,#20299);
#20299 = SURFACE_SIDE_STYLE('',(#20300));
#20300 = SURFACE_STYLE_FILL_AREA(#20301);
#20301 = FILL_AREA_STYLE('',(#20302));
#20302 = FILL_AREA_STYLE_COLOUR('',#18898);
#20303 = CURVE_STYLE('',#20304,POSITIVE_LENGTH_MEASURE(0.1),#18898);
#20304 = DRAUGHTING_PRE_DEFINED_CURVE_FONT('continuous');
#20305 = STYLED_ITEM('color',(#20306),#6718);
#20306 = PRESENTATION_STYLE_ASSIGNMENT((#20307,#20312));
#20307 = SURFACE_STYLE_USAGE(.BOTH.,#20308);
#20308 = SURFACE_SIDE_STYLE('',(#20309));
#20309 = SURFACE_STYLE_FILL_AREA(#20310);
#20310 = FILL_AREA_STYLE('',(#20311));
#20311 = FILL_AREA_STYLE_COLOUR('',#18898);
#20312 = CURVE_STYLE('',#20313,POSITIVE_LENGTH_MEASURE(0.1),#18898);
#20313 = DRAUGHTING_PRE_DEFINED_CURVE_FONT('continuous');
#20314 = STYLED_ITEM('color',(#20315),#6730);
#20315 = PRESENTATION_STYLE_ASSIGNMENT((#20316,#20321));
#20316 = SURFACE_STYLE_USAGE(.BOTH.,#20317);
#20317 = SURFACE_SIDE_STYLE('',(#20318));
#20318 = SURFACE_STYLE_FILL_AREA(#20319);
#20319 = FILL_AREA_STYLE('',(#20320));
#20320 = FILL_AREA_STYLE_COLOUR('',#18898);
#20321 = CURVE_STYLE('',#20322,POSITIVE_LENGTH_MEASURE(0.1),#18898);
#20322 = DRAUGHTING_PRE_DEFINED_CURVE_FONT('continuous');
#20323 = STYLED_ITEM('color',(#20324),#6747);
#20324 = PRESENTATION_STYLE_ASSIGNMENT((#20325,#20330));
#20325 = SURFACE_STYLE_USAGE(.BOTH.,#20326);
#20326 = SURFACE_SIDE_STYLE('',(#20327));
#20327 = SURFACE_STYLE_FILL_AREA(#20328);
#20328 = FILL_AREA_STYLE('',(#20329));
#20329 = FILL_AREA_STYLE_COLOUR('',#18898);
#20330 = CURVE_STYLE('',#20331,POSITIVE_LENGTH_MEASURE(0.1),#18898);
#20331 = DRAUGHTING_PRE_DEFINED_CURVE_FONT('continuous');
#20332 = STYLED_ITEM('color',(#20333),#6764);
#20333 = PRESENTATION_STYLE_ASSIGNMENT((#20334,#20339));
#20334 = SURFACE_STYLE_USAGE(.BOTH.,#20335);
#20335 = SURFACE_SIDE_STYLE('',(#20336));
#20336 = SURFACE_STYLE_FILL_AREA(#20337);
#20337 = FILL_AREA_STYLE('',(#20338));
#20338 = FILL_AREA_STYLE_COLOUR('',#18898);
#20339 = CURVE_STYLE('',#20340,POSITIVE_LENGTH_MEASURE(0.1),#18898);
#20340 = DRAUGHTING_PRE_DEFINED_CURVE_FONT('continuous');
#20341 = STYLED_ITEM('color',(#20342),#6781);
#20342 = PRESENTATION_STYLE_ASSIGNMENT((#20343,#20348));
#20343 = SURFACE_STYLE_USAGE(.BOTH.,#20344);
#20344 = SURFACE_SIDE_STYLE('',(#20345));
#20345 = SURFACE_STYLE_FILL_AREA(#20346);
#20346 = FILL_AREA_STYLE('',(#20347));
#20347 = FILL_AREA_STYLE_COLOUR('',#18898);
#20348 = CURVE_STYLE('',#20349,POSITIVE_LENGTH_MEASURE(0.1),#18898);
#20349 = DRAUGHTING_PRE_DEFINED_CURVE_FONT('continuous');
#20350 = STYLED_ITEM('color',(#20351),#6798);
#20351 = PRESENTATION_STYLE_ASSIGNMENT((#20352,#20357));
#20352 = SURFACE_STYLE_USAGE(.BOTH.,#20353);
#20353 = SURFACE_SIDE_STYLE('',(#20354));
#20354 = SURFACE_STYLE_FILL_AREA(#20355);
#20355 = FILL_AREA_STYLE('',(#20356));
#20356 = FILL_AREA_STYLE_COLOUR('',#18898);
#20357 = CURVE_STYLE('',#20358,POSITIVE_LENGTH_MEASURE(0.1),#18898);
#20358 = DRAUGHTING_PRE_DEFINED_CURVE_FONT('continuous');
#20359 = STYLED_ITEM('color',(#20360),#6810);
#20360 = PRESENTATION_STYLE_ASSIGNMENT((#20361,#20366));
#20361 = SURFACE_STYLE_USAGE(.BOTH.,#20362);
#20362 = SURFACE_SIDE_STYLE('',(#20363));
#20363 = SURFACE_STYLE_FILL_AREA(#20364);
#20364 = FILL_AREA_STYLE('',(#20365));
#20365 = FILL_AREA_STYLE_COLOUR('',#17724);
#20366 = CURVE_STYLE('',#20367,POSITIVE_LENGTH_MEASURE(0.1),#17724);
#20367 = DRAUGHTING_PRE_DEFINED_CURVE_FONT('continuous');
#20368 = OVER_RIDING_STYLED_ITEM('overriding color',(#20369),#6817,
  #20359);
#20369 = PRESENTATION_STYLE_ASSIGNMENT((#20370,#20375));
#20370 = SURFACE_STYLE_USAGE(.BOTH.,#20371);
#20371 = SURFACE_SIDE_STYLE('',(#20372));
#20372 = SURFACE_STYLE_FILL_AREA(#20373);
#20373 = FILL_AREA_STYLE('',(#20374));
#20374 = FILL_AREA_STYLE_COLOUR('',#18898);
#20375 = CURVE_STYLE('',#20376,POSITIVE_LENGTH_MEASURE(0.1),#18898);
#20376 = DRAUGHTING_PRE_DEFINED_CURVE_FONT('continuous');
#20377 = STYLED_ITEM('color',(#20378),#6827);
#20378 = PRESENTATION_STYLE_ASSIGNMENT((#20379,#20384));
#20379 = SURFACE_STYLE_USAGE(.BOTH.,#20380);
#20380 = SURFACE_SIDE_STYLE('',(#20381));
#20381 = SURFACE_STYLE_FILL_AREA(#20382);
#20382 = FILL_AREA_STYLE('',(#20383));
#20383 = FILL_AREA_STYLE_COLOUR('',#17724);
#20384 = CURVE_STYLE('',#20385,POSITIVE_LENGTH_MEASURE(0.1),#17724);
#20385 = DRAUGHTING_PRE_DEFINED_CURVE_FONT('continuous');
#20386 = OVER_RIDING_STYLED_ITEM('overriding color',(#20387),#6832,
  #20377);
#20387 = PRESENTATION_STYLE_ASSIGNMENT((#20388,#20393));
#20388 = SURFACE_STYLE_USAGE(.BOTH.,#20389);
#20389 = SURFACE_SIDE_STYLE('',(#20390));
#20390 = SURFACE_STYLE_FILL_AREA(#20391);
#20391 = FILL_AREA_STYLE('',(#20392));
#20392 = FILL_AREA_STYLE_COLOUR('',#18898);
#20393 = CURVE_STYLE('',#20394,POSITIVE_LENGTH_MEASURE(0.1),#18898);
#20394 = DRAUGHTING_PRE_DEFINED_CURVE_FONT('continuous');
#20395 = STYLED_ITEM('color',(#20396),#6844);
#20396 = PRESENTATION_STYLE_ASSIGNMENT((#20397,#20402));
#20397 = SURFACE_STYLE_USAGE(.BOTH.,#20398);
#20398 = SURFACE_SIDE_STYLE('',(#20399));
#20399 = SURFACE_STYLE_FILL_AREA(#20400);
#20400 = FILL_AREA_STYLE('',(#20401));
#20401 = FILL_AREA_STYLE_COLOUR('',#18898);
#20402 = CURVE_STYLE('',#20403,POSITIVE_LENGTH_MEASURE(0.1),#18898);
#20403 = DRAUGHTING_PRE_DEFINED_CURVE_FONT('continuous');
#20404 = STYLED_ITEM('color',(#20405),#6893);
#20405 = PRESENTATION_STYLE_ASSIGNMENT((#20406,#20411));
#20406 = SURFACE_STYLE_USAGE(.BOTH.,#20407);
#20407 = SURFACE_SIDE_STYLE('',(#20408));
#20408 = SURFACE_STYLE_FILL_AREA(#20409);
#20409 = FILL_AREA_STYLE('',(#20410));
#20410 = FILL_AREA_STYLE_COLOUR('',#18898);
#20411 = CURVE_STYLE('',#20412,POSITIVE_LENGTH_MEASURE(0.1),#18898);
#20412 = DRAUGHTING_PRE_DEFINED_CURVE_FONT('continuous');
#20413 = STYLED_ITEM('color',(#20414),#6917);
#20414 = PRESENTATION_STYLE_ASSIGNMENT((#20415,#20420));
#20415 = SURFACE_STYLE_USAGE(.BOTH.,#20416);
#20416 = SURFACE_SIDE_STYLE('',(#20417));
#20417 = SURFACE_STYLE_FILL_AREA(#20418);
#20418 = FILL_AREA_STYLE('',(#20419));
#20419 = FILL_AREA_STYLE_COLOUR('',#18898);
#20420 = CURVE_STYLE('',#20421,POSITIVE_LENGTH_MEASURE(0.1),#18898);
#20421 = DRAUGHTING_PRE_DEFINED_CURVE_FONT('continuous');
#20422 = STYLED_ITEM('color',(#20423),#6959);
#20423 = PRESENTATION_STYLE_ASSIGNMENT((#20424,#20429));
#20424 = SURFACE_STYLE_USAGE(.BOTH.,#20425);
#20425 = SURFACE_SIDE_STYLE('',(#20426));
#20426 = SURFACE_STYLE_FILL_AREA(#20427);
#20427 = FILL_AREA_STYLE('',(#20428));
#20428 = FILL_AREA_STYLE_COLOUR('',#18898);
#20429 = CURVE_STYLE('',#20430,POSITIVE_LENGTH_MEASURE(0.1),#18898);
#20430 = DRAUGHTING_PRE_DEFINED_CURVE_FONT('continuous');
#20431 = STYLED_ITEM('color',(#20432),#6976);
#20432 = PRESENTATION_STYLE_ASSIGNMENT((#20433,#20438));
#20433 = SURFACE_STYLE_USAGE(.BOTH.,#20434);
#20434 = SURFACE_SIDE_STYLE('',(#20435));
#20435 = SURFACE_STYLE_FILL_AREA(#20436);
#20436 = FILL_AREA_STYLE('',(#20437));
#20437 = FILL_AREA_STYLE_COLOUR('',#17724);
#20438 = CURVE_STYLE('',#20439,POSITIVE_LENGTH_MEASURE(0.1),#17724);
#20439 = DRAUGHTING_PRE_DEFINED_CURVE_FONT('continuous');
#20440 = OVER_RIDING_STYLED_ITEM('overriding color',(#20441),#6983,
  #20431);
#20441 = PRESENTATION_STYLE_ASSIGNMENT((#20442,#20447));
#20442 = SURFACE_STYLE_USAGE(.BOTH.,#20443);
#20443 = SURFACE_SIDE_STYLE('',(#20444));
#20444 = SURFACE_STYLE_FILL_AREA(#20445);
#20445 = FILL_AREA_STYLE('',(#20446));
#20446 = FILL_AREA_STYLE_COLOUR('',#18898);
#20447 = CURVE_STYLE('',#20448,POSITIVE_LENGTH_MEASURE(0.1),#18898);
#20448 = DRAUGHTING_PRE_DEFINED_CURVE_FONT('continuous');
#20449 = STYLED_ITEM('color',(#20450),#6993);
#20450 = PRESENTATION_STYLE_ASSIGNMENT((#20451,#20456));
#20451 = SURFACE_STYLE_USAGE(.BOTH.,#20452);
#20452 = SURFACE_SIDE_STYLE('',(#20453));
#20453 = SURFACE_STYLE_FILL_AREA(#20454);
#20454 = FILL_AREA_STYLE('',(#20455));
#20455 = FILL_AREA_STYLE_COLOUR('',#17724);
#20456 = CURVE_STYLE('',#20457,POSITIVE_LENGTH_MEASURE(0.1),#17724);
#20457 = DRAUGHTING_PRE_DEFINED_CURVE_FONT('continuous');
#20458 = OVER_RIDING_STYLED_ITEM('overriding color',(#20459),#6998,
  #20449);
#20459 = PRESENTATION_STYLE_ASSIGNMENT((#20460,#20465));
#20460 = SURFACE_STYLE_USAGE(.BOTH.,#20461);
#20461 = SURFACE_SIDE_STYLE('',(#20462));
#20462 = SURFACE_STYLE_FILL_AREA(#20463);
#20463 = FILL_AREA_STYLE('',(#20464));
#20464 = FILL_AREA_STYLE_COLOUR('',#18898);
#20465 = CURVE_STYLE('',#20466,POSITIVE_LENGTH_MEASURE(0.1),#18898);
#20466 = DRAUGHTING_PRE_DEFINED_CURVE_FONT('continuous');
#20467 = STYLED_ITEM('color',(#20468),#7010);
#20468 = PRESENTATION_STYLE_ASSIGNMENT((#20469,#20474));
#20469 = SURFACE_STYLE_USAGE(.BOTH.,#20470);
#20470 = SURFACE_SIDE_STYLE('',(#20471));
#20471 = SURFACE_STYLE_FILL_AREA(#20472);
#20472 = FILL_AREA_STYLE('',(#20473));
#20473 = FILL_AREA_STYLE_COLOUR('',#18898);
#20474 = CURVE_STYLE('',#20475,POSITIVE_LENGTH_MEASURE(0.1),#18898);
#20475 = DRAUGHTING_PRE_DEFINED_CURVE_FONT('continuous');
#20476 = STYLED_ITEM('color',(#20477),#7059);
#20477 = PRESENTATION_STYLE_ASSIGNMENT((#20478,#20483));
#20478 = SURFACE_STYLE_USAGE(.BOTH.,#20479);
#20479 = SURFACE_SIDE_STYLE('',(#20480));
#20480 = SURFACE_STYLE_FILL_AREA(#20481);
#20481 = FILL_AREA_STYLE('',(#20482));
#20482 = FILL_AREA_STYLE_COLOUR('',#18898);
#20483 = CURVE_STYLE('',#20484,POSITIVE_LENGTH_MEASURE(0.1),#18898);
#20484 = DRAUGHTING_PRE_DEFINED_CURVE_FONT('continuous');
#20485 = STYLED_ITEM('color',(#20486),#7083);
#20486 = PRESENTATION_STYLE_ASSIGNMENT((#20487,#20492));
#20487 = SURFACE_STYLE_USAGE(.BOTH.,#20488);
#20488 = SURFACE_SIDE_STYLE('',(#20489));
#20489 = SURFACE_STYLE_FILL_AREA(#20490);
#20490 = FILL_AREA_STYLE('',(#20491));
#20491 = FILL_AREA_STYLE_COLOUR('',#18898);
#20492 = CURVE_STYLE('',#20493,POSITIVE_LENGTH_MEASURE(0.1),#18898);
#20493 = DRAUGHTING_PRE_DEFINED_CURVE_FONT('continuous');
#20494 = STYLED_ITEM('color',(#20495),#7125);
#20495 = PRESENTATION_STYLE_ASSIGNMENT((#20496,#20501));
#20496 = SURFACE_STYLE_USAGE(.BOTH.,#20497);
#20497 = SURFACE_SIDE_STYLE('',(#20498));
#20498 = SURFACE_STYLE_FILL_AREA(#20499);
#20499 = FILL_AREA_STYLE('',(#20500));
#20500 = FILL_AREA_STYLE_COLOUR('',#18898);
#20501 = CURVE_STYLE('',#20502,POSITIVE_LENGTH_MEASURE(0.1),#18898);
#20502 = DRAUGHTING_PRE_DEFINED_CURVE_FONT('continuous');
#20503 = STYLED_ITEM('color',(#20504),#7142);
#20504 = PRESENTATION_STYLE_ASSIGNMENT((#20505,#20510));
#20505 = SURFACE_STYLE_USAGE(.BOTH.,#20506);
#20506 = SURFACE_SIDE_STYLE('',(#20507));
#20507 = SURFACE_STYLE_FILL_AREA(#20508);
#20508 = FILL_AREA_STYLE('',(#20509));
#20509 = FILL_AREA_STYLE_COLOUR('',#17724);
#20510 = CURVE_STYLE('',#20511,POSITIVE_LENGTH_MEASURE(0.1),#17724);
#20511 = DRAUGHTING_PRE_DEFINED_CURVE_FONT('continuous');
#20512 = OVER_RIDING_STYLED_ITEM('overriding color',(#20513),#7149,
  #20503);
#20513 = PRESENTATION_STYLE_ASSIGNMENT((#20514,#20519));
#20514 = SURFACE_STYLE_USAGE(.BOTH.,#20515);
#20515 = SURFACE_SIDE_STYLE('',(#20516));
#20516 = SURFACE_STYLE_FILL_AREA(#20517);
#20517 = FILL_AREA_STYLE('',(#20518));
#20518 = FILL_AREA_STYLE_COLOUR('',#18898);
#20519 = CURVE_STYLE('',#20520,POSITIVE_LENGTH_MEASURE(0.1),#18898);
#20520 = DRAUGHTING_PRE_DEFINED_CURVE_FONT('continuous');
#20521 = STYLED_ITEM('color',(#20522),#7159);
#20522 = PRESENTATION_STYLE_ASSIGNMENT((#20523,#20528));
#20523 = SURFACE_STYLE_USAGE(.BOTH.,#20524);
#20524 = SURFACE_SIDE_STYLE('',(#20525));
#20525 = SURFACE_STYLE_FILL_AREA(#20526);
#20526 = FILL_AREA_STYLE('',(#20527));
#20527 = FILL_AREA_STYLE_COLOUR('',#17724);
#20528 = CURVE_STYLE('',#20529,POSITIVE_LENGTH_MEASURE(0.1),#17724);
#20529 = DRAUGHTING_PRE_DEFINED_CURVE_FONT('continuous');
#20530 = OVER_RIDING_STYLED_ITEM('overriding color',(#20531),#7164,
  #20521);
#20531 = PRESENTATION_STYLE_ASSIGNMENT((#20532,#20537));
#20532 = SURFACE_STYLE_USAGE(.BOTH.,#20533);
#20533 = SURFACE_SIDE_STYLE('',(#20534));
#20534 = SURFACE_STYLE_FILL_AREA(#20535);
#20535 = FILL_AREA_STYLE('',(#20536));
#20536 = FILL_AREA_STYLE_COLOUR('',#18898);
#20537 = CURVE_STYLE('',#20538,POSITIVE_LENGTH_MEASURE(0.1),#18898);
#20538 = DRAUGHTING_PRE_DEFINED_CURVE_FONT('continuous');
#20539 = STYLED_ITEM('color',(#20540),#7176);
#20540 = PRESENTATION_STYLE_ASSIGNMENT((#20541,#20546));
#20541 = SURFACE_STYLE_USAGE(.BOTH.,#20542);
#20542 = SURFACE_SIDE_STYLE('',(#20543));
#20543 = SURFACE_STYLE_FILL_AREA(#20544);
#20544 = FILL_AREA_STYLE('',(#20545));
#20545 = FILL_AREA_STYLE_COLOUR('',#18898);
#20546 = CURVE_STYLE('',#20547,POSITIVE_LENGTH_MEASURE(0.1),#18898);
#20547 = DRAUGHTING_PRE_DEFINED_CURVE_FONT('continuous');
#20548 = STYLED_ITEM('color',(#20549),#7225);
#20549 = PRESENTATION_STYLE_ASSIGNMENT((#20550,#20555));
#20550 = SURFACE_STYLE_USAGE(.BOTH.,#20551);
#20551 = SURFACE_SIDE_STYLE('',(#20552));
#20552 = SURFACE_STYLE_FILL_AREA(#20553);
#20553 = FILL_AREA_STYLE('',(#20554));
#20554 = FILL_AREA_STYLE_COLOUR('',#18898);
#20555 = CURVE_STYLE('',#20556,POSITIVE_LENGTH_MEASURE(0.1),#18898);
#20556 = DRAUGHTING_PRE_DEFINED_CURVE_FONT('continuous');
#20557 = STYLED_ITEM('color',(#20558),#7249);
#20558 = PRESENTATION_STYLE_ASSIGNMENT((#20559,#20564));
#20559 = SURFACE_STYLE_USAGE(.BOTH.,#20560);
#20560 = SURFACE_SIDE_STYLE('',(#20561));
#20561 = SURFACE_STYLE_FILL_AREA(#20562);
#20562 = FILL_AREA_STYLE('',(#20563));
#20563 = FILL_AREA_STYLE_COLOUR('',#18898);
#20564 = CURVE_STYLE('',#20565,POSITIVE_LENGTH_MEASURE(0.1),#18898);
#20565 = DRAUGHTING_PRE_DEFINED_CURVE_FONT('continuous');
#20566 = STYLED_ITEM('color',(#20567),#7291);
#20567 = PRESENTATION_STYLE_ASSIGNMENT((#20568,#20573));
#20568 = SURFACE_STYLE_USAGE(.BOTH.,#20569);
#20569 = SURFACE_SIDE_STYLE('',(#20570));
#20570 = SURFACE_STYLE_FILL_AREA(#20571);
#20571 = FILL_AREA_STYLE('',(#20572));
#20572 = FILL_AREA_STYLE_COLOUR('',#18898);
#20573 = CURVE_STYLE('',#20574,POSITIVE_LENGTH_MEASURE(0.1),#18898);
#20574 = DRAUGHTING_PRE_DEFINED_CURVE_FONT('continuous');
#20575 = STYLED_ITEM('color',(#20576),#7308);
#20576 = PRESENTATION_STYLE_ASSIGNMENT((#20577,#20582));
#20577 = SURFACE_STYLE_USAGE(.BOTH.,#20578);
#20578 = SURFACE_SIDE_STYLE('',(#20579));
#20579 = SURFACE_STYLE_FILL_AREA(#20580);
#20580 = FILL_AREA_STYLE('',(#20581));
#20581 = FILL_AREA_STYLE_COLOUR('',#17724);
#20582 = CURVE_STYLE('',#20583,POSITIVE_LENGTH_MEASURE(0.1),#17724);
#20583 = DRAUGHTING_PRE_DEFINED_CURVE_FONT('continuous');
#20584 = OVER_RIDING_STYLED_ITEM('overriding color',(#20585),#7315,
  #20575);
#20585 = PRESENTATION_STYLE_ASSIGNMENT((#20586,#20591));
#20586 = SURFACE_STYLE_USAGE(.BOTH.,#20587);
#20587 = SURFACE_SIDE_STYLE('',(#20588));
#20588 = SURFACE_STYLE_FILL_AREA(#20589);
#20589 = FILL_AREA_STYLE('',(#20590));
#20590 = FILL_AREA_STYLE_COLOUR('',#18898);
#20591 = CURVE_STYLE('',#20592,POSITIVE_LENGTH_MEASURE(0.1),#18898);
#20592 = DRAUGHTING_PRE_DEFINED_CURVE_FONT('continuous');
#20593 = STYLED_ITEM('color',(#20594),#7325);
#20594 = PRESENTATION_STYLE_ASSIGNMENT((#20595,#20600));
#20595 = SURFACE_STYLE_USAGE(.BOTH.,#20596);
#20596 = SURFACE_SIDE_STYLE('',(#20597));
#20597 = SURFACE_STYLE_FILL_AREA(#20598);
#20598 = FILL_AREA_STYLE('',(#20599));
#20599 = FILL_AREA_STYLE_COLOUR('',#17724);
#20600 = CURVE_STYLE('',#20601,POSITIVE_LENGTH_MEASURE(0.1),#17724);
#20601 = DRAUGHTING_PRE_DEFINED_CURVE_FONT('continuous');
#20602 = OVER_RIDING_STYLED_ITEM('overriding color',(#20603),#7330,
  #20593);
#20603 = PRESENTATION_STYLE_ASSIGNMENT((#20604,#20609));
#20604 = SURFACE_STYLE_USAGE(.BOTH.,#20605);
#20605 = SURFACE_SIDE_STYLE('',(#20606));
#20606 = SURFACE_STYLE_FILL_AREA(#20607);
#20607 = FILL_AREA_STYLE('',(#20608));
#20608 = FILL_AREA_STYLE_COLOUR('',#18898);
#20609 = CURVE_STYLE('',#20610,POSITIVE_LENGTH_MEASURE(0.1),#18898);
#20610 = DRAUGHTING_PRE_DEFINED_CURVE_FONT('continuous');
#20611 = STYLED_ITEM('color',(#20612),#7342);
#20612 = PRESENTATION_STYLE_ASSIGNMENT((#20613,#20618));
#20613 = SURFACE_STYLE_USAGE(.BOTH.,#20614);
#20614 = SURFACE_SIDE_STYLE('',(#20615));
#20615 = SURFACE_STYLE_FILL_AREA(#20616);
#20616 = FILL_AREA_STYLE('',(#20617));
#20617 = FILL_AREA_STYLE_COLOUR('',#18898);
#20618 = CURVE_STYLE('',#20619,POSITIVE_LENGTH_MEASURE(0.1),#18898);
#20619 = DRAUGHTING_PRE_DEFINED_CURVE_FONT('continuous');
#20620 = STYLED_ITEM('color',(#20621),#7391);
#20621 = PRESENTATION_STYLE_ASSIGNMENT((#20622,#20627));
#20622 = SURFACE_STYLE_USAGE(.BOTH.,#20623);
#20623 = SURFACE_SIDE_STYLE('',(#20624));
#20624 = SURFACE_STYLE_FILL_AREA(#20625);
#20625 = FILL_AREA_STYLE('',(#20626));
#20626 = FILL_AREA_STYLE_COLOUR('',#18898);
#20627 = CURVE_STYLE('',#20628,POSITIVE_LENGTH_MEASURE(0.1),#18898);
#20628 = DRAUGHTING_PRE_DEFINED_CURVE_FONT('continuous');
#20629 = STYLED_ITEM('color',(#20630),#7415);
#20630 = PRESENTATION_STYLE_ASSIGNMENT((#20631,#20636));
#20631 = SURFACE_STYLE_USAGE(.BOTH.,#20632);
#20632 = SURFACE_SIDE_STYLE('',(#20633));
#20633 = SURFACE_STYLE_FILL_AREA(#20634);
#20634 = FILL_AREA_STYLE('',(#20635));
#20635 = FILL_AREA_STYLE_COLOUR('',#18898);
#20636 = CURVE_STYLE('',#20637,POSITIVE_LENGTH_MEASURE(0.1),#18898);
#20637 = DRAUGHTING_PRE_DEFINED_CURVE_FONT('continuous');
#20638 = STYLED_ITEM('color',(#20639),#7457);
#20639 = PRESENTATION_STYLE_ASSIGNMENT((#20640,#20645));
#20640 = SURFACE_STYLE_USAGE(.BOTH.,#20641);
#20641 = SURFACE_SIDE_STYLE('',(#20642));
#20642 = SURFACE_STYLE_FILL_AREA(#20643);
#20643 = FILL_AREA_STYLE('',(#20644));
#20644 = FILL_AREA_STYLE_COLOUR('',#18898);
#20645 = CURVE_STYLE('',#20646,POSITIVE_LENGTH_MEASURE(0.1),#18898);
#20646 = DRAUGHTING_PRE_DEFINED_CURVE_FONT('continuous');
#20647 = STYLED_ITEM('color',(#20648),#7474);
#20648 = PRESENTATION_STYLE_ASSIGNMENT((#20649,#20654));
#20649 = SURFACE_STYLE_USAGE(.BOTH.,#20650);
#20650 = SURFACE_SIDE_STYLE('',(#20651));
#20651 = SURFACE_STYLE_FILL_AREA(#20652);
#20652 = FILL_AREA_STYLE('',(#20653));
#20653 = FILL_AREA_STYLE_COLOUR('',#17724);
#20654 = CURVE_STYLE('',#20655,POSITIVE_LENGTH_MEASURE(0.1),#17724);
#20655 = DRAUGHTING_PRE_DEFINED_CURVE_FONT('continuous');
#20656 = OVER_RIDING_STYLED_ITEM('overriding color',(#20657),#7481,
  #20647);
#20657 = PRESENTATION_STYLE_ASSIGNMENT((#20658,#20663));
#20658 = SURFACE_STYLE_USAGE(.BOTH.,#20659);
#20659 = SURFACE_SIDE_STYLE('',(#20660));
#20660 = SURFACE_STYLE_FILL_AREA(#20661);
#20661 = FILL_AREA_STYLE('',(#20662));
#20662 = FILL_AREA_STYLE_COLOUR('',#18898);
#20663 = CURVE_STYLE('',#20664,POSITIVE_LENGTH_MEASURE(0.1),#18898);
#20664 = DRAUGHTING_PRE_DEFINED_CURVE_FONT('continuous');
#20665 = STYLED_ITEM('color',(#20666),#7491);
#20666 = PRESENTATION_STYLE_ASSIGNMENT((#20667,#20672));
#20667 = SURFACE_STYLE_USAGE(.BOTH.,#20668);
#20668 = SURFACE_SIDE_STYLE('',(#20669));
#20669 = SURFACE_STYLE_FILL_AREA(#20670);
#20670 = FILL_AREA_STYLE('',(#20671));
#20671 = FILL_AREA_STYLE_COLOUR('',#17724);
#20672 = CURVE_STYLE('',#20673,POSITIVE_LENGTH_MEASURE(0.1),#17724);
#20673 = DRAUGHTING_PRE_DEFINED_CURVE_FONT('continuous');
#20674 = OVER_RIDING_STYLED_ITEM('overriding color',(#20675),#7496,
  #20665);
#20675 = PRESENTATION_STYLE_ASSIGNMENT((#20676,#20681));
#20676 = SURFACE_STYLE_USAGE(.BOTH.,#20677);
#20677 = SURFACE_SIDE_STYLE('',(#20678));
#20678 = SURFACE_STYLE_FILL_AREA(#20679);
#20679 = FILL_AREA_STYLE('',(#20680));
#20680 = FILL_AREA_STYLE_COLOUR('',#18898);
#20681 = CURVE_STYLE('',#20682,POSITIVE_LENGTH_MEASURE(0.1),#18898);
#20682 = DRAUGHTING_PRE_DEFINED_CURVE_FONT('continuous');
#20683 = STYLED_ITEM('color',(#20684),#7508);
#20684 = PRESENTATION_STYLE_ASSIGNMENT((#20685,#20690));
#20685 = SURFACE_STYLE_USAGE(.BOTH.,#20686);
#20686 = SURFACE_SIDE_STYLE('',(#20687));
#20687 = SURFACE_STYLE_FILL_AREA(#20688);
#20688 = FILL_AREA_STYLE('',(#20689));
#20689 = FILL_AREA_STYLE_COLOUR('',#18898);
#20690 = CURVE_STYLE('',#20691,POSITIVE_LENGTH_MEASURE(0.1),#18898);
#20691 = DRAUGHTING_PRE_DEFINED_CURVE_FONT('continuous');
#20692 = STYLED_ITEM('color',(#20693),#7557);
#20693 = PRESENTATION_STYLE_ASSIGNMENT((#20694,#20699));
#20694 = SURFACE_STYLE_USAGE(.BOTH.,#20695);
#20695 = SURFACE_SIDE_STYLE('',(#20696));
#20696 = SURFACE_STYLE_FILL_AREA(#20697);
#20697 = FILL_AREA_STYLE('',(#20698));
#20698 = FILL_AREA_STYLE_COLOUR('',#18898);
#20699 = CURVE_STYLE('',#20700,POSITIVE_LENGTH_MEASURE(0.1),#18898);
#20700 = DRAUGHTING_PRE_DEFINED_CURVE_FONT('continuous');
#20701 = STYLED_ITEM('color',(#20702),#7581);
#20702 = PRESENTATION_STYLE_ASSIGNMENT((#20703,#20708));
#20703 = SURFACE_STYLE_USAGE(.BOTH.,#20704);
#20704 = SURFACE_SIDE_STYLE('',(#20705));
#20705 = SURFACE_STYLE_FILL_AREA(#20706);
#20706 = FILL_AREA_STYLE('',(#20707));
#20707 = FILL_AREA_STYLE_COLOUR('',#18898);
#20708 = CURVE_STYLE('',#20709,POSITIVE_LENGTH_MEASURE(0.1),#18898);
#20709 = DRAUGHTING_PRE_DEFINED_CURVE_FONT('continuous');
#20710 = STYLED_ITEM('color',(#20711),#7623);
#20711 = PRESENTATION_STYLE_ASSIGNMENT((#20712,#20717));
#20712 = SURFACE_STYLE_USAGE(.BOTH.,#20713);
#20713 = SURFACE_SIDE_STYLE('',(#20714));
#20714 = SURFACE_STYLE_FILL_AREA(#20715);
#20715 = FILL_AREA_STYLE('',(#20716));
#20716 = FILL_AREA_STYLE_COLOUR('',#18898);
#20717 = CURVE_STYLE('',#20718,POSITIVE_LENGTH_MEASURE(0.1),#18898);
#20718 = DRAUGHTING_PRE_DEFINED_CURVE_FONT('continuous');
#20719 = STYLED_ITEM('color',(#20720),#7640);
#20720 = PRESENTATION_STYLE_ASSIGNMENT((#20721,#20726));
#20721 = SURFACE_STYLE_USAGE(.BOTH.,#20722);
#20722 = SURFACE_SIDE_STYLE('',(#20723));
#20723 = SURFACE_STYLE_FILL_AREA(#20724);
#20724 = FILL_AREA_STYLE('',(#20725));
#20725 = FILL_AREA_STYLE_COLOUR('',#17724);
#20726 = CURVE_STYLE('',#20727,POSITIVE_LENGTH_MEASURE(0.1),#17724);
#20727 = DRAUGHTING_PRE_DEFINED_CURVE_FONT('continuous');
#20728 = OVER_RIDING_STYLED_ITEM('overriding color',(#20729),#7647,
  #20719);
#20729 = PRESENTATION_STYLE_ASSIGNMENT((#20730,#20735));
#20730 = SURFACE_STYLE_USAGE(.BOTH.,#20731);
#20731 = SURFACE_SIDE_STYLE('',(#20732));
#20732 = SURFACE_STYLE_FILL_AREA(#20733);
#20733 = FILL_AREA_STYLE('',(#20734));
#20734 = FILL_AREA_STYLE_COLOUR('',#18898);
#20735 = CURVE_STYLE('',#20736,POSITIVE_LENGTH_MEASURE(0.1),#18898);
#20736 = DRAUGHTING_PRE_DEFINED_CURVE_FONT('continuous');
#20737 = STYLED_ITEM('color',(#20738),#7657);
#20738 = PRESENTATION_STYLE_ASSIGNMENT((#20739,#20744));
#20739 = SURFACE_STYLE_USAGE(.BOTH.,#20740);
#20740 = SURFACE_SIDE_STYLE('',(#20741));
#20741 = SURFACE_STYLE_FILL_AREA(#20742);
#20742 = FILL_AREA_STYLE('',(#20743));
#20743 = FILL_AREA_STYLE_COLOUR('',#17724);
#20744 = CURVE_STYLE('',#20745,POSITIVE_LENGTH_MEASURE(0.1),#17724);
#20745 = DRAUGHTING_PRE_DEFINED_CURVE_FONT('continuous');
#20746 = OVER_RIDING_STYLED_ITEM('overriding color',(#20747),#7662,
  #20737);
#20747 = PRESENTATION_STYLE_ASSIGNMENT((#20748,#20753));
#20748 = SURFACE_STYLE_USAGE(.BOTH.,#20749);
#20749 = SURFACE_SIDE_STYLE('',(#20750));
#20750 = SURFACE_STYLE_FILL_AREA(#20751);
#20751 = FILL_AREA_STYLE('',(#20752));
#20752 = FILL_AREA_STYLE_COLOUR('',#18898);
#20753 = CURVE_STYLE('',#20754,POSITIVE_LENGTH_MEASURE(0.1),#18898);
#20754 = DRAUGHTING_PRE_DEFINED_CURVE_FONT('continuous');
#20755 = STYLED_ITEM('color',(#20756),#7674);
#20756 = PRESENTATION_STYLE_ASSIGNMENT((#20757,#20762));
#20757 = SURFACE_STYLE_USAGE(.BOTH.,#20758);
#20758 = SURFACE_SIDE_STYLE('',(#20759));
#20759 = SURFACE_STYLE_FILL_AREA(#20760);
#20760 = FILL_AREA_STYLE('',(#20761));
#20761 = FILL_AREA_STYLE_COLOUR('',#18898);
#20762 = CURVE_STYLE('',#20763,POSITIVE_LENGTH_MEASURE(0.1),#18898);
#20763 = DRAUGHTING_PRE_DEFINED_CURVE_FONT('continuous');
#20764 = STYLED_ITEM('color',(#20765),#7723);
#20765 = PRESENTATION_STYLE_ASSIGNMENT((#20766,#20771));
#20766 = SURFACE_STYLE_USAGE(.BOTH.,#20767);
#20767 = SURFACE_SIDE_STYLE('',(#20768));
#20768 = SURFACE_STYLE_FILL_AREA(#20769);
#20769 = FILL_AREA_STYLE('',(#20770));
#20770 = FILL_AREA_STYLE_COLOUR('',#18898);
#20771 = CURVE_STYLE('',#20772,POSITIVE_LENGTH_MEASURE(0.1),#18898);
#20772 = DRAUGHTING_PRE_DEFINED_CURVE_FONT('continuous');
#20773 = STYLED_ITEM('color',(#20774),#7747);
#20774 = PRESENTATION_STYLE_ASSIGNMENT((#20775,#20780));
#20775 = SURFACE_STYLE_USAGE(.BOTH.,#20776);
#20776 = SURFACE_SIDE_STYLE('',(#20777));
#20777 = SURFACE_STYLE_FILL_AREA(#20778);
#20778 = FILL_AREA_STYLE('',(#20779));
#20779 = FILL_AREA_STYLE_COLOUR('',#18898);
#20780 = CURVE_STYLE('',#20781,POSITIVE_LENGTH_MEASURE(0.1),#18898);
#20781 = DRAUGHTING_PRE_DEFINED_CURVE_FONT('continuous');
#20782 = STYLED_ITEM('color',(#20783),#7789);
#20783 = PRESENTATION_STYLE_ASSIGNMENT((#20784,#20789));
#20784 = SURFACE_STYLE_USAGE(.BOTH.,#20785);
#20785 = SURFACE_SIDE_STYLE('',(#20786));
#20786 = SURFACE_STYLE_FILL_AREA(#20787);
#20787 = FILL_AREA_STYLE('',(#20788));
#20788 = FILL_AREA_STYLE_COLOUR('',#18898);
#20789 = CURVE_STYLE('',#20790,POSITIVE_LENGTH_MEASURE(0.1),#18898);
#20790 = DRAUGHTING_PRE_DEFINED_CURVE_FONT('continuous');
#20791 = STYLED_ITEM('color',(#20792),#7806);
#20792 = PRESENTATION_STYLE_ASSIGNMENT((#20793,#20798));
#20793 = SURFACE_STYLE_USAGE(.BOTH.,#20794);
#20794 = SURFACE_SIDE_STYLE('',(#20795));
#20795 = SURFACE_STYLE_FILL_AREA(#20796);
#20796 = FILL_AREA_STYLE('',(#20797));
#20797 = FILL_AREA_STYLE_COLOUR('',#17724);
#20798 = CURVE_STYLE('',#20799,POSITIVE_LENGTH_MEASURE(0.1),#17724);
#20799 = DRAUGHTING_PRE_DEFINED_CURVE_FONT('continuous');
#20800 = OVER_RIDING_STYLED_ITEM('overriding color',(#20801),#7813,
  #20791);
#20801 = PRESENTATION_STYLE_ASSIGNMENT((#20802,#20807));
#20802 = SURFACE_STYLE_USAGE(.BOTH.,#20803);
#20803 = SURFACE_SIDE_STYLE('',(#20804));
#20804 = SURFACE_STYLE_FILL_AREA(#20805);
#20805 = FILL_AREA_STYLE('',(#20806));
#20806 = FILL_AREA_STYLE_COLOUR('',#18898);
#20807 = CURVE_STYLE('',#20808,POSITIVE_LENGTH_MEASURE(0.1),#18898);
#20808 = DRAUGHTING_PRE_DEFINED_CURVE_FONT('continuous');
#20809 = STYLED_ITEM('color',(#20810),#7823);
#20810 = PRESENTATION_STYLE_ASSIGNMENT((#20811,#20816));
#20811 = SURFACE_STYLE_USAGE(.BOTH.,#20812);
#20812 = SURFACE_SIDE_STYLE('',(#20813));
#20813 = SURFACE_STYLE_FILL_AREA(#20814);
#20814 = FILL_AREA_STYLE('',(#20815));
#20815 = FILL_AREA_STYLE_COLOUR('',#17724);
#20816 = CURVE_STYLE('',#20817,POSITIVE_LENGTH_MEASURE(0.1),#17724);
#20817 = DRAUGHTING_PRE_DEFINED_CURVE_FONT('continuous');
#20818 = OVER_RIDING_STYLED_ITEM('overriding color',(#20819),#7828,
  #20809);
#20819 = PRESENTATION_STYLE_ASSIGNMENT((#20820,#20825));
#20820 = SURFACE_STYLE_USAGE(.BOTH.,#20821);
#20821 = SURFACE_SIDE_STYLE('',(#20822));
#20822 = SURFACE_STYLE_FILL_AREA(#20823);
#20823 = FILL_AREA_STYLE('',(#20824));
#20824 = FILL_AREA_STYLE_COLOUR('',#18898);
#20825 = CURVE_STYLE('',#20826,POSITIVE_LENGTH_MEASURE(0.1),#18898);
#20826 = DRAUGHTING_PRE_DEFINED_CURVE_FONT('continuous');
#20827 = STYLED_ITEM('color',(#20828),#7840);
#20828 = PRESENTATION_STYLE_ASSIGNMENT((#20829,#20834));
#20829 = SURFACE_STYLE_USAGE(.BOTH.,#20830);
#20830 = SURFACE_SIDE_STYLE('',(#20831));
#20831 = SURFACE_STYLE_FILL_AREA(#20832);
#20832 = FILL_AREA_STYLE('',(#20833));
#20833 = FILL_AREA_STYLE_COLOUR('',#18898);
#20834 = CURVE_STYLE('',#20835,POSITIVE_LENGTH_MEASURE(0.1),#18898);
#20835 = DRAUGHTING_PRE_DEFINED_CURVE_FONT('continuous');
#20836 = STYLED_ITEM('color',(#20837),#7889);
#20837 = PRESENTATION_STYLE_ASSIGNMENT((#20838,#20843));
#20838 = SURFACE_STYLE_USAGE(.BOTH.,#20839);
#20839 = SURFACE_SIDE_STYLE('',(#20840));
#20840 = SURFACE_STYLE_FILL_AREA(#20841);
#20841 = FILL_AREA_STYLE('',(#20842));
#20842 = FILL_AREA_STYLE_COLOUR('',#18898);
#20843 = CURVE_STYLE('',#20844,POSITIVE_LENGTH_MEASURE(0.1),#18898);
#20844 = DRAUGHTING_PRE_DEFINED_CURVE_FONT('continuous');
#20845 = STYLED_ITEM('color',(#20846),#7913);
#20846 = PRESENTATION_STYLE_ASSIGNMENT((#20847,#20852));
#20847 = SURFACE_STYLE_USAGE(.BOTH.,#20848);
#20848 = SURFACE_SIDE_STYLE('',(#20849));
#20849 = SURFACE_STYLE_FILL_AREA(#20850);
#20850 = FILL_AREA_STYLE('',(#20851));
#20851 = FILL_AREA_STYLE_COLOUR('',#18898);
#20852 = CURVE_STYLE('',#20853,POSITIVE_LENGTH_MEASURE(0.1),#18898);
#20853 = DRAUGHTING_PRE_DEFINED_CURVE_FONT('continuous');
#20854 = STYLED_ITEM('color',(#20855),#7955);
#20855 = PRESENTATION_STYLE_ASSIGNMENT((#20856,#20861));
#20856 = SURFACE_STYLE_USAGE(.BOTH.,#20857);
#20857 = SURFACE_SIDE_STYLE('',(#20858));
#20858 = SURFACE_STYLE_FILL_AREA(#20859);
#20859 = FILL_AREA_STYLE('',(#20860));
#20860 = FILL_AREA_STYLE_COLOUR('',#18898);
#20861 = CURVE_STYLE('',#20862,POSITIVE_LENGTH_MEASURE(0.1),#18898);
#20862 = DRAUGHTING_PRE_DEFINED_CURVE_FONT('continuous');
#20863 = STYLED_ITEM('color',(#20864),#7972);
#20864 = PRESENTATION_STYLE_ASSIGNMENT((#20865,#20870));
#20865 = SURFACE_STYLE_USAGE(.BOTH.,#20866);
#20866 = SURFACE_SIDE_STYLE('',(#20867));
#20867 = SURFACE_STYLE_FILL_AREA(#20868);
#20868 = FILL_AREA_STYLE('',(#20869));
#20869 = FILL_AREA_STYLE_COLOUR('',#18898);
#20870 = CURVE_STYLE('',#20871,POSITIVE_LENGTH_MEASURE(0.1),#18898);
#20871 = DRAUGHTING_PRE_DEFINED_CURVE_FONT('continuous');
#20872 = STYLED_ITEM('color',(#20873),#7989);
#20873 = PRESENTATION_STYLE_ASSIGNMENT((#20874,#20879));
#20874 = SURFACE_STYLE_USAGE(.BOTH.,#20875);
#20875 = SURFACE_SIDE_STYLE('',(#20876));
#20876 = SURFACE_STYLE_FILL_AREA(#20877);
#20877 = FILL_AREA_STYLE('',(#20878));
#20878 = FILL_AREA_STYLE_COLOUR('',#18898);
#20879 = CURVE_STYLE('',#20880,POSITIVE_LENGTH_MEASURE(0.1),#18898);
#20880 = DRAUGHTING_PRE_DEFINED_CURVE_FONT('continuous');
#20881 = STYLED_ITEM('color',(#20882),#8006);
#20882 = PRESENTATION_STYLE_ASSIGNMENT((#20883,#20888));
#20883 = SURFACE_STYLE_USAGE(.BOTH.,#20884);
#20884 = SURFACE_SIDE_STYLE('',(#20885));
#20885 = SURFACE_STYLE_FILL_AREA(#20886);
#20886 = FILL_AREA_STYLE('',(#20887));
#20887 = FILL_AREA_STYLE_COLOUR('',#18898);
#20888 = CURVE_STYLE('',#20889,POSITIVE_LENGTH_MEASURE(0.1),#18898);
#20889 = DRAUGHTING_PRE_DEFINED_CURVE_FONT('continuous');
#20890 = STYLED_ITEM('color',(#20891),#8018);
#20891 = PRESENTATION_STYLE_ASSIGNMENT((#20892,#20897));
#20892 = SURFACE_STYLE_USAGE(.BOTH.,#20893);
#20893 = SURFACE_SIDE_STYLE('',(#20894));
#20894 = SURFACE_STYLE_FILL_AREA(#20895);
#20895 = FILL_AREA_STYLE('',(#20896));
#20896 = FILL_AREA_STYLE_COLOUR('',#18898);
#20897 = CURVE_STYLE('',#20898,POSITIVE_LENGTH_MEASURE(0.1),#18898);
#20898 = DRAUGHTING_PRE_DEFINED_CURVE_FONT('continuous');
#20899 = STYLED_ITEM('color',(#20900),#8035);
#20900 = PRESENTATION_STYLE_ASSIGNMENT((#20901,#20906));
#20901 = SURFACE_STYLE_USAGE(.BOTH.,#20902);
#20902 = SURFACE_SIDE_STYLE('',(#20903));
#20903 = SURFACE_STYLE_FILL_AREA(#20904);
#20904 = FILL_AREA_STYLE('',(#20905));
#20905 = FILL_AREA_STYLE_COLOUR('',#18898);
#20906 = CURVE_STYLE('',#20907,POSITIVE_LENGTH_MEASURE(0.1),#18898);
#20907 = DRAUGHTING_PRE_DEFINED_CURVE_FONT('continuous');
#20908 = STYLED_ITEM('color',(#20909),#8052);
#20909 = PRESENTATION_STYLE_ASSIGNMENT((#20910,#20915));
#20910 = SURFACE_STYLE_USAGE(.BOTH.,#20911);
#20911 = SURFACE_SIDE_STYLE('',(#20912));
#20912 = SURFACE_STYLE_FILL_AREA(#20913);
#20913 = FILL_AREA_STYLE('',(#20914));
#20914 = FILL_AREA_STYLE_COLOUR('',#18898);
#20915 = CURVE_STYLE('',#20916,POSITIVE_LENGTH_MEASURE(0.1),#18898);
#20916 = DRAUGHTING_PRE_DEFINED_CURVE_FONT('continuous');
#20917 = STYLED_ITEM('color',(#20918),#8064);
#20918 = PRESENTATION_STYLE_ASSIGNMENT((#20919,#20924));
#20919 = SURFACE_STYLE_USAGE(.BOTH.,#20920);
#20920 = SURFACE_SIDE_STYLE('',(#20921));
#20921 = SURFACE_STYLE_FILL_AREA(#20922);
#20922 = FILL_AREA_STYLE('',(#20923));
#20923 = FILL_AREA_STYLE_COLOUR('',#18898);
#20924 = CURVE_STYLE('',#20925,POSITIVE_LENGTH_MEASURE(0.1),#18898);
#20925 = DRAUGHTING_PRE_DEFINED_CURVE_FONT('continuous');
#20926 = STYLED_ITEM('color',(#20927),#8081);
#20927 = PRESENTATION_STYLE_ASSIGNMENT((#20928,#20933));
#20928 = SURFACE_STYLE_USAGE(.BOTH.,#20929);
#20929 = SURFACE_SIDE_STYLE('',(#20930));
#20930 = SURFACE_STYLE_FILL_AREA(#20931);
#20931 = FILL_AREA_STYLE('',(#20932));
#20932 = FILL_AREA_STYLE_COLOUR('',#18898);
#20933 = CURVE_STYLE('',#20934,POSITIVE_LENGTH_MEASURE(0.1),#18898);
#20934 = DRAUGHTING_PRE_DEFINED_CURVE_FONT('continuous');
#20935 = STYLED_ITEM('color',(#20936),#8098);
#20936 = PRESENTATION_STYLE_ASSIGNMENT((#20937,#20942));
#20937 = SURFACE_STYLE_USAGE(.BOTH.,#20938);
#20938 = SURFACE_SIDE_STYLE('',(#20939));
#20939 = SURFACE_STYLE_FILL_AREA(#20940);
#20940 = FILL_AREA_STYLE('',(#20941));
#20941 = FILL_AREA_STYLE_COLOUR('',#18898);
#20942 = CURVE_STYLE('',#20943,POSITIVE_LENGTH_MEASURE(0.1),#18898);
#20943 = DRAUGHTING_PRE_DEFINED_CURVE_FONT('continuous');
#20944 = STYLED_ITEM('color',(#20945),#8110);
#20945 = PRESENTATION_STYLE_ASSIGNMENT((#20946,#20951));
#20946 = SURFACE_STYLE_USAGE(.BOTH.,#20947);
#20947 = SURFACE_SIDE_STYLE('',(#20948));
#20948 = SURFACE_STYLE_FILL_AREA(#20949);
#20949 = FILL_AREA_STYLE('',(#20950));
#20950 = FILL_AREA_STYLE_COLOUR('',#18898);
#20951 = CURVE_STYLE('',#20952,POSITIVE_LENGTH_MEASURE(0.1),#18898);
#20952 = DRAUGHTING_PRE_DEFINED_CURVE_FONT('continuous');
#20953 = STYLED_ITEM('color',(#20954),#8127);
#20954 = PRESENTATION_STYLE_ASSIGNMENT((#20955,#20960));
#20955 = SURFACE_STYLE_USAGE(.BOTH.,#20956);
#20956 = SURFACE_SIDE_STYLE('',(#20957));
#20957 = SURFACE_STYLE_FILL_AREA(#20958);
#20958 = FILL_AREA_STYLE('',(#20959));
#20959 = FILL_AREA_STYLE_COLOUR('',#18898);
#20960 = CURVE_STYLE('',#20961,POSITIVE_LENGTH_MEASURE(0.1),#18898);
#20961 = DRAUGHTING_PRE_DEFINED_CURVE_FONT('continuous');
#20962 = STYLED_ITEM('color',(#20963),#8144);
#20963 = PRESENTATION_STYLE_ASSIGNMENT((#20964,#20969));
#20964 = SURFACE_STYLE_USAGE(.BOTH.,#20965);
#20965 = SURFACE_SIDE_STYLE('',(#20966));
#20966 = SURFACE_STYLE_FILL_AREA(#20967);
#20967 = FILL_AREA_STYLE('',(#20968));
#20968 = FILL_AREA_STYLE_COLOUR('',#18898);
#20969 = CURVE_STYLE('',#20970,POSITIVE_LENGTH_MEASURE(0.1),#18898);
#20970 = DRAUGHTING_PRE_DEFINED_CURVE_FONT('continuous');
#20971 = STYLED_ITEM('color',(#20972),#8156);
#20972 = PRESENTATION_STYLE_ASSIGNMENT((#20973,#20978));
#20973 = SURFACE_STYLE_USAGE(.BOTH.,#20974);
#20974 = SURFACE_SIDE_STYLE('',(#20975));
#20975 = SURFACE_STYLE_FILL_AREA(#20976);
#20976 = FILL_AREA_STYLE('',(#20977));
#20977 = FILL_AREA_STYLE_COLOUR('',#18898);
#20978 = CURVE_STYLE('',#20979,POSITIVE_LENGTH_MEASURE(0.1),#18898);
#20979 = DRAUGHTING_PRE_DEFINED_CURVE_FONT('continuous');
#20980 = STYLED_ITEM('color',(#20981),#8173);
#20981 = PRESENTATION_STYLE_ASSIGNMENT((#20982,#20987));
#20982 = SURFACE_STYLE_USAGE(.BOTH.,#20983);
#20983 = SURFACE_SIDE_STYLE('',(#20984));
#20984 = SURFACE_STYLE_FILL_AREA(#20985);
#20985 = FILL_AREA_STYLE('',(#20986));
#20986 = FILL_AREA_STYLE_COLOUR('',#18898);
#20987 = CURVE_STYLE('',#20988,POSITIVE_LENGTH_MEASURE(0.1),#18898);
#20988 = DRAUGHTING_PRE_DEFINED_CURVE_FONT('continuous');
#20989 = STYLED_ITEM('color',(#20990),#8190);
#20990 = PRESENTATION_STYLE_ASSIGNMENT((#20991,#20996));
#20991 = SURFACE_STYLE_USAGE(.BOTH.,#20992);
#20992 = SURFACE_SIDE_STYLE('',(#20993));
#20993 = SURFACE_STYLE_FILL_AREA(#20994);
#20994 = FILL_AREA_STYLE('',(#20995));
#20995 = FILL_AREA_STYLE_COLOUR('',#18898);
#20996 = CURVE_STYLE('',#20997,POSITIVE_LENGTH_MEASURE(0.1),#18898);
#20997 = DRAUGHTING_PRE_DEFINED_CURVE_FONT('continuous');
#20998 = STYLED_ITEM('color',(#20999),#8202);
#20999 = PRESENTATION_STYLE_ASSIGNMENT((#21000,#21005));
#21000 = SURFACE_STYLE_USAGE(.BOTH.,#21001);
#21001 = SURFACE_SIDE_STYLE('',(#21002));
#21002 = SURFACE_STYLE_FILL_AREA(#21003);
#21003 = FILL_AREA_STYLE('',(#21004));
#21004 = FILL_AREA_STYLE_COLOUR('',#18898);
#21005 = CURVE_STYLE('',#21006,POSITIVE_LENGTH_MEASURE(0.1),#18898);
#21006 = DRAUGHTING_PRE_DEFINED_CURVE_FONT('continuous');
#21007 = STYLED_ITEM('color',(#21008),#8219);
#21008 = PRESENTATION_STYLE_ASSIGNMENT((#21009,#21014));
#21009 = SURFACE_STYLE_USAGE(.BOTH.,#21010);
#21010 = SURFACE_SIDE_STYLE('',(#21011));
#21011 = SURFACE_STYLE_FILL_AREA(#21012);
#21012 = FILL_AREA_STYLE('',(#21013));
#21013 = FILL_AREA_STYLE_COLOUR('',#18898);
#21014 = CURVE_STYLE('',#21015,POSITIVE_LENGTH_MEASURE(0.1),#18898);
#21015 = DRAUGHTING_PRE_DEFINED_CURVE_FONT('continuous');
#21016 = STYLED_ITEM('color',(#21017),#8236);
#21017 = PRESENTATION_STYLE_ASSIGNMENT((#21018,#21023));
#21018 = SURFACE_STYLE_USAGE(.BOTH.,#21019);
#21019 = SURFACE_SIDE_STYLE('',(#21020));
#21020 = SURFACE_STYLE_FILL_AREA(#21021);
#21021 = FILL_AREA_STYLE('',(#21022));
#21022 = FILL_AREA_STYLE_COLOUR('',#18898);
#21023 = CURVE_STYLE('',#21024,POSITIVE_LENGTH_MEASURE(0.1),#18898);
#21024 = DRAUGHTING_PRE_DEFINED_CURVE_FONT('continuous');
#21025 = STYLED_ITEM('color',(#21026),#8248);
#21026 = PRESENTATION_STYLE_ASSIGNMENT((#21027,#21032));
#21027 = SURFACE_STYLE_USAGE(.BOTH.,#21028);
#21028 = SURFACE_SIDE_STYLE('',(#21029));
#21029 = SURFACE_STYLE_FILL_AREA(#21030);
#21030 = FILL_AREA_STYLE('',(#21031));
#21031 = FILL_AREA_STYLE_COLOUR('',#18898);
#21032 = CURVE_STYLE('',#21033,POSITIVE_LENGTH_MEASURE(0.1),#18898);
#21033 = DRAUGHTING_PRE_DEFINED_CURVE_FONT('continuous');
#21034 = STYLED_ITEM('color',(#21035),#8265);
#21035 = PRESENTATION_STYLE_ASSIGNMENT((#21036,#21041));
#21036 = SURFACE_STYLE_USAGE(.BOTH.,#21037);
#21037 = SURFACE_SIDE_STYLE('',(#21038));
#21038 = SURFACE_STYLE_FILL_AREA(#21039);
#21039 = FILL_AREA_STYLE('',(#21040));
#21040 = FILL_AREA_STYLE_COLOUR('',#18898);
#21041 = CURVE_STYLE('',#21042,POSITIVE_LENGTH_MEASURE(0.1),#18898);
#21042 = DRAUGHTING_PRE_DEFINED_CURVE_FONT('continuous');
#21043 = STYLED_ITEM('color',(#21044),#8282);
#21044 = PRESENTATION_STYLE_ASSIGNMENT((#21045,#21050));
#21045 = SURFACE_STYLE_USAGE(.BOTH.,#21046);
#21046 = SURFACE_SIDE_STYLE('',(#21047));
#21047 = SURFACE_STYLE_FILL_AREA(#21048);
#21048 = FILL_AREA_STYLE('',(#21049));
#21049 = FILL_AREA_STYLE_COLOUR('',#18898);
#21050 = CURVE_STYLE('',#21051,POSITIVE_LENGTH_MEASURE(0.1),#18898);
#21051 = DRAUGHTING_PRE_DEFINED_CURVE_FONT('continuous');
ENDSEC;
END-ISO-10303-21;
